Source,Sport,Player ID,Player Name,Position,Team,Stat Type,Line Score,Adjusted Odds,Implied Probability,Date,Start Time (CST),Status,League,Odds Type,Headshot URL,Data ID,Average Line,Average No-Vig Over %,Average No-Vig Under %,Percent Difference,Max No-Vig %,Bet Tag,Player Image,Game Start Time,Fav,Spread,O/U,Game Short Title,Scheduled At,Match Progress,Venue Name,Venue Type,Broadcasts,Max No-Vig % Price,True Price,Date,True Point Average Line,EST. Return Date,Injury Status,Comment,Starter,Opp,PrizePicks,Opportunities,Edge % Over,Edge % Under,Edge %,DvP Projection,DVP Rank,Opp +/-,DVP Bet,Average Projected,DVP Adjusted,Total Projection,PrizePicks Line,Callout Bet Tag
Underdog,MLB,,Francisco Lindor,SS,,Hits + Runs + RBIs,1.5,,,7/30/2026,7/30/2026,pre_game,MLB,standard,https://assets.underdogfantasy.com/player-images/mlb/20260407_15-98d3d7c1-16bb-490c-8e03-73567efdbabf.png,,1.5,45.78,54.22,,57.81,Over,https://www.freeiconspng.com/img/1934,,Yes,-1.40,8.5,Marlins @ Mets,2026-07-30T23:10:00Z,Thu 07:10pm,Citi Field,outdoor,,-137.00,-137,7/30/2026,1.3734,,,,No,,,3.5,39.89495916,60.11,39.89495916,1.37,,0,,1.37,,1.37,0,Push
Underdog,MLB,,Francisco Lindor,SS,,Home Runs,0.5,,,7/30/2026,7/30/2026,pre_game,MLB,standard,https://assets.underdogfantasy.com/player-images/mlb/20260407_15-98d3d7c1-16bb-490c-8e03-73567efdbabf.png,,0.5,17.77,82.23,-3.98,82.23,Under,https://www.freeiconspng.com/img/1934,,Yes,-1.40,8.5,Marlins @ Mets,2026-07-30T23:10:00Z,Thu 07:10pm,Citi Field,outdoor,,-463.00,-463,7/30/2026,0.1777,,,,No,,,3.5,28.74106705,71.26,28.74106705,0.18,,0,,0.18,,0.29,0.5,Push
Underdog,MLB,,Francisco Lindor,SS,,Hitter Fantasy Score,6.5,,,7/30/2026,7/30/2026,pre_game,MLB,standard,https://assets.underdogfantasy.com/player-images/mlb/20260407_15-98d3d7c1-16bb-490c-8e03-73567efdbabf.png,,,,,,,,,,,,,Marlins @ Mets,2026-07-30T23:10:00Z,7/30/2026,Citi Field,outdoor,,,,,,,,,No,,,3.5,,,,0.00,,0,,7.59,,5.05,2.5,Push
Underdog,MLB,,Francisco Lindor,SS,,Hits,0.5,,,7/30/2026,7/30/2026,pre_game,MLB,standard,https://assets.underdogfantasy.com/player-images/mlb/20260407_15-98d3d7c1-16bb-490c-8e03-73567efdbabf.png,,0.5,59.85,40.15,1.69,59.85,Over,https://www.freeiconspng.com/img/1934,,Yes,-1.40,8.5,Marlins @ Mets,2026-07-30T23:10:00Z,Thu 07:10pm,Citi Field,outdoor,,-149.00,-149,7/30/2026,0.5985,,,,No,,,3.5,42.2617315,57.74,42.2617315,0.60,,0,,0.6,,0.57,0.5,Good Bet
Underdog,MLB,,Francisco Lindor,SS,,Runs,0.5,,,7/30/2026,7/30/2026,pre_game,MLB,standard,https://assets.underdogfantasy.com/player-images/mlb/20260407_15-98d3d7c1-16bb-490c-8e03-73567efdbabf.png,,0.5,42.26,57.74,,57.81,Over,https://www.freeiconspng.com/img/1934,,Yes,-1.40,8.5,Marlins @ Mets,2026-07-30T23:10:00Z,Thu 07:10pm,Citi Field,outdoor,,-137.00,-137,7/30/2026,0.4226,,,,No,,,3.5,36.953649,63.05,36.953649,0.42,,0,,0.42,,0.45,0.5,Push
Underdog,MLB,,Francisco Lindor,SS,,RBIs,0.5,,,7/30/2026,7/30/2026,pre_game,MLB,standard,https://assets.underdogfantasy.com/player-images/mlb/20260407_15-98d3d7c1-16bb-490c-8e03-73567efdbabf.png,,0.5,31.51,68.49,-2.52,68.49,Under,https://www.freeiconspng.com/img/1934,,Yes,-1.40,8.5,Marlins @ Mets,2026-07-30T23:10:00Z,Thu 07:10pm,Citi Field,outdoor,,-217.00,-217,7/30/2026,0.3151,,,,No,,,3.5,33.47218133,66.53,33.47218133,0.32,,0,,0.32,,0.38,0.5,Push
Underdog,MLB,,Francisco Lindor,SS,,Singles,0.5,,,7/30/2026,7/30/2026,pre_game,MLB,standard,https://assets.underdogfantasy.com/player-images/mlb/20260407_15-98d3d7c1-16bb-490c-8e03-73567efdbabf.png,,0.5,40.32,59.68,-6.42,59.68,Under,https://www.freeiconspng.com/img/1934,,Yes,-1.40,8.5,Marlins @ Mets,2026-07-30T23:10:00Z,Thu 07:10pm,Citi Field,outdoor,,-148.00,-148,7/30/2026,0.4032,,,,No,,,3.5,36.33912377,63.66,36.33912377,0.40,,0,,0.4,,0.44,0.5,Push
Underdog,MLB,,Francisco Lindor,SS,,Batter Strikeouts,0.5,,,7/30/2026,7/30/2026,pre_game,MLB,standard,https://assets.underdogfantasy.com/player-images/mlb/20260407_15-98d3d7c1-16bb-490c-8e03-73567efdbabf.png,,0.5,64.29,35.71,-4.16,64.29,Over,https://www.freeiconspng.com/img/1934,,Yes,-1.40,8.5,Marlins @ Mets,2026-07-30T23:10:00Z,Thu 07:10pm,Citi Field,outdoor,,-180.00,-180,7/30/2026,0.6429,,,,No,,,3.5,47.42345089,52.58,47.42345089,0.64,,0,,0.64,,0.64,0,Great Bet
Underdog,MLB,,Francisco Lindor,SS,,Batter Walks,0.5,,,7/30/2026,7/30/2026,pre_game,MLB,standard,https://assets.underdogfantasy.com/player-images/mlb/20260407_15-98d3d7c1-16bb-490c-8e03-73567efdbabf.png,,0.5,37.53,62.47,-5.78,62.47,Under,https://www.freeiconspng.com/img/1934,,Yes,-1.40,8.5,Marlins @ Mets,2026-07-30T23:10:00Z,Thu 07:10pm,Citi Field,outdoor,,-166.00,-166,7/30/2026,0.3753,,,,No,,,3.5,31.29168771,68.71,31.29168771,0.38,,0,,0.38,,0.38,0,Push
Underdog,MLB,,Francisco Lindor,SS,,Stolen Bases,0.5,,,7/30/2026,7/30/2026,pre_game,MLB,standard,https://assets.underdogfantasy.com/player-images/mlb/20260407_15-98d3d7c1-16bb-490c-8e03-73567efdbabf.png,,0.5,18.83,81.17,-2.16,81.17,Under,https://www.freeiconspng.com/img/1934,,Yes,-1.40,8.5,Marlins @ Mets,2026-07-30T23:10:00Z,Thu 07:10pm,Citi Field,outdoor,,-431.00,-431,7/30/2026,0.1883,,,,No,,,3.5,29.11774033,70.88,29.11774033,0.19,,0,,0.19,,0.29,0.5,Push
Underdog,MLB,,Francisco Lindor,SS,,Doubles,0.5,,,7/30/2026,7/30/2026,pre_game,MLB,standard,https://assets.underdogfantasy.com/player-images/mlb/20260407_15-98d3d7c1-16bb-490c-8e03-73567efdbabf.png,,0.5,18.1,81.9,-6.2,81.9,Under,https://www.freeiconspng.com/img/1934,,Yes,-1.40,8.5,Marlins @ Mets,2026-07-30T23:10:00Z,Thu 07:10pm,Citi Field,outdoor,,-452.00,-452,7/30/2026,0.181,,,,No,,,3.5,28.85854734,71.14,28.85854734,0.18,,0,,0.18,,0.29,0.5,Push
Underdog,MLB,,Kyle Stowers,1B,,Hits + Runs + RBIs,1.5,,,7/30/2026,7/30/2026,pre_game,MLB,standard,https://assets.underdogfantasy.com/player-images/mlb/20260323_23-8b18ec16-c092-464c-b001-1b3028641eb6.png,,1.5,44.04,55.96,,57.81,Over,https://www.freeiconspng.com/img/1934,,Yes,-1.40,8.5,Marlins @ Mets,2026-07-30T23:10:00Z,Thu 07:10pm,Citi Field,outdoor,,-137.00,-137,7/30/2026,1.3212,,,,No,,,3.5,38.06691802,61.93,38.06691802,1.32,,0,,1.32,,1.32,0,Push
Underdog,MLB,,Kyle Stowers,1B,,Home Runs,0.5,,,7/30/2026,7/30/2026,pre_game,MLB,standard,https://assets.underdogfantasy.com/player-images/mlb/20260323_23-8b18ec16-c092-464c-b001-1b3028641eb6.png,,0.5,16.01,83.99,-0.77,83.99,Under,https://www.freeiconspng.com/img/1934,,Yes,-1.40,8.5,Marlins @ Mets,2026-07-30T23:10:00Z,Thu 07:10pm,Citi Field,outdoor,,-525.00,-525,7/30/2026,0.1601,,,,No,,,3.5,28.11122119,71.89,28.11122119,0.16,,0,,0.16,,0.27,0.5,Push
Underdog,MLB,,Kyle Stowers,1B,,Hitter Fantasy Score,5.5,,,7/30/2026,7/30/2026,pre_game,MLB,standard,https://assets.underdogfantasy.com/player-images/mlb/20260323_23-8b18ec16-c092-464c-b001-1b3028641eb6.png,,,,,,,,,,,,,Marlins @ Mets,2026-07-30T23:10:00Z,7/30/2026,Citi Field,outdoor,,,,,,,,,No,,,3.5,,,,0.00,,0,,8.16,,5.33,2.5,Push
Underdog,MLB,,Kyle Stowers,1B,,Hits,0.5,,,7/30/2026,7/30/2026,pre_game,MLB,standard,https://assets.underdogfantasy.com/player-images/mlb/20260323_23-8b18ec16-c092-464c-b001-1b3028641eb6.png,,0.5,56.2,43.8,-1.25,56.2,Over,https://www.freeiconspng.com/img/1934,,Yes,-1.40,8.5,Marlins @ Mets,2026-07-30T23:10:00Z,Thu 07:10pm,Citi Field,outdoor,,-128.00,-128,7/30/2026,0.562,,,,No,,,3.5,41.19833411,58.80,41.19833411,0.56,,0,,0.56,,0.54,0.5,Good Bet
Underdog,MLB,,Kyle Stowers,1B,,Runs,0.5,,,7/30/2026,7/30/2026,pre_game,MLB,standard,https://assets.underdogfantasy.com/player-images/mlb/20260323_23-8b18ec16-c092-464c-b001-1b3028641eb6.png,,0.5,38.7,61.3,-1.94,61.3,Under,https://www.freeiconspng.com/img/1934,,Yes,-1.40,8.5,Marlins @ Mets,2026-07-30T23:10:00Z,Thu 07:10pm,Citi Field,outdoor,,-158.00,-158,7/30/2026,0.387,,,,No,,,3.5,35.82137663,64.18,35.82137663,0.39,,0,,0.39,,0.42,0.5,Push
Underdog,MLB,,Kyle Stowers,1B,,RBIs,0.5,,,7/30/2026,7/30/2026,pre_game,MLB,standard,https://assets.underdogfantasy.com/player-images/mlb/20260323_23-8b18ec16-c092-464c-b001-1b3028641eb6.png,,0.5,32.2,67.8,-7.2,67.8,Under,https://www.freeiconspng.com/img/1934,,Yes,-1.40,8.5,Marlins @ Mets,2026-07-30T23:10:00Z,Thu 07:10pm,Citi Field,outdoor,,-211.00,-211,7/30/2026,0.322,,,,No,,,3.5,33.70130684,66.30,33.70130684,0.32,,0,,0.32,,0.38,0.5,Push
Underdog,MLB,,Kyle Stowers,1B,,Singles,0.5,,,7/30/2026,7/30/2026,pre_game,MLB,standard,https://assets.underdogfantasy.com/player-images/mlb/20260323_23-8b18ec16-c092-464c-b001-1b3028641eb6.png,,0.5,39.1,60.9,-5.77,60.9,Under,https://www.freeiconspng.com/img/1934,,Yes,-1.40,8.5,Marlins @ Mets,2026-07-30T23:10:00Z,Thu 07:10pm,Citi Field,outdoor,,-156.00,-156,7/30/2026,0.391,,,,No,,,3.5,35.9496056,64.05,35.9496056,0.39,,0,,0.39,,0.43,0.5,Push
Underdog,MLB,,Kyle Stowers,1B,,Batter Strikeouts,1.5,,,7/30/2026,7/30/2026,pre_game,MLB,standard,https://assets.underdogfantasy.com/player-images/mlb/20260323_23-8b18ec16-c092-464c-b001-1b3028641eb6.png,,1.5,51.46,48.54,,57.81,Over,https://www.freeiconspng.com/img/1934,,Yes,-1.40,8.5,Marlins @ Mets,2026-07-30T23:10:00Z,Thu 07:10pm,Citi Field,outdoor,,-137.00,-137,7/30/2026,1.5438,,,,No,,,3.5,45.67257239,54.33,45.67257239,1.54,,0,,1.54,,1.54,0,Great Bet
Underdog,MLB,,Kyle Stowers,1B,,Batter Walks,0.5,,,7/30/2026,7/30/2026,pre_game,MLB,standard,https://assets.underdogfantasy.com/player-images/mlb/20260323_23-8b18ec16-c092-464c-b001-1b3028641eb6.png,,0.5,39.34,60.66,-9.04,60.66,Under,https://www.freeiconspng.com/img/1934,,Yes,-1.40,8.5,Marlins @ Mets,2026-07-30T23:10:00Z,Thu 07:10pm,Citi Field,outdoor,,-154.00,-154,7/30/2026,0.3934,,,,No,,,3.5,32.52412099,67.48,32.52412099,0.39,,0,,0.39,,0.39,0,Push
Underdog,MLB,,Kyle Stowers,1B,,Doubles,0.5,,,7/30/2026,7/30/2026,pre_game,MLB,standard,https://assets.underdogfantasy.com/player-images/mlb/20260323_23-8b18ec16-c092-464c-b001-1b3028641eb6.png,,0.5,17.16,82.84,-5.67,82.84,Under,https://www.freeiconspng.com/img/1934,,Yes,-1.40,8.5,Marlins @ Mets,2026-07-30T23:10:00Z,Thu 07:10pm,Citi Field,outdoor,,-483.00,-483,7/30/2026,0.1716,,,,No,,,3.5,28.52339553,71.48,28.52339553,0.17,,0,,0.17,,0.28,0.5,Push
Underdog,MLB,,Bo Bichette,3B,,Hits + Runs + RBIs,1.5,,,7/30/2026,7/30/2026,pre_game,MLB,standard,https://assets.underdogfantasy.com/player-images/mlb/20260324_02-88344347-d02f-4bb0-ab54-81f26f13e5b1.png,,1.5,49.05,50.95,-6.86,50.95,Under,https://www.freeiconspng.com/img/1934,,Yes,-1.40,8.5,Marlins @ Mets,2026-07-30T23:10:00Z,Thu 07:10pm,Citi Field,outdoor,,-104.00,-104,7/30/2026,1.4715,,,,No,,,3.5,43.25909156,56.74,43.25909156,1.47,,0,,1.47,,1.47,0,Push
Underdog,MLB,,Bo Bichette,3B,,Home Runs,0.5,,,7/30/2026,7/30/2026,pre_game,MLB,standard,https://assets.underdogfantasy.com/player-images/mlb/20260324_02-88344347-d02f-4bb0-ab54-81f26f13e5b1.png,,0.5,12.22,87.78,-1.5,87.78,Under,https://www.freeiconspng.com/img/1934,,Yes,-1.40,8.5,Marlins @ Mets,2026-07-30T23:10:00Z,Thu 07:10pm,Citi Field,outdoor,,-718.00,-718,7/30/2026,0.1222,,,,No,,,3.5,26.73593919,73.26,26.73593919,0.12,,0,,0.12,,0.25,0.5,Push
Underdog,MLB,,Bo Bichette,3B,,Total Bases,1.5,,,7/30/2026,7/30/2026,pre_game,MLB,standard,https://assets.underdogfantasy.com/player-images/mlb/20260324_02-88344347-d02f-4bb0-ab54-81f26f13e5b1.png,,1.5,39.77,60.23,-4.06,60.23,Under,https://www.freeiconspng.com/img/1934,,Yes,-1.40,8.5,Marlins @ Mets,2026-07-30T23:10:00Z,Thu 07:10pm,Citi Field,outdoor,,-151.00,-151,7/30/2026,1.1931,,,,No,,,3.5,20.80293665,79.20,20.80293665,1.19,,0,,1.19,,0.96,0.5,Push
Underdog,MLB,,Bo Bichette,3B,,Hitter Fantasy Score,5.5,,,7/30/2026,7/30/2026,pre_game,MLB,standard,https://assets.underdogfantasy.com/player-images/mlb/20260324_02-88344347-d02f-4bb0-ab54-81f26f13e5b1.png,,,,,,,,,,,,,Marlins @ Mets,2026-07-30T23:10:00Z,7/30/2026,Citi Field,outdoor,,,,,,,,,No,,,3.5,,,,0.00,,0,,6.44,,4.47,2.5,Push
Underdog,MLB,,Bo Bichette,3B,,Hits,0.5,,,7/30/2026,7/30/2026,pre_game,MLB,standard,https://assets.underdogfantasy.com/player-images/mlb/20260324_02-88344347-d02f-4bb0-ab54-81f26f13e5b1.png,,0.5,65.61,34.39,-1.5,65.61,Over,https://www.freeiconspng.com/img/1934,,Yes,-1.40,8.5,Marlins @ Mets,2026-07-30T23:10:00Z,Thu 07:10pm,Citi Field,outdoor,,-191.00,-191,7/30/2026,0.6561,,,,No,,,3.5,43.90087664,56.10,43.90087664,0.66,,0,,0.66,,0.6,0.5,Good Bet
Underdog,MLB,,Bo Bichette,3B,,Runs,0.5,,,7/30/2026,7/30/2026,pre_game,MLB,standard,https://assets.underdogfantasy.com/player-images/mlb/20260324_02-88344347-d02f-4bb0-ab54-81f26f13e5b1.png,,0.5,36.16,63.84,-1.07,63.84,Under,https://www.freeiconspng.com/img/1934,,Yes,-1.40,8.5,Marlins @ Mets,2026-07-30T23:10:00Z,Thu 07:10pm,Citi Field,outdoor,,-177.00,7/6/1899,7/30/2026,0.3616,,,,No,,,3.5,35.00111044,65.00,35.00111044,0.36,,0,,0.36,,0.41,0.5,Push
Underdog,MLB,,Bo Bichette,3B,,RBIs,0.5,,,7/30/2026,7/30/2026,pre_game,MLB,standard,https://assets.underdogfantasy.com/player-images/mlb/20260324_02-88344347-d02f-4bb0-ab54-81f26f13e5b1.png,,0.5,31.92,68.08,-5.95,68.08,Under,https://www.freeiconspng.com/img/1934,,Yes,-1.40,8.5,Marlins @ Mets,2026-07-30T23:10:00Z,Thu 07:10pm,Citi Field,outdoor,,-213.00,-213,7/30/2026,0.3192,,,,No,,,3.5,33.60842367,66.39,33.60842367,0.32,,0,,0.32,,0.38,0.5,Push
Underdog,MLB,,Bo Bichette,3B,,Singles,0.5,,,7/30/2026,7/30/2026,pre_game,MLB,standard,https://assets.underdogfantasy.com/player-images/mlb/20260324_02-88344347-d02f-4bb0-ab54-81f26f13e5b1.png,,0.5,51.52,48.48,-9.33,51.52,Over,https://www.freeiconspng.com/img/1934,,Yes,-1.40,8.5,Marlins @ Mets,2026-07-30T23:10:00Z,Thu 07:10pm,Citi Field,outdoor,,-106.00,-106,7/30/2026,0.5152,,,,No,,,3.5,39.8061501,60.19,39.8061501,0.52,,0,,0.52,,0.51,0.5,Good Bet
Underdog,MLB,,Bo Bichette,3B,,Batter Strikeouts,0.5,,,7/30/2026,7/30/2026,pre_game,MLB,standard,https://assets.underdogfantasy.com/player-images/mlb/20260324_02-88344347-d02f-4bb0-ab54-81f26f13e5b1.png,,0.5,58.06,41.94,-3.48,58.06,Over,https://www.freeiconspng.com/img/1934,,Yes,-1.40,8.5,Marlins @ Mets,2026-07-30T23:10:00Z,Thu 07:10pm,Citi Field,outdoor,,-138.00,-138,7/30/2026,0.5806,,,,No,,,3.5,44.04374717,55.96,44.04374717,0.58,,0,,0.58,,0.58,0,Great Bet
Underdog,MLB,,Bo Bichette,3B,,Batter Walks,0.5,,,7/30/2026,7/30/2026,pre_game,MLB,standard,https://assets.underdogfantasy.com/player-images/mlb/20260324_02-88344347-d02f-4bb0-ab54-81f26f13e5b1.png,,0.5,26.29,73.71,-9.62,73.71,Under,https://www.freeiconspng.com/img/1934,,Yes,-1.40,8.5,Marlins @ Mets,2026-07-30T23:10:00Z,Thu 07:10pm,Citi Field,outdoor,,-280.00,-280,7/30/2026,0.2629,,,,No,,,3.5,23.11812247,76.88,23.11812247,0.26,,0,,0.26,,0.26,0,Push
Underdog,MLB,,Bo Bichette,3B,,Stolen Bases,0.5,,,7/30/2026,7/30/2026,pre_game,MLB,standard,https://assets.underdogfantasy.com/player-images/mlb/20260324_02-88344347-d02f-4bb0-ab54-81f26f13e5b1.png,,0.5,9.77,90.23,-1.51,90.23,Under,https://www.freeiconspng.com/img/1934,,Yes,-1.40,8.5,Marlins @ Mets,2026-07-30T23:10:00Z,Thu 07:10pm,Citi Field,outdoor,,-924.00,6/19/1897,7/30/2026,0.0977,,,,No,,,3.5,25.83293483,74.17,25.83293483,0.10,,0,,0.1,,0.23,0.5,Push
Underdog,MLB,,Bo Bichette,3B,,Doubles,0.5,,,7/30/2026,7/30/2026,pre_game,MLB,standard,https://assets.underdogfantasy.com/player-images/mlb/20260324_02-88344347-d02f-4bb0-ab54-81f26f13e5b1.png,,0.5,19.52,80.48,-5.44,80.48,Under,https://www.freeiconspng.com/img/1934,,Yes,-1.40,8.5,Marlins @ Mets,2026-07-30T23:10:00Z,Thu 07:10pm,Citi Field,outdoor,,-412.00,-412,7/30/2026,0.1952,,,,No,,,3.5,29.36186277,70.64,29.36186277,0.20,,0,,0.2,,0.3,0.5,Push
Underdog,MLB,,Marcus Semien,2B,,Hits + Runs + RBIs,0.5,,,7/30/2026,7/30/2026,pre_game,MLB,standard,https://assets.underdogfantasy.com/player-images/mlb/20260515_15-c2d72221-932c-4155-9121-eaa87cfed176.png,,0.5,58.96,41.04,-1.36,58.96,Over,https://www.freeiconspng.com/img/1934,,Yes,-1.40,8.5,Marlins @ Mets,2026-07-30T23:10:00Z,Thu 07:10pm,Citi Field,outdoor,,-144.00,-144,7/30/2026,0.5896,,,,No,,,3.5,44.545094,55.45,44.545094,0.59,,0,,0.59,,0.59,0,Great Bet
Underdog,MLB,,Marcus Semien,2B,,Home Runs,0.5,,,7/30/2026,7/30/2026,pre_game,MLB,standard,https://assets.underdogfantasy.com/player-images/mlb/20260515_15-c2d72221-932c-4155-9121-eaa87cfed176.png,,0.5,13.73,86.27,-1.44,86.27,Under,https://www.freeiconspng.com/img/1934,,Yes,-1.40,8.5,Marlins @ Mets,2026-07-30T23:10:00Z,Thu 07:10pm,Citi Field,outdoor,,-628.00,4/11/1898,7/30/2026,0.1373,,,,No,,,3.5,27.28699997,72.71,27.28699997,0.14,,0,,0.14,,0.26,0.5,Push
Underdog,MLB,,Marcus Semien,2B,,Hitter Fantasy Score,5.5,,,7/30/2026,7/30/2026,pre_game,MLB,standard,https://assets.underdogfantasy.com/player-images/mlb/20260515_15-c2d72221-932c-4155-9121-eaa87cfed176.png,,,,,,,,,,,,,Marlins @ Mets,2026-07-30T23:10:00Z,7/30/2026,Citi Field,outdoor,,,,,,,,,No,,,3.5,,,,0.00,,0,,6.44,,6.44,0,Push
Underdog,MLB,,Marcus Semien,2B,,Hits,0.5,,,7/30/2026,7/30/2026,pre_game,MLB,standard,https://assets.underdogfantasy.com/player-images/mlb/20260515_15-c2d72221-932c-4155-9121-eaa87cfed176.png,,0.5,52.88,47.12,-0.82,52.88,Over,https://www.freeiconspng.com/img/1934,,Yes,-1.40,8.5,Marlins @ Mets,2026-07-30T23:10:00Z,Thu 07:10pm,Citi Field,outdoor,,-112.00,-112,7/30/2026,0.5288,,,,No,,,3.5,40.21407975,59.79,40.21407975,0.53,,0,,0.53,,0.52,0.5,Good Bet
Underdog,MLB,,Marcus Semien,2B,,Runs,0.5,,,7/30/2026,7/30/2026,pre_game,MLB,standard,https://assets.underdogfantasy.com/player-images/mlb/20260515_15-c2d72221-932c-4155-9121-eaa87cfed176.png,,0.5,34.45,65.55,-1.56,65.55,Under,https://www.freeiconspng.com/img/1934,,Yes,-1.40,8.5,Marlins @ Mets,2026-07-30T23:10:00Z,Thu 07:10pm,Citi Field,outdoor,,-190.00,-190,7/30/2026,0.3445,,,,No,,,3.5,34.44298736,65.56,34.44298736,0.34,,0,,0.34,,0.4,0.5,Push
Underdog,MLB,,Marcus Semien,2B,,RBIs,0.5,,,7/30/2026,7/30/2026,pre_game,MLB,standard,https://assets.underdogfantasy.com/player-images/mlb/20260515_15-c2d72221-932c-4155-9121-eaa87cfed176.png,,0.5,27.44,72.56,-6.39,72.56,Under,https://www.freeiconspng.com/img/1934,,Yes,-1.40,8.5,Marlins @ Mets,2026-07-30T23:10:00Z,Thu 07:10pm,Citi Field,outdoor,,-264.00,-264,7/30/2026,0.2744,,,,No,,,3.5,32.10447097,67.90,32.10447097,0.27,,0,,0.27,,0.35,0.5,Push
Underdog,MLB,,Marcus Semien,2B,,Singles,0.5,,,7/30/2026,7/30/2026,pre_game,MLB,standard,https://assets.underdogfantasy.com/player-images/mlb/20260515_15-c2d72221-932c-4155-9121-eaa87cfed176.png,,0.5,36.92,63.08,-6.62,63.08,Under,https://www.freeiconspng.com/img/1934,,Yes,-1.40,8.5,Marlins @ Mets,2026-07-30T23:10:00Z,Thu 07:10pm,Citi Field,outdoor,,-171.00,-171,7/30/2026,0.3692,,,,No,,,3.5,35.24763753,64.75,35.24763753,0.37,,0,,0.37,,0.41,0.5,Push
Underdog,MLB,,Marcus Semien,2B,,Batter Strikeouts,0.5,,,7/30/2026,7/30/2026,pre_game,MLB,standard,https://assets.underdogfantasy.com/player-images/mlb/20260515_15-c2d72221-932c-4155-9121-eaa87cfed176.png,,0.5,62.26,37.74,-3.73,62.26,Over,https://www.freeiconspng.com/img/1934,,Yes,-1.40,8.5,Marlins @ Mets,2026-07-30T23:10:00Z,Thu 07:10pm,Citi Field,outdoor,,-165.00,-165,7/30/2026,0.6226,,,,No,,,3.5,46.34524013,53.65,46.34524013,0.62,,0,,0.62,,0.62,0,Great Bet
Underdog,MLB,,Marcus Semien,2B,,Batter Walks,0.5,,,7/30/2026,7/30/2026,pre_game,MLB,standard,https://assets.underdogfantasy.com/player-images/mlb/20260515_15-c2d72221-932c-4155-9121-eaa87cfed176.png,,0.5,28.2,71.8,-8.2,71.8,Under,https://www.freeiconspng.com/img/1934,,Yes,-1.40,8.5,Marlins @ Mets,2026-07-30T23:10:00Z,Thu 07:10pm,Citi Field,outdoor,,-255.00,-255,7/30/2026,0.282,,,,No,,,3.5,24.57263155,75.43,24.57263155,0.28,,0,,0.28,,0.28,0,Push
Underdog,MLB,,Marcus Semien,2B,,Stolen Bases,0.5,,,7/30/2026,7/30/2026,pre_game,MLB,standard,https://assets.underdogfantasy.com/player-images/mlb/20260515_15-c2d72221-932c-4155-9121-eaa87cfed176.png,,0.5,14.7,85.3,-0.91,85.3,Under,https://www.freeiconspng.com/img/1934,,Yes,-1.40,8.5,Marlins @ Mets,2026-07-30T23:10:00Z,Thu 07:10pm,Citi Field,outdoor,,-580.00,-580,7/30/2026,0.147,,,,No,,,3.5,27.63880421,72.36,27.63880421,0.15,,0,,0.15,,0.26,0.5,Push
Underdog,MLB,,Marcus Semien,2B,,Doubles,0.5,,,7/30/2026,7/30/2026,pre_game,MLB,standard,https://assets.underdogfantasy.com/player-images/mlb/20260515_15-c2d72221-932c-4155-9121-eaa87cfed176.png,,0.5,15.37,84.63,-5.17,84.63,Under,https://www.freeiconspng.com/img/1934,,Yes,-1.40,8.5,Marlins @ Mets,2026-07-30T23:10:00Z,Thu 07:10pm,Citi Field,outdoor,,-551.00,-551,7/30/2026,0.1537,,,,No,,,3.5,27.88080863,72.12,27.88080863,0.15,,0,,0.15,,0.27,0.5,Push
Underdog,MLB,,Xavier Edwards,2B,,Hits + Runs + RBIs,1.5,,,7/30/2026,7/30/2026,pre_game,MLB,standard,https://assets.underdogfantasy.com/player-images/mlb/20260323_23-2c927c42-8b7c-430a-94c5-23eccc40effa.png,,1.5,44.89,55.11,,57.81,Over,https://www.freeiconspng.com/img/1934,,Yes,-1.40,8.5,Marlins @ Mets,2026-07-30T23:10:00Z,Thu 07:10pm,Citi Field,outdoor,,-137.00,-137,7/30/2026,1.3467,,,,No,,,3.5,38.96299791,61.04,38.96299791,1.35,,0,,1.35,,1.35,0,Push
Underdog,MLB,,Xavier Edwards,2B,,Home Runs,0.5,,,7/30/2026,7/30/2026,pre_game,MLB,standard,https://assets.underdogfantasy.com/player-images/mlb/20260323_23-2c927c42-8b7c-430a-94c5-23eccc40effa.png,,0.5,6.71,93.29,,7.69,Over,https://www.freeiconspng.com/img/1934,,Yes,-1.40,8.5,Marlins @ Mets,2026-07-30T23:10:00Z,Thu 07:10pm,Citi Field,outdoor,,"1,200.00",4/14/1903,7/30/2026,0.0671,,,,No,,,3.5,24.68945341,75.31,24.68945341,0.07,,0,,0.07,,0.21,0.5,Push
Underdog,MLB,,Xavier Edwards,2B,,Hitter Fantasy Score,5.5,,,7/30/2026,7/30/2026,pre_game,MLB,standard,https://assets.underdogfantasy.com/player-images/mlb/20260323_23-2c927c42-8b7c-430a-94c5-23eccc40effa.png,,,,,,,,,,,,,Marlins @ Mets,2026-07-30T23:10:00Z,7/30/2026,Citi Field,outdoor,,,,,,,,,No,,,3.5,,,,0.00,,0,,7.98,,5.24,2.5,Push
Underdog,MLB,,Xavier Edwards,2B,,Hits,0.5,,,7/30/2026,7/30/2026,pre_game,MLB,standard,https://assets.underdogfantasy.com/player-images/mlb/20260323_23-2c927c42-8b7c-430a-94c5-23eccc40effa.png,,0.5,63.3,36.7,-3.91,63.3,Over,https://www.freeiconspng.com/img/1934,,Yes,-1.40,8.5,Marlins @ Mets,2026-07-30T23:10:00Z,Thu 07:10pm,Citi Field,outdoor,,-172.00,7/11/1899,7/30/2026,0.633,,,,No,,,3.5,43.24917544,56.75,43.24917544,0.63,,0,,0.63,,0.59,0.5,Good Bet
Underdog,MLB,,Xavier Edwards,2B,,Runs,0.5,,,7/30/2026,7/30/2026,pre_game,MLB,standard,https://assets.underdogfantasy.com/player-images/mlb/20260323_23-2c927c42-8b7c-430a-94c5-23eccc40effa.png,,0.5,37.49,62.51,-0.04,62.51,Under,https://www.freeiconspng.com/img/1934,,Yes,-1.40,8.5,Marlins @ Mets,2026-07-30T23:10:00Z,Thu 07:10pm,Citi Field,outdoor,,-167.00,7/16/1899,7/30/2026,0.3749,,,,No,,,3.5,35.43191903,64.57,35.43191903,0.37,,0,,0.37,,0.42,0.5,Push
Underdog,MLB,,Xavier Edwards,2B,,RBIs,0.5,,,7/30/2026,7/30/2026,pre_game,MLB,standard,https://assets.underdogfantasy.com/player-images/mlb/20260323_23-2c927c42-8b7c-430a-94c5-23eccc40effa.png,,0.5,24.13,75.87,-6.11,75.87,Under,https://www.freeiconspng.com/img/1934,,Yes,-1.40,8.5,Marlins @ Mets,2026-07-30T23:10:00Z,Thu 07:10pm,Citi Field,outdoor,,-314.00,-314,7/30/2026,0.2413,,,,No,,,3.5,30.97145008,69.03,30.97145008,0.24,,0,,0.24,,0.33,0.5,Push
Underdog,MLB,,Xavier Edwards,2B,,Singles,0.5,,,7/30/2026,7/30/2026,pre_game,MLB,standard,https://assets.underdogfantasy.com/player-images/mlb/20260323_23-2c927c42-8b7c-430a-94c5-23eccc40effa.png,,0.5,52.08,47.92,-9.89,52.08,Over,https://www.freeiconspng.com/img/1934,,Yes,-1.40,8.5,Marlins @ Mets,2026-07-30T23:10:00Z,Thu 07:10pm,Citi Field,outdoor,,-109.00,-109,7/30/2026,0.5208,,,,No,,,3.5,39.97445714,60.03,39.97445714,0.52,,0,,0.52,,0.51,0.5,Good Bet
Underdog,MLB,,Xavier Edwards,2B,,Batter Strikeouts,0.5,,,7/30/2026,7/30/2026,pre_game,MLB,standard,https://assets.underdogfantasy.com/player-images/mlb/20260323_23-2c927c42-8b7c-430a-94c5-23eccc40effa.png,,0.5,60.87,39.13,-3.67,60.87,Over,https://www.freeiconspng.com/img/1934,,Yes,-1.40,8.5,Marlins @ Mets,2026-07-30T23:10:00Z,Thu 07:10pm,Citi Field,outdoor,,-156.00,-156,7/30/2026,0.6087,,,,No,,,3.5,45.59423155,54.41,45.59423155,0.61,,0,,0.61,,0.61,0,Great Bet
Underdog,MLB,,Xavier Edwards,2B,,Batter Walks,0.5,,,7/30/2026,7/30/2026,pre_game,MLB,standard,https://assets.underdogfantasy.com/player-images/mlb/20260323_23-2c927c42-8b7c-430a-94c5-23eccc40effa.png,,0.5,37.05,62.95,-4.79,62.95,Under,https://www.freeiconspng.com/img/1934,,Yes,-1.40,8.5,Marlins @ Mets,2026-07-30T23:10:00Z,Thu 07:10pm,Citi Field,outdoor,,-170.00,-170,7/30/2026,0.3705,,,,No,,,3.5,30.96109502,69.04,30.96109502,0.37,,0,,0.37,,0.37,0,Push
Underdog,MLB,,Xavier Edwards,2B,,Stolen Bases,0.5,,,7/30/2026,7/30/2026,pre_game,MLB,standard,https://assets.underdogfantasy.com/player-images/mlb/20260323_23-2c927c42-8b7c-430a-94c5-23eccc40effa.png,,0.5,19.88,80.12,-1.19,80.12,Under,https://www.freeiconspng.com/img/1934,,Yes,-1.40,8.5,Marlins @ Mets,2026-07-30T23:10:00Z,Thu 07:10pm,Citi Field,outdoor,,-403.00,11/22/1898,7/30/2026,0.1988,,,,No,,,3.5,29.48889706,70.51,29.48889706,0.20,,0,,0.2,,0.3,0.5,Push
Underdog,MLB,,Xavier Edwards,2B,,Doubles,0.5,,,7/30/2026,7/30/2026,pre_game,MLB,standard,https://assets.underdogfantasy.com/player-images/mlb/20260323_23-2c927c42-8b7c-430a-94c5-23eccc40effa.png,,0.5,16.84,83.16,,19.61,Over,https://www.freeiconspng.com/img/1934,,Yes,-1.40,8.5,Marlins @ Mets,2026-07-30T23:10:00Z,Thu 07:10pm,Citi Field,outdoor,,410.00,2/13/1901,7/30/2026,0.1684,,,,No,,,3.5,28.40894142,71.59,28.40894142,0.17,,0,,0.17,,0.28,0.5,Push
Underdog,MLB,,Eury Pérez,SP,,Strikeouts,5.5,,,7/30/2026,7/30/2026,pre_game,MLB,standard,https://assets.underdogfantasy.com/player-images/mlb/20260328_05-794bad62-b271-4539-a6da-f25a7f2222b9.png,,,,,,,,,,,,,Marlins @ Mets,2026-07-30T23:10:00Z,7/30/2026,Citi Field,outdoor,,,,,,,,,No,@NYM,32.31,5.81,,,,0.00,29,0.0796,over,0,0.079597,0,0,Push
Underdog,MLB,,Jorge Polanco,DH,,Hits + Runs + RBIs,0.5,,,7/30/2026,7/30/2026,pre_game,MLB,standard,https://assets.underdogfantasy.com/player-images/mlb/20260323_23-079a9121-7c29-4cec-96f7-70d61e6b7d51.png,,0.5,56.03,43.97,-0.87,56.03,Over,https://www.freeiconspng.com/img/1934,,Yes,-1.40,8.5,Marlins @ Mets,2026-07-30T23:10:00Z,Thu 07:10pm,Citi Field,outdoor,,-127.00,8/25/1899,7/30/2026,0.5603,,,,No,,,3.5,42.89622732,57.10,42.89622732,0.56,,0,,0.56,,0.56,0,Great Bet
Underdog,MLB,,Jorge Polanco,DH,,Home Runs,0.5,,,7/30/2026,7/30/2026,pre_game,MLB,standard,https://assets.underdogfantasy.com/player-images/mlb/20260323_23-079a9121-7c29-4cec-96f7-70d61e6b7d51.png,,0.5,12.87,87.13,-2.15,87.13,Under,https://www.freeiconspng.com/img/1934,,Yes,-1.40,8.5,Marlins @ Mets,2026-07-30T23:10:00Z,Thu 07:10pm,Citi Field,outdoor,,-677.00,2/21/1898,7/30/2026,0.1287,,,,No,,,3.5,26.97366088,73.03,26.97366088,0.13,,0,,0.13,,0.25,0.5,Push
Underdog,MLB,,Eury Pérez,SP,,Pitcher Fantasy Score,33.5,,,7/30/2026,7/30/2026,pre_game,MLB,standard,https://assets.underdogfantasy.com/player-images/mlb/20260328_05-794bad62-b271-4539-a6da-f25a7f2222b9.png,,,,,,,,,,,,,Marlins @ Mets,2026-07-30T23:10:00Z,7/30/2026,Citi Field,outdoor,,,,,32.31,,,,No,@NYM,32.31,5.81,49.1119403,50.89,50.8880597,32.31,24,-35.52873,under,31.08,-3.218731,28.96,23.5,Push
Underdog,MLB,,Eury Pérez,SP,,Pitching Outs,17.5,,,7/30/2026,7/30/2026,pre_game,MLB,standard,https://assets.underdogfantasy.com/player-images/mlb/20260328_05-794bad62-b271-4539-a6da-f25a7f2222b9.png,,,,,,,,,,,,,Marlins @ Mets,2026-07-30T23:10:00Z,7/30/2026,Citi Field,outdoor,,,,,,,,,No,@NYM,32.31,5.81,,,,0.00,24,-35.52873,under,0,-35.528731,17.5,17.5,Push
Underdog,MLB,,Eury Pérez,SP,,Hits Allowed,4.5,,,7/30/2026,7/30/2026,pre_game,MLB,standard,https://assets.underdogfantasy.com/player-images/mlb/20260328_05-794bad62-b271-4539-a6da-f25a7f2222b9.png,,,,,,,,,,,,,Marlins @ Mets,2026-07-30T23:10:00Z,7/30/2026,Citi Field,outdoor,,,,,,,,,No,@NYM,32.31,5.81,,,,0.00,18,0.86859,over,0,0.868595,2.5,2.5,Push
Underdog,MLB,,Eury Pérez,SP,,Earned Runs Allowed,1.5,,,7/30/2026,7/30/2026,pre_game,MLB,standard,https://assets.underdogfantasy.com/player-images/mlb/20260328_05-794bad62-b271-4539-a6da-f25a7f2222b9.png,,,,,,,,,,,,,Marlins @ Mets,2026-07-30T23:10:00Z,7/30/2026,Citi Field,outdoor,,,,,,,,,No,@NYM,32.31,5.81,,,,0.00,7,11.9227,over,0,11.922701,6.21,0.5,Push
Underdog,MLB,,Eury Pérez,SP,,Walks Allowed,1.5,,,7/30/2026,7/30/2026,pre_game,MLB,standard,https://assets.underdogfantasy.com/player-images/mlb/20260328_05-794bad62-b271-4539-a6da-f25a7f2222b9.png,,,,,,,,,,,,,Marlins @ Mets,2026-07-30T23:10:00Z,7/30/2026,Citi Field,outdoor,,,,,,,,,No,@NYM,32.31,5.81,,,,0.00,21,0.78144,over,0,0.781445,0.64,0.5,Push
Underdog,MLB,,Jorge Polanco,DH,,Hits,0.5,,,7/30/2026,7/30/2026,pre_game,MLB,standard,https://assets.underdogfantasy.com/player-images/mlb/20260323_23-079a9121-7c29-4cec-96f7-70d61e6b7d51.png,,0.5,50.19,49.81,,57.81,Over,https://www.freeiconspng.com/img/1934,,Yes,-1.40,8.5,Marlins @ Mets,2026-07-30T23:10:00Z,Thu 07:10pm,Citi Field,outdoor,,-137.00,-137,7/30/2026,0.5019,,,,No,,,3.5,39.40452708,60.60,39.40452708,0.50,,0,,0.5,,0.5,0.5,Good Bet
Underdog,MLB,,Jorge Polanco,DH,,Runs,0.5,,,7/30/2026,7/30/2026,pre_game,MLB,standard,https://assets.underdogfantasy.com/player-images/mlb/20260323_23-079a9121-7c29-4cec-96f7-70d61e6b7d51.png,,0.5,34.21,65.79,-1.74,65.79,Under,https://www.freeiconspng.com/img/1934,,Yes,-1.40,8.5,Marlins @ Mets,2026-07-30T23:10:00Z,Thu 07:10pm,Citi Field,outdoor,,-192.00,6/21/1899,7/30/2026,0.3421,,,,No,,,3.5,34.36427173,65.64,34.36427173,0.34,,0,,0.34,,0.39,0.5,Push
Underdog,MLB,,Jorge Polanco,DH,,RBIs,0.5,,,7/30/2026,7/30/2026,pre_game,MLB,standard,https://assets.underdogfantasy.com/player-images/mlb/20260323_23-079a9121-7c29-4cec-96f7-70d61e6b7d51.png,,0.5,25.49,74.51,-4.66,74.51,Under,https://www.freeiconspng.com/img/1934,,Yes,-1.40,8.5,Marlins @ Mets,2026-07-30T23:10:00Z,Thu 07:10pm,Citi Field,outdoor,,-292.00,-292,7/30/2026,0.2549,,,,No,,,3.5,31.43925189,68.56,31.43925189,0.25,,0,,0.25,,0.34,0.5,Push
Underdog,MLB,,Jorge Polanco,DH,,Singles,0.5,,,7/30/2026,7/30/2026,pre_game,MLB,standard,https://assets.underdogfantasy.com/player-images/mlb/20260323_23-079a9121-7c29-4cec-96f7-70d61e6b7d51.png,,0.5,34.45,65.55,-5.04,65.55,Under,https://www.freeiconspng.com/img/1934,,Yes,-1.40,8.5,Marlins @ Mets,2026-07-30T23:10:00Z,Thu 07:10pm,Citi Field,outdoor,,-190.00,6/23/1899,7/30/2026,0.3445,,,,No,,,3.5,34.44298736,65.56,34.44298736,0.34,,0,,0.34,,0.4,0.5,Push
Underdog,MLB,,Jorge Polanco,DH,,Batter Strikeouts,0.5,,,7/30/2026,7/30/2026,pre_game,MLB,standard,https://assets.underdogfantasy.com/player-images/mlb/20260323_23-079a9121-7c29-4cec-96f7-70d61e6b7d51.png,,0.5,58.67,41.33,-3.88,58.67,Over,https://www.freeiconspng.com/img/1934,,Yes,-1.40,8.5,Marlins @ Mets,2026-07-30T23:10:00Z,Thu 07:10pm,Citi Field,outdoor,,-142.00,-142,7/30/2026,0.5867,,,,No,,,3.5,44.38404136,55.62,44.38404136,0.59,,0,,0.59,,0.59,0,Great Bet
Underdog,MLB,,Jorge Polanco,DH,,Batter Walks,0.5,,,7/30/2026,7/30/2026,pre_game,MLB,standard,https://assets.underdogfantasy.com/player-images/mlb/20260323_23-079a9121-7c29-4cec-96f7-70d61e6b7d51.png,,0.5,32.12,67.88,-2.71,67.88,Under,https://www.freeiconspng.com/img/1934,,Yes,-1.40,8.5,Marlins @ Mets,2026-07-30T23:10:00Z,Thu 07:10pm,Citi Field,outdoor,,-211.00,6/2/1899,7/30/2026,0.3212,,,,No,,,3.5,27.47218192,72.53,27.47218192,0.32,,0,,0.32,,0.32,0,Push
Underdog,MLB,,Jorge Polanco,DH,,Stolen Bases,0.5,,,7/30/2026,7/30/2026,pre_game,MLB,standard,https://assets.underdogfantasy.com/player-images/mlb/20260323_23-079a9121-7c29-4cec-96f7-70d61e6b7d51.png,,0.5,8.61,91.39,-2.07,91.39,Under,https://www.freeiconspng.com/img/1934,,Yes,-1.40,8.5,Marlins @ Mets,2026-07-30T23:10:00Z,Thu 07:10pm,Citi Field,outdoor,,"-1,061.00",2/2/1897,7/30/2026,0.0861,,,,No,,,3.5,25.40151595,74.60,25.40151595,0.09,,0,,0.09,,0.22,0.5,Push
Underdog,MLB,,Eury Pérez,SP,,1st Inn. Strikeouts,1.5,,,7/30/2026,7/30/2026,pre_game,MLB,standard,https://assets.underdogfantasy.com/player-images/mlb/20260328_05-794bad62-b271-4539-a6da-f25a7f2222b9.png,,,,,,,,,,,,,Marlins @ Mets,2026-07-30T23:10:00Z,7/30/2026,Citi Field,outdoor,,,,,,,,,No,@NYM,32.31,5.81,,,,0.00,29,0.0796,over,0,0.079597,0,0,Push
Underdog,MLB,,Eury Pérez,SP,,1st Inn. Runs Allowed,0.5,,,7/30/2026,7/30/2026,pre_game,MLB,standard,https://assets.underdogfantasy.com/player-images/mlb/20260328_05-794bad62-b271-4539-a6da-f25a7f2222b9.png,,,,,,,,,,,,,Marlins @ Mets,2026-07-30T23:10:00Z,7/30/2026,Citi Field,outdoor,,,,,,,,,No,@NYM,32.31,5.81,,,,0.00,24,-35.52873,under,0,-35.528731,0,0,Push
Underdog,MLB,,Eury Pérez,SP,,1st Inn. Pitch Count,19.5,,,7/30/2026,7/30/2026,pre_game,MLB,standard,https://assets.underdogfantasy.com/player-images/mlb/20260328_05-794bad62-b271-4539-a6da-f25a7f2222b9.png,,,,,,,,,,,,,Marlins @ Mets,2026-07-30T23:10:00Z,7/30/2026,Citi Field,outdoor,,,,,,,,,No,@NYM,32.31,5.81,,,,0.00,24,-35.52873,under,0,-35.528731,0,0,Push
Underdog,MLB,,Eury Pérez,SP,,1st Inn. Batters Faced,3.5,,,7/30/2026,7/30/2026,pre_game,MLB,standard,https://assets.underdogfantasy.com/player-images/mlb/20260328_05-794bad62-b271-4539-a6da-f25a7f2222b9.png,,,,,,,,,,,,,Marlins @ Mets,2026-07-30T23:10:00Z,7/30/2026,Citi Field,outdoor,,,,,,,,,No,@NYM,32.31,5.81,,,,0.00,7,11.9227,over,0,11.922701,11.92,0,Push
Underdog,MLB,,Eury Pérez,SP,,1st Inn. Hits Allowed,0.5,,,7/30/2026,7/30/2026,pre_game,MLB,standard,https://assets.underdogfantasy.com/player-images/mlb/20260328_05-794bad62-b271-4539-a6da-f25a7f2222b9.png,,,,,,,,,,,,,Marlins @ Mets,2026-07-30T23:10:00Z,7/30/2026,Citi Field,outdoor,,,,,,,,,No,@NYM,32.31,5.81,,,,0.00,18,0.86859,over,0,0.868595,0.87,0,Push
Underdog,MLB,,Jorge Polanco,DH,,Doubles,0.5,,,7/30/2026,7/30/2026,pre_game,MLB,standard,https://assets.underdogfantasy.com/player-images/mlb/20260323_23-079a9121-7c29-4cec-96f7-70d61e6b7d51.png,,0.5,14.99,85.01,-5.28,85.01,Under,https://www.freeiconspng.com/img/1934,,Yes,-1.40,8.5,Marlins @ Mets,2026-07-30T23:10:00Z,Thu 07:10pm,Citi Field,outdoor,,-567.00,-567,7/30/2026,0.1499,,,,No,,,3.5,27.74365191,72.26,27.74365191,0.15,,0,,0.15,,0.27,0.5,Push
Underdog,MLB,,Otto Lopez,SS,,Hits + Runs + RBIs,1.5,,,7/30/2026,7/30/2026,pre_game,MLB,standard,https://assets.underdogfantasy.com/player-images/mlb/20260325_03-0aa84249-5138-41b3-a086-799cf294bc8a.png,,1.5,49.1,50.9,-6.91,50.9,Under,https://www.freeiconspng.com/img/1934,,Yes,-1.40,8.5,Marlins @ Mets,2026-07-30T23:10:00Z,Thu 07:10pm,Citi Field,outdoor,,-104.00,-104,7/30/2026,1.473,,,,No,,,3.5,43.30975361,56.69,43.30975361,1.47,,0,,1.47,,1.47,0,Push
Underdog,MLB,,Otto Lopez,SS,,Home Runs,0.5,,,7/30/2026,7/30/2026,pre_game,MLB,standard,https://assets.underdogfantasy.com/player-images/mlb/20260325_03-0aa84249-5138-41b3-a086-799cf294bc8a.png,,0.5,8.52,91.48,-1.98,91.48,Under,https://www.freeiconspng.com/img/1934,,Yes,-1.40,8.5,Marlins @ Mets,2026-07-30T23:10:00Z,Thu 07:10pm,Citi Field,outdoor,,"-1,074.00",-1074,7/30/2026,0.0852,,,,No,,,3.5,25.36793908,74.63,25.36793908,0.09,,0,,0.09,,0.22,0.5,Push
Underdog,MLB,,Otto Lopez,SS,,Total Bases,1.5,,,7/30/2026,7/30/2026,pre_game,MLB,standard,https://assets.underdogfantasy.com/player-images/mlb/20260325_03-0aa84249-5138-41b3-a086-799cf294bc8a.png,,1.5,38.27,61.73,-2.43,61.73,Under,https://www.freeiconspng.com/img/1934,,Yes,-1.40,8.5,Marlins @ Mets,2026-07-30T23:10:00Z,Thu 07:10pm,Citi Field,outdoor,,-161.00,-161,7/30/2026,1.1481,,,,No,,,3.5,19.98777068,80.01,19.98777068,1.15,,0,,1.15,,0.93,0.5,Push
Underdog,MLB,,Otto Lopez,SS,,Hitter Fantasy Score,6.5,,,7/30/2026,7/30/2026,pre_game,MLB,standard,https://assets.underdogfantasy.com/player-images/mlb/20260325_03-0aa84249-5138-41b3-a086-799cf294bc8a.png,,,,,,,,,,,,,Marlins @ Mets,2026-07-30T23:10:00Z,7/30/2026,Citi Field,outdoor,,,,,,,,,No,,,3.5,,,,0.00,,0,,9.06,,6.28,3.5,Push
Underdog,MLB,,Otto Lopez,SS,,Hits,0.5,,,7/30/2026,7/30/2026,pre_game,MLB,standard,https://assets.underdogfantasy.com/player-images/mlb/20260325_03-0aa84249-5138-41b3-a086-799cf294bc8a.png,,0.5,66.3,33.7,-1.23,66.3,Over,https://www.freeiconspng.com/img/1934,,Yes,-1.40,8.5,Marlins @ Mets,2026-07-30T23:10:00Z,Thu 07:10pm,Citi Field,outdoor,,-197.00,-197,7/30/2026,0.663,,,,No,,,3.5,44.09408514,55.91,44.09408514,0.66,,0,,0.66,,0.61,0.5,Good Bet
Underdog,MLB,,Otto Lopez,SS,,Runs,0.5,,,7/30/2026,7/30/2026,pre_game,MLB,standard,https://assets.underdogfantasy.com/player-images/mlb/20260325_03-0aa84249-5138-41b3-a086-799cf294bc8a.png,,0.5,36.29,63.71,-0.45,63.71,Under,https://www.freeiconspng.com/img/1934,,Yes,-1.40,8.5,Marlins @ Mets,2026-07-30T23:10:00Z,Thu 07:10pm,Citi Field,outdoor,,-176.00,-176,7/30/2026,0.3629,,,,No,,,3.5,35.04334599,64.96,35.04334599,0.36,,0,,0.36,,0.41,0.5,Push
Underdog,MLB,,Otto Lopez,SS,,RBIs,0.5,,,7/30/2026,7/30/2026,pre_game,MLB,standard,https://assets.underdogfantasy.com/player-images/mlb/20260325_03-0aa84249-5138-41b3-a086-799cf294bc8a.png,,0.5,29.39,70.61,-7.17,70.61,Under,https://www.freeiconspng.com/img/1934,,Yes,-1.40,8.5,Marlins @ Mets,2026-07-30T23:10:00Z,Thu 07:10pm,Citi Field,outdoor,,-240.00,-240,7/30/2026,0.2939,,,,No,,,3.5,32.76323568,67.24,32.76323568,0.29,,0,,0.29,,0.36,0.5,Push
Underdog,MLB,,Otto Lopez,SS,,Batter Walks,0.5,,,7/30/2026,7/30/2026,pre_game,MLB,standard,https://assets.underdogfantasy.com/player-images/mlb/20260325_03-0aa84249-5138-41b3-a086-799cf294bc8a.png,,0.5,26.17,73.83,-5.12,73.83,Under,https://www.freeiconspng.com/img/1934,,Yes,-1.40,8.5,Marlins @ Mets,2026-07-30T23:10:00Z,Thu 07:10pm,Citi Field,outdoor,,-282.00,-282,7/30/2026,0.2617,,,,No,,,3.5,23.02580884,76.97,23.02580884,0.26,,0,,0.26,,0.26,0,Push
Underdog,MLB,,Otto Lopez,SS,,Stolen Bases,0.5,,,7/30/2026,7/30/2026,pre_game,MLB,standard,https://assets.underdogfantasy.com/player-images/mlb/20260325_03-0aa84249-5138-41b3-a086-799cf294bc8a.png,,0.5,19.41,80.59,-0.07,80.59,Under,https://www.freeiconspng.com/img/1934,,Yes,-1.40,8.5,Marlins @ Mets,2026-07-30T23:10:00Z,Thu 07:10pm,Citi Field,outdoor,,-415.00,-415,7/30/2026,0.1941,,,,No,,,3.5,29.32300111,70.68,29.32300111,0.19,,0,,0.19,,0.3,0.5,Push
Underdog,MLB,,Brett Baty,3B,,Hits + Runs + RBIs,0.5,,,7/30/2026,7/30/2026,pre_game,MLB,standard,https://assets.underdogfantasy.com/player-images/mlb/20260515_15-363a83d2-29b4-478b-8fdc-422dc464c0b9.png,,0.5,56.47,43.53,1.92,56.47,Over,https://www.freeiconspng.com/img/1934,,Yes,-1.40,8.5,Marlins @ Mets,2026-07-30T23:10:00Z,Thu 07:10pm,Citi Field,outdoor,,-130.00,-130,7/30/2026,0.5647,,,,No,,,3.5,43.14693196,56.85,43.14693196,0.56,,0,,0.56,,0.56,0,Great Bet
Underdog,MLB,,Brett Baty,3B,,Home Runs,0.5,,,7/30/2026,7/30/2026,pre_game,MLB,standard,https://assets.underdogfantasy.com/player-images/mlb/20260515_15-363a83d2-29b4-478b-8fdc-422dc464c0b9.png,,0.5,12.9,87.1,-3.81,87.1,Under,https://www.freeiconspng.com/img/1934,,Yes,-1.40,8.5,Marlins @ Mets,2026-07-30T23:10:00Z,Thu 07:10pm,Citi Field,outdoor,,-675.00,-675,7/30/2026,0.129,,,,No,,,3.5,26.98461401,73.02,26.98461401,0.13,,0,,0.13,,0.25,0.5,Push
Underdog,MLB,,Brett Baty,3B,,Hits,0.5,,,7/30/2026,7/30/2026,pre_game,MLB,standard,https://assets.underdogfantasy.com/player-images/mlb/20260515_15-363a83d2-29b4-478b-8fdc-422dc464c0b9.png,,0.5,51.22,48.78,-9.03,51.22,Over,https://www.freeiconspng.com/img/1934,,Yes,-1.40,8.5,Marlins @ Mets,2026-07-30T23:10:00Z,Thu 07:10pm,Citi Field,outdoor,,-105.00,-105,7/30/2026,0.5122,,,,No,,,3.5,63.43577929,36.56,63.43577929,0.51,,0,,0.51,,0.84,1.5,Great Bet
Underdog,MLB,,Brett Baty,3B,,Runs,0.5,,,7/30/2026,7/30/2026,pre_game,MLB,standard,https://assets.underdogfantasy.com/player-images/mlb/20260515_15-363a83d2-29b4-478b-8fdc-422dc464c0b9.png,,0.5,32.04,67.96,-4.49,67.96,Under,https://www.freeiconspng.com/img/1934,,Yes,-1.40,8.5,Marlins @ Mets,2026-07-30T23:10:00Z,Thu 07:10pm,Citi Field,outdoor,,-212.00,-212,7/30/2026,0.3204,,,,No,,,3.5,33.64824666,66.35,33.64824666,0.32,,0,,0.32,,0.38,0.5,Push
Underdog,MLB,,Brett Baty,3B,,RBIs,0.5,,,7/30/2026,7/30/2026,pre_game,MLB,standard,https://assets.underdogfantasy.com/player-images/mlb/20260515_15-363a83d2-29b4-478b-8fdc-422dc464c0b9.png,,0.5,26.18,73.82,-3.96,73.82,Under,https://www.freeiconspng.com/img/1934,,Yes,-1.40,8.5,Marlins @ Mets,2026-07-30T23:10:00Z,Thu 07:10pm,Citi Field,outdoor,,-282.00,-282,7/30/2026,0.2618,,,,No,,,3.5,31.67537892,68.32,31.67537892,0.26,,0,,0.26,,0.34,0.5,Push
Underdog,MLB,,Brett Baty,3B,,Batter Walks,0.5,,,7/30/2026,7/30/2026,pre_game,MLB,standard,https://assets.underdogfantasy.com/player-images/mlb/20260515_15-363a83d2-29b4-478b-8fdc-422dc464c0b9.png,,0.5,29.38,70.62,-6.65,70.62,Under,https://www.freeiconspng.com/img/1934,,Yes,-1.40,8.5,Marlins @ Mets,2026-07-30T23:10:00Z,Thu 07:10pm,Citi Field,outdoor,,-240.00,-240,7/30/2026,0.2938,,,,No,,,3.5,25.45744384,74.54,25.45744384,0.29,,0,,0.29,,0.29,0,Push
Underdog,MLB,,Brett Baty,3B,,Stolen Bases,0.5,,,7/30/2026,7/30/2026,pre_game,MLB,standard,https://assets.underdogfantasy.com/player-images/mlb/20260515_15-363a83d2-29b4-478b-8fdc-422dc464c0b9.png,,0.5,10.3,89.7,0.42,89.7,Under,https://www.freeiconspng.com/img/1934,,Yes,-1.40,8.5,Marlins @ Mets,2026-07-30T23:10:00Z,Thu 07:10pm,Citi Field,outdoor,,-871.00,-871,7/30/2026,0.103,,,,No,,,3.5,26.02921736,73.97,26.02921736,0.10,,0,,0.1,,0.24,0.5,Push
Underdog,MLB,,Liam Hicks,C,,Hits + Runs + RBIs,1.5,,,7/30/2026,7/30/2026,pre_game,MLB,standard,https://assets.underdogfantasy.com/player-images/mlb/20260323_23-1701b260-56b9-4a25-a9e8-e40f166b5e4a.png,,1.5,44.66,55.34,,57.81,Over,https://www.freeiconspng.com/img/1934,,Yes,-1.40,8.5,Marlins @ Mets,2026-07-30T23:10:00Z,Thu 07:10pm,Citi Field,outdoor,,-137.00,-137,7/30/2026,1.3398,,,,No,,,3.5,38.72109591,61.28,38.72109591,1.34,,0,,1.34,,1.34,0,Push
Underdog,MLB,,Francisco Alvarez,C,,Hits + Runs + RBIs,0.5,,,7/30/2026,7/30/2026,pre_game,MLB,standard,https://assets.underdogfantasy.com/player-images/mlb/20260324_02-4be92fc3-e09a-4140-b2bf-907b227b100e.png,,0.5,57.1,42.9,1.15,57.1,Over,https://www.freeiconspng.com/img/1934,,Yes,-1.40,8.5,Marlins @ Mets,2026-07-30T23:10:00Z,Thu 07:10pm,Citi Field,outdoor,,-133.00,-133,7/30/2026,0.571,,,,No,,,3.5,43.50398041,56.50,43.50398041,0.57,,0,,0.57,,0.57,0,Great Bet
Underdog,MLB,,Liam Hicks,C,,Home Runs,0.5,,,7/30/2026,7/30/2026,pre_game,MLB,standard,https://assets.underdogfantasy.com/player-images/mlb/20260323_23-1701b260-56b9-4a25-a9e8-e40f166b5e4a.png,,0.5,8.96,91.04,-2.42,91.04,Under,https://www.freeiconspng.com/img/1934,,Yes,-1.40,8.5,Marlins @ Mets,2026-07-30T23:10:00Z,Thu 07:10pm,Citi Field,outdoor,,"-1,016.00",-1016,7/30/2026,0.0896,,,,No,,,3.5,25.53194913,74.47,25.53194913,0.09,,0,,0.09,,0.23,0.5,Push
Underdog,MLB,,Francisco Alvarez,C,,Home Runs,0.5,,,7/30/2026,7/30/2026,pre_game,MLB,standard,https://assets.underdogfantasy.com/player-images/mlb/20260324_02-4be92fc3-e09a-4140-b2bf-907b227b100e.png,,0.5,16.54,83.46,-2.75,83.46,Under,https://www.freeiconspng.com/img/1934,,Yes,-1.40,8.5,Marlins @ Mets,2026-07-30T23:10:00Z,Thu 07:10pm,Citi Field,outdoor,,-505.00,-505,7/30/2026,0.1654,,,,No,,,3.5,28.30147425,71.70,28.30147425,0.17,,0,,0.17,,0.28,0.5,Push
Underdog,MLB,,Liam Hicks,C,,Hitter Fantasy Score,5.5,,,7/30/2026,7/30/2026,pre_game,MLB,standard,https://assets.underdogfantasy.com/player-images/mlb/20260323_23-1701b260-56b9-4a25-a9e8-e40f166b5e4a.png,,,,,,,,,,,,,Marlins @ Mets,2026-07-30T23:10:00Z,7/30/2026,Citi Field,outdoor,,,,,,,,,No,,,3.5,,,,0.00,,0,,8.37,,5.43,2.5,Push
Underdog,MLB,,Francisco Alvarez,C,,Hits,0.5,,,7/30/2026,7/30/2026,pre_game,MLB,standard,https://assets.underdogfantasy.com/player-images/mlb/20260324_02-4be92fc3-e09a-4140-b2bf-907b227b100e.png,,0.5,51.26,48.74,-9.07,51.26,Over,https://www.freeiconspng.com/img/1934,,Yes,-1.40,8.5,Marlins @ Mets,2026-07-30T23:10:00Z,Thu 07:10pm,Citi Field,outdoor,,-105.00,-105,7/30/2026,0.5126,,,,No,,,3.5,39.72784721,60.27,39.72784721,0.51,,0,,0.51,,0.51,0.5,Good Bet
Underdog,MLB,,Liam Hicks,C,,Hits,0.5,,,7/30/2026,7/30/2026,pre_game,MLB,standard,https://assets.underdogfantasy.com/player-images/mlb/20260323_23-1701b260-56b9-4a25-a9e8-e40f166b5e4a.png,,0.5,61.4,38.6,0.01,61.4,Over,https://www.freeiconspng.com/img/1934,,Yes,-1.40,8.5,Marlins @ Mets,2026-07-30T23:10:00Z,Thu 07:10pm,Citi Field,outdoor,,-159.00,-159,7/30/2026,0.614,,,,No,,,3.5,42.70747359,57.29,42.70747359,0.61,,0,,0.61,,0.58,0.5,Good Bet
Underdog,MLB,,Liam Hicks,C,,Runs,0.5,,,7/30/2026,7/30/2026,pre_game,MLB,standard,https://assets.underdogfantasy.com/player-images/mlb/20260323_23-1701b260-56b9-4a25-a9e8-e40f166b5e4a.png,,0.5,38.18,61.82,-1.42,61.82,Under,https://www.freeiconspng.com/img/1934,,Yes,-1.40,8.5,Marlins @ Mets,2026-07-30T23:10:00Z,Thu 07:10pm,Citi Field,outdoor,,-162.00,-162,7/30/2026,0.3818,,,,No,,,3.5,35.65429509,64.35,35.65429509,0.38,,0,,0.38,,0.42,0.5,Push
Underdog,MLB,,Francisco Alvarez,C,,Runs,0.5,,,7/30/2026,7/30/2026,pre_game,MLB,standard,https://assets.underdogfantasy.com/player-images/mlb/20260324_02-4be92fc3-e09a-4140-b2bf-907b227b100e.png,,0.5,35.73,64.27,-3.78,64.27,Under,https://www.freeiconspng.com/img/1934,,Yes,-1.40,8.5,Marlins @ Mets,2026-07-30T23:10:00Z,Thu 07:10pm,Citi Field,outdoor,,-180.00,-180,7/30/2026,0.3573,,,,No,,,3.5,34.8612125,65.14,34.8612125,0.36,,0,,0.36,,0.4,0.5,Push
Underdog,MLB,,Francisco Alvarez,C,,RBIs,0.5,,,7/30/2026,7/30/2026,pre_game,MLB,standard,https://assets.underdogfantasy.com/player-images/mlb/20260324_02-4be92fc3-e09a-4140-b2bf-907b227b100e.png,,0.5,28.04,71.96,-4.23,71.96,Under,https://www.freeiconspng.com/img/1934,,Yes,-1.40,8.5,Marlins @ Mets,2026-07-30T23:10:00Z,Thu 07:10pm,Citi Field,outdoor,,-257.00,-257,7/30/2026,0.2804,,,,No,,,3.5,32.30785233,67.69,32.30785233,0.28,,0,,0.28,,0.35,0.5,Push
Underdog,MLB,,Liam Hicks,C,,RBIs,0.5,,,7/30/2026,7/30/2026,pre_game,MLB,standard,https://assets.underdogfantasy.com/player-images/mlb/20260323_23-1701b260-56b9-4a25-a9e8-e40f166b5e4a.png,,0.5,23.93,76.07,-5.75,76.07,Under,https://www.freeiconspng.com/img/1934,,Yes,-1.40,8.5,Marlins @ Mets,2026-07-30T23:10:00Z,Thu 07:10pm,Citi Field,outdoor,,-318.00,-318,7/30/2026,0.2393,,,,No,,,3.5,30.902387,69.10,30.902387,0.24,,0,,0.24,,0.33,0.5,Push
Underdog,MLB,,Francisco Alvarez,C,,Batter Walks,0.5,,,7/30/2026,7/30/2026,pre_game,MLB,standard,https://assets.underdogfantasy.com/player-images/mlb/20260324_02-4be92fc3-e09a-4140-b2bf-907b227b100e.png,,0.5,31.32,68.68,-8.06,68.68,Under,https://www.freeiconspng.com/img/1934,,Yes,-1.40,8.5,Marlins @ Mets,2026-07-30T23:10:00Z,Thu 07:10pm,Citi Field,outdoor,,-219.00,-219,7/30/2026,0.3132,,,,No,,,3.5,26.88963228,73.11,26.88963228,0.31,,0,,0.31,,0.31,0,Push
Underdog,MLB,,Liam Hicks,C,,Batter Walks,0.5,,,7/30/2026,7/30/2026,pre_game,MLB,standard,https://assets.underdogfantasy.com/player-images/mlb/20260323_23-1701b260-56b9-4a25-a9e8-e40f166b5e4a.png,,0.5,36.57,63.43,-4.82,63.43,Under,https://www.freeiconspng.com/img/1934,,Yes,-1.40,8.5,Marlins @ Mets,2026-07-30T23:10:00Z,Thu 07:10pm,Citi Field,outdoor,,-173.00,-173,7/30/2026,0.3657,,,,No,,,3.5,30.62891167,69.37,30.62891167,0.37,,0,,0.37,,0.37,0,Push
Underdog,MLB,,Jakob Marsee,CF,,Hits + Runs + RBIs,0.5,,,7/30/2026,7/30/2026,pre_game,MLB,standard,https://assets.underdogfantasy.com/player-images/mlb/20260325_03-dd6cc682-97be-43c8-a69a-741c60710387.png,,0.5,58.4,41.6,-0.78,58.4,Over,https://www.freeiconspng.com/img/1934,,Yes,-1.40,8.5,Marlins @ Mets,2026-07-30T23:10:00Z,Thu 07:10pm,Citi Field,outdoor,,-140.00,-140,7/30/2026,0.584,,,,No,,,3.5,44.23367537,55.77,44.23367537,0.58,,0,,0.58,,0.58,0,Great Bet
Underdog,MLB,,Jakob Marsee,CF,,Home Runs,0.5,,,7/30/2026,7/30/2026,pre_game,MLB,standard,https://assets.underdogfantasy.com/player-images/mlb/20260325_03-dd6cc682-97be-43c8-a69a-741c60710387.png,,0.5,8.87,91.13,,9.17,Over,https://www.freeiconspng.com/img/1934,,Yes,-1.40,8.5,Marlins @ Mets,2026-07-30T23:10:00Z,Thu 07:10pm,Citi Field,outdoor,,991.00,991,7/30/2026,0.0887,,,,No,,,3.5,25.49843097,74.50,25.49843097,0.09,,0,,0.09,,0.23,0.5,Push
Underdog,MLB,,Jakob Marsee,CF,,Hits,0.5,,,7/30/2026,7/30/2026,pre_game,MLB,standard,https://assets.underdogfantasy.com/player-images/mlb/20260325_03-dd6cc682-97be-43c8-a69a-741c60710387.png,,0.5,51.86,48.14,-9.67,51.86,Over,https://www.freeiconspng.com/img/1934,,Yes,-1.40,8.5,Marlins @ Mets,2026-07-30T23:10:00Z,Thu 07:10pm,Citi Field,outdoor,,-108.00,-108,7/30/2026,0.5186,,,,No,,,3.5,39.90839271,60.09,39.90839271,0.52,,0,,0.52,,0.51,0.5,Good Bet
Underdog,MLB,,Jakob Marsee,CF,,Runs,0.5,,,7/30/2026,7/30/2026,pre_game,MLB,standard,https://assets.underdogfantasy.com/player-images/mlb/20260325_03-dd6cc682-97be-43c8-a69a-741c60710387.png,,0.5,31.51,68.49,-1.48,68.49,Under,https://www.freeiconspng.com/img/1934,,Yes,-1.40,8.5,Marlins @ Mets,2026-07-30T23:10:00Z,Thu 07:10pm,Citi Field,outdoor,,-217.00,-217,7/30/2026,0.3151,,,,No,,,3.5,33.47218133,66.53,33.47218133,0.32,,0,,0.32,,0.38,0.5,Push
Underdog,MLB,,Jakob Marsee,CF,,RBIs,0.5,,,7/30/2026,7/30/2026,pre_game,MLB,standard,https://assets.underdogfantasy.com/player-images/mlb/20260325_03-dd6cc682-97be-43c8-a69a-741c60710387.png,,0.5,24.01,75.99,-3.18,75.99,Under,https://www.freeiconspng.com/img/1934,,Yes,-1.40,8.5,Marlins @ Mets,2026-07-30T23:10:00Z,Thu 07:10pm,Citi Field,outdoor,,-316.00,-316,7/30/2026,0.2401,,,,No,,,3.5,30.93002052,69.07,30.93002052,0.24,,0,,0.24,,0.33,0.5,Push
Underdog,MLB,,Jakob Marsee,CF,,Batter Walks,0.5,,,7/30/2026,7/30/2026,pre_game,MLB,standard,https://assets.underdogfantasy.com/player-images/mlb/20260325_03-dd6cc682-97be-43c8-a69a-741c60710387.png,,0.5,36.23,63.77,-5.46,63.77,Under,https://www.freeiconspng.com/img/1934,,Yes,-1.40,8.5,Marlins @ Mets,2026-07-30T23:10:00Z,Thu 07:10pm,Citi Field,outdoor,,-176.00,-176,7/30/2026,0.3623,,,,No,,,3.5,30.39264855,69.61,30.39264855,0.36,,0,,0.36,,0.36,0,Push
Underdog,MLB,,Jakob Marsee,CF,,Stolen Bases,0.5,,,7/30/2026,7/30/2026,pre_game,MLB,standard,https://assets.underdogfantasy.com/player-images/mlb/20260325_03-dd6cc682-97be-43c8-a69a-741c60710387.png,,0.5,14.73,85.27,-2.44,85.27,Under,https://www.freeiconspng.com/img/1934,,Yes,-1.40,8.5,Marlins @ Mets,2026-07-30T23:10:00Z,Thu 07:10pm,Citi Field,outdoor,,-579.00,-579,7/30/2026,0.1473,,,,No,,,3.5,27.64965757,72.35,27.64965757,0.15,,0,,0.15,,0.26,0.5,Push
Underdog,MLB,,Nolan McLean,SP,,Strikeouts,6.5,,,7/30/2026,7/30/2026,pre_game,MLB,standard,https://assets.underdogfantasy.com/player-images/mlb/20260519_20-cf7f958a-279d-4425-9c58-9453df7639c1.png,,,,,,,,,,,,,Marlins @ Mets,2026-07-30T23:10:00Z,7/30/2026,Citi Field,outdoor,,,,,,,,,No,MIA,38.72,7.14,,,,0.00,14,0.12495,over,0,0.12495,0,0,Push
Underdog,MLB,,Heriberto Hernández,LF,,Hits + Runs + RBIs,1.5,,,7/30/2026,7/30/2026,pre_game,MLB,standard,https://assets.underdogfantasy.com/player-images/mlb/20260325_03-6a9f31be-8ba7-46ba-968f-8cf88abcdec7.png,,1.5,42.21,57.79,-5.17,57.79,Under,https://www.freeiconspng.com/img/1934,,Yes,-1.40,8.5,Marlins @ Mets,2026-07-30T23:10:00Z,7/30/2026,Citi Field,outdoor,,-137.00,-137,,1.2663,,,,No,,,3.5,36.11920735,63.88,36.11920735,1.27,,0,,1.27,,1.27,0,Push
Underdog,MLB,,Heriberto Hernández,LF,,Home Runs,0.5,,,7/30/2026,7/30/2026,pre_game,MLB,standard,https://assets.underdogfantasy.com/player-images/mlb/20260325_03-6a9f31be-8ba7-46ba-968f-8cf88abcdec7.png,,0.5,15.01,84.99,-2.72,84.99,Under,https://www.freeiconspng.com/img/1934,,Yes,-1.40,8.5,Marlins @ Mets,2026-07-30T23:10:00Z,7/30/2026,Citi Field,outdoor,,-566.00,-566,,0.1501,,,,No,,,3.5,27.75087718,72.25,27.75087718,0.15,,0,,0.15,,0.27,0.5,Push
Underdog,MLB,,Nolan McLean,SP,,Pitcher Fantasy Score,37.5,,,7/30/2026,7/30/2026,pre_game,MLB,standard,https://assets.underdogfantasy.com/player-images/mlb/20260519_20-cf7f958a-279d-4425-9c58-9453df7639c1.png,,,,,,,,,,,,,Marlins @ Mets,2026-07-30T23:10:00Z,7/30/2026,Citi Field,outdoor,,,,,38.72,,,,No,MIA,38.72,7.14,50.81333333,49.19,50.81333333,38.72,12,-39.78694,under,41.55,-1.066936,36.26,28.5,Great Bet
Underdog,MLB,,Heriberto Hernández,LF,,Hitter Fantasy Score,5.5,,,7/30/2026,7/30/2026,pre_game,MLB,standard,https://assets.underdogfantasy.com/player-images/mlb/20260325_03-6a9f31be-8ba7-46ba-968f-8cf88abcdec7.png,,,,,,,,,,,,,Marlins @ Mets,2026-07-30T23:10:00Z,7/30/2026,Citi Field,outdoor,,,,,,,,,No,,,3.5,,,,0.00,,0,,8.85,,5.68,2.5,Push
Underdog,MLB,,Nolan McLean,SP,,Pitching Outs,17.5,,,7/30/2026,7/30/2026,pre_game,MLB,standard,https://assets.underdogfantasy.com/player-images/mlb/20260519_20-cf7f958a-279d-4425-9c58-9453df7639c1.png,,,,,,,,,,,,,Marlins @ Mets,2026-07-30T23:10:00Z,7/30/2026,Citi Field,outdoor,,,,,,,,,No,MIA,38.72,7.14,,,,0.00,12,-39.78694,under,0,-39.786936,17.5,17.5,Push
Underdog,MLB,,Nolan McLean,SP,,Hits Allowed,4.5,,,7/30/2026,7/30/2026,pre_game,MLB,standard,https://assets.underdogfantasy.com/player-images/mlb/20260519_20-cf7f958a-279d-4425-9c58-9453df7639c1.png,,,,,,,,,,,,,Marlins @ Mets,2026-07-30T23:10:00Z,7/30/2026,Citi Field,outdoor,,,,,,,,,No,MIA,38.72,7.14,,,,0.00,15,1.081,over,0,1.080996,2.5,2.5,Push
Underdog,MLB,,Nolan McLean,SP,,Earned Runs Allowed,2.5,,,7/30/2026,7/30/2026,pre_game,MLB,standard,https://assets.underdogfantasy.com/player-images/mlb/20260519_20-cf7f958a-279d-4425-9c58-9453df7639c1.png,,,,,,,,,,,,,Marlins @ Mets,2026-07-30T23:10:00Z,7/30/2026,Citi Field,outdoor,,,,,,,,,No,MIA,38.72,7.14,,,,0.00,18,13.3875,over,0,13.3875,6.94,0.5,Push
Underdog,MLB,,Nolan McLean,SP,,Walks Allowed,2.5,,,7/30/2026,7/30/2026,pre_game,MLB,standard,https://assets.underdogfantasy.com/player-images/mlb/20260519_20-cf7f958a-279d-4425-9c58-9453df7639c1.png,,,,,,,,,,,,,Marlins @ Mets,2026-07-30T23:10:00Z,7/30/2026,Citi Field,outdoor,,,,,,,,,No,MIA,38.72,7.14,,,,0.00,15,1.01388,over,0,1.01388,1.26,1.5,Push
Underdog,MLB,,Heriberto Hernández,LF,,Hits,0.5,,,7/30/2026,7/30/2026,pre_game,MLB,standard,https://assets.underdogfantasy.com/player-images/mlb/20260325_03-6a9f31be-8ba7-46ba-968f-8cf88abcdec7.png,,0.5,57.85,42.15,2.29,57.85,Over,https://www.freeiconspng.com/img/1934,,Yes,-1.40,8.5,Marlins @ Mets,2026-07-30T23:10:00Z,7/30/2026,Citi Field,outdoor,,-137.00,-137,,0.5785,,,,No,,,3.5,41.68145225,58.32,41.68145225,0.58,,0,,0.58,,0.55,0.5,Good Bet
Underdog,MLB,,Heriberto Hernández,LF,,Runs,0.5,,,7/30/2026,7/30/2026,pre_game,MLB,standard,https://assets.underdogfantasy.com/player-images/mlb/20260325_03-6a9f31be-8ba7-46ba-968f-8cf88abcdec7.png,,0.5,36.72,63.28,-2.12,63.28,Under,https://www.freeiconspng.com/img/1934,,Yes,-1.40,8.5,Marlins @ Mets,2026-07-30T23:10:00Z,7/30/2026,Citi Field,outdoor,,-172.00,7/11/1899,,0.3672,,,,No,,,3.5,35.18285278,64.82,35.18285278,0.37,,0,,0.37,,0.41,0.5,Push
Underdog,MLB,,Heriberto Hernández,LF,,RBIs,0.5,,,7/30/2026,7/30/2026,pre_game,MLB,standard,https://assets.underdogfantasy.com/player-images/mlb/20260325_03-6a9f31be-8ba7-46ba-968f-8cf88abcdec7.png,,0.5,31.53,68.47,-5.56,68.47,Under,https://www.freeiconspng.com/img/1934,,Yes,-1.40,8.5,Marlins @ Mets,2026-07-30T23:10:00Z,7/30/2026,Citi Field,outdoor,,-217.00,-217,,0.3153,,,,No,,,3.5,33.47883378,66.52,33.47883378,0.32,,0,,0.32,,0.38,0.5,Push
Underdog,MLB,,Heriberto Hernández,LF,,Batter Walks,0.5,,,7/30/2026,7/30/2026,pre_game,MLB,standard,https://assets.underdogfantasy.com/player-images/mlb/20260325_03-6a9f31be-8ba7-46ba-968f-8cf88abcdec7.png,,0.5,34.7,65.3,-5.71,65.3,Under,https://www.freeiconspng.com/img/1934,,Yes,-1.40,8.5,Marlins @ Mets,2026-07-30T23:10:00Z,7/30/2026,Citi Field,outdoor,,-188.00,-188,,0.347,,,,No,,,3.5,29.31946717,70.68,29.31946717,0.35,,0,,0.35,,0.35,0,Push
Underdog,MLB,,Heriberto Hernández,LF,,Stolen Bases,0.5,,,7/30/2026,7/30/2026,pre_game,MLB,standard,https://assets.underdogfantasy.com/player-images/mlb/20260325_03-6a9f31be-8ba7-46ba-968f-8cf88abcdec7.png,,0.5,9.34,90.66,,11.11,Over,https://www.freeiconspng.com/img/1934,,Yes,-1.40,8.5,Marlins @ Mets,2026-07-30T23:10:00Z,7/30/2026,Citi Field,outdoor,,800.00,800,,0.0934,,,,No,,,3.5,25.6733041,74.33,25.6733041,0.09,,0,,0.09,,0.23,0.5,Push
Underdog,MLB,,Nolan McLean,SP,,1st Inn. Strikeouts,1.5,,,7/30/2026,7/30/2026,pre_game,MLB,standard,https://assets.underdogfantasy.com/player-images/mlb/20260519_20-cf7f958a-279d-4425-9c58-9453df7639c1.png,,,,,,,,,,,,,Marlins @ Mets,2026-07-30T23:10:00Z,7/30/2026,Citi Field,outdoor,,,,,,,,,No,MIA,38.72,7.14,,,,0.00,14,0.12495,over,0,0.12495,0,0,Push
Underdog,MLB,,Nolan McLean,SP,,1st Inn. Runs Allowed,0.5,,,7/30/2026,7/30/2026,pre_game,MLB,standard,https://assets.underdogfantasy.com/player-images/mlb/20260519_20-cf7f958a-279d-4425-9c58-9453df7639c1.png,,,,,,,,,,,,,Marlins @ Mets,2026-07-30T23:10:00Z,7/30/2026,Citi Field,outdoor,,,,,,,,,No,MIA,38.72,7.14,,,,0.00,12,-39.78694,under,0,-39.786936,0,0,Push
Underdog,MLB,,Nolan McLean,SP,,1st Inn. Pitch Count,14.5,,,7/30/2026,7/30/2026,pre_game,MLB,standard,https://assets.underdogfantasy.com/player-images/mlb/20260519_20-cf7f958a-279d-4425-9c58-9453df7639c1.png,,,,,,,,,,,,,Marlins @ Mets,2026-07-30T23:10:00Z,7/30/2026,Citi Field,outdoor,,,,,,,,,No,MIA,38.72,7.14,,,,0.00,12,-39.78694,under,0,-39.786936,0,0,Push
Underdog,MLB,,Nolan McLean,SP,,1st Inn. Batters Faced,3.5,,,7/30/2026,7/30/2026,pre_game,MLB,standard,https://assets.underdogfantasy.com/player-images/mlb/20260519_20-cf7f958a-279d-4425-9c58-9453df7639c1.png,,,,,,,,,,,,,Marlins @ Mets,2026-07-30T23:10:00Z,7/30/2026,Citi Field,outdoor,,,,,,,,,No,MIA,38.72,7.14,,,,0.00,18,13.3875,over,0,13.3875,13.39,0,Push
Underdog,MLB,,Nolan McLean,SP,,1st Inn. Hits Allowed,0.5,,,7/30/2026,7/30/2026,pre_game,MLB,standard,https://assets.underdogfantasy.com/player-images/mlb/20260519_20-cf7f958a-279d-4425-9c58-9453df7639c1.png,,,,,,,,,,,,,Marlins @ Mets,2026-07-30T23:10:00Z,7/30/2026,Citi Field,outdoor,,,,,,,,,No,MIA,38.72,7.14,,,,0.00,15,1.081,over,0,1.080996,1.08,0,Push
Underdog,MLB,,Graham Pauley,3B,,Hits + Runs + RBIs,0.5,,,7/30/2026,7/30/2026,pre_game,MLB,standard,https://assets.underdogfantasy.com/player-images/mlb/20260328_05-5cc840a3-6662-47d9-aeb7-d348a494afaa.png,,0.5,48.07,51.93,-5.88,51.93,Under,https://www.freeiconspng.com/img/1934,,Yes,-1.40,8.5,Marlins @ Mets,2026-07-30T23:10:00Z,Thu 07:10pm,Citi Field,outdoor,,-108.00,-108,7/30/2026,0.4807,,,,No,,,3.5,38.1649605,61.84,38.1649605,0.48,,0,,0.48,,0.48,0,Push
Underdog,MLB,,Graham Pauley,3B,,Home Runs,0.5,,,7/30/2026,7/30/2026,pre_game,MLB,standard,https://assets.underdogfantasy.com/player-images/mlb/20260328_05-5cc840a3-6662-47d9-aeb7-d348a494afaa.png,,0.5,8.8,91.2,-2.26,91.2,Under,https://www.freeiconspng.com/img/1934,,Yes,-1.40,8.5,Marlins @ Mets,2026-07-30T23:10:00Z,Thu 07:10pm,Citi Field,outdoor,,"-1,036.00",-1036,7/30/2026,0.088,,,,No,,,3.5,25.47235086,74.53,25.47235086,0.09,,0,,0.09,,0.23,0.5,Push
Underdog,MLB,,Graham Pauley,3B,,Hits,0.5,,,7/30/2026,7/30/2026,pre_game,MLB,standard,https://assets.underdogfantasy.com/player-images/mlb/20260328_05-5cc840a3-6662-47d9-aeb7-d348a494afaa.png,,0.5,42.97,57.03,,57.81,Over,https://www.freeiconspng.com/img/1934,,Yes,-1.40,8.5,Marlins @ Mets,2026-07-30T23:10:00Z,Thu 07:10pm,Citi Field,outdoor,,-137.00,-137,7/30/2026,0.4297,,,,No,,,3.5,37.17706675,62.82,37.17706675,0.43,,0,,0.43,,0.45,0.5,Push
Underdog,MLB,,Graham Pauley,3B,,Runs,0.5,,,7/30/2026,7/30/2026,pre_game,MLB,standard,https://assets.underdogfantasy.com/player-images/mlb/20260328_05-5cc840a3-6662-47d9-aeb7-d348a494afaa.png,,0.5,26.03,73.97,-2.94,73.97,Under,https://www.freeiconspng.com/img/1934,,Yes,-1.40,8.5,Marlins @ Mets,2026-07-30T23:10:00Z,Thu 07:10pm,Citi Field,outdoor,,-284.00,-284,7/30/2026,0.2603,,,,No,,,3.5,31.62411623,68.38,31.62411623,0.26,,0,,0.26,,0.34,0.5,Push
Underdog,MLB,,Graham Pauley,3B,,RBIs,0.5,,,7/30/2026,7/30/2026,pre_game,MLB,standard,https://assets.underdogfantasy.com/player-images/mlb/20260328_05-5cc840a3-6662-47d9-aeb7-d348a494afaa.png,,0.5,21.45,78.55,-3.59,78.55,Under,https://www.freeiconspng.com/img/1934,,Yes,-1.40,8.5,Marlins @ Mets,2026-07-30T23:10:00Z,Thu 07:10pm,Citi Field,outdoor,,-366.00,-366,7/30/2026,0.2145,,,,No,,,3.5,30.04024235,69.96,30.04024235,0.21,,0,,0.21,,0.31,0.5,Push
Underdog,MLB,,Graham Pauley,3B,,Batter Walks,0.5,,,7/30/2026,7/30/2026,pre_game,MLB,standard,https://assets.underdogfantasy.com/player-images/mlb/20260328_05-5cc840a3-6662-47d9-aeb7-d348a494afaa.png,,0.5,26.2,73.8,-6.2,73.8,Under,https://www.freeiconspng.com/img/1934,,Yes,-1.40,8.5,Marlins @ Mets,2026-07-30T23:10:00Z,Thu 07:10pm,Citi Field,outdoor,,-282.00,-282,7/30/2026,0.262,,,,No,,,3.5,23.04889763,76.95,23.04889763,0.26,,0,,0.26,,0.26,0,Push
Underdog,MLB,,Griffin Conine,RF,,Hits + Runs + RBIs,0.5,,,7/30/2026,7/30/2026,pre_game,MLB,standard,https://assets.underdogfantasy.com/player-images/mlb/20260403_04-142c92e7-07bd-4461-ad2e-c2430ffa9c8d.png,,0.5,58.42,41.58,-0.09,58.42,Over,https://www.freeiconspng.com/img/1934,,Yes,-1.40,8.5,Marlins @ Mets,2026-07-30T23:10:00Z,Thu 07:10pm,Citi Field,outdoor,,-141.00,-141,7/30/2026,0.5842,,,,No,,,3.5,44.24482752,55.76,44.24482752,0.58,,0,,0.58,,0.58,0,Great Bet
Underdog,MLB,,Griffin Conine,RF,,Home Runs,0.5,,,7/30/2026,7/30/2026,pre_game,MLB,standard,https://assets.underdogfantasy.com/player-images/mlb/20260403_04-142c92e7-07bd-4461-ad2e-c2430ffa9c8d.png,,0.5,14.67,85.33,-3.16,85.33,Under,https://www.freeiconspng.com/img/1934,,Yes,-1.40,8.5,Marlins @ Mets,2026-07-30T23:10:00Z,Thu 07:10pm,Citi Field,outdoor,,-582.00,-582,7/30/2026,0.1467,,,,No,,,3.5,27.62794921,72.37,27.62794921,0.15,,0,,0.15,,0.26,0.5,Push
Underdog,MLB,,Griffin Conine,RF,,Hits,0.5,,,7/30/2026,7/30/2026,pre_game,MLB,standard,https://assets.underdogfantasy.com/player-images/mlb/20260403_04-142c92e7-07bd-4461-ad2e-c2430ffa9c8d.png,,0.5,53.5,46.5,,57.81,Under,https://www.freeiconspng.com/img/1934,,Yes,-1.40,8.5,Marlins @ Mets,2026-07-30T23:10:00Z,Thu 07:10pm,Citi Field,outdoor,,-137.00,-137,7/30/2026,0.535,,,,No,,,3.5,40.39912912,59.60,40.39912912,0.54,,0,,0.54,,0.52,0.5,Good Bet
Underdog,MLB,,Griffin Conine,RF,,Runs,0.5,,,7/30/2026,7/30/2026,pre_game,MLB,standard,https://assets.underdogfantasy.com/player-images/mlb/20260403_04-142c92e7-07bd-4461-ad2e-c2430ffa9c8d.png,,0.5,33.23,66.77,-3.2,66.77,Under,https://www.freeiconspng.com/img/1934,,Yes,-1.40,8.5,Marlins @ Mets,2026-07-30T23:10:00Z,Thu 07:10pm,Citi Field,outdoor,,-201.00,6/12/1899,7/30/2026,0.3323,,,,No,,,3.5,34.04186741,65.96,34.04186741,0.33,,0,,0.33,,0.39,0.5,Push
Underdog,MLB,,Griffin Conine,RF,,RBIs,0.5,,,7/30/2026,7/30/2026,pre_game,MLB,standard,https://assets.underdogfantasy.com/player-images/mlb/20260403_04-142c92e7-07bd-4461-ad2e-c2430ffa9c8d.png,,0.5,27.4,72.6,-1.76,72.6,Under,https://www.freeiconspng.com/img/1934,,Yes,-1.40,8.5,Marlins @ Mets,2026-07-30T23:10:00Z,Thu 07:10pm,Citi Field,outdoor,,-265.00,4/9/1899,7/30/2026,0.274,,,,No,,,3.5,32.09089051,67.91,32.09089051,0.27,,0,,0.27,,0.35,0.5,Push
Underdog,MLB,,Griffin Conine,RF,,Batter Walks,0.5,,,7/30/2026,7/30/2026,pre_game,MLB,standard,https://assets.underdogfantasy.com/player-images/mlb/20260403_04-142c92e7-07bd-4461-ad2e-c2430ffa9c8d.png,,0.5,29.18,70.82,-4.79,70.82,Under,https://www.freeiconspng.com/img/1934,,Yes,-1.40,8.5,Marlins @ Mets,2026-07-30T23:10:00Z,Thu 07:10pm,Citi Field,outdoor,,-243.00,-243,7/30/2026,0.2918,,,,No,,,3.5,25.30820954,74.69,25.30820954,0.29,,0,,0.29,,0.29,0,Push
Underdog,MLB,,A.J. Ewing,CF,,Hits + Runs + RBIs,1.5,,,7/30/2026,7/30/2026,pre_game,MLB,standard,https://assets.underdogfantasy.com/player-images/mlb/20260513_16-0d970dde-71f2-463c-adfb-0485f7106685.png,,1.5,44,56,,57.81,Over,https://www.freeiconspng.com/img/1934,,Yes,-1.40,8.5,Marlins @ Mets,2026-07-30T23:10:00Z,Thu 07:10pm,Citi Field,outdoor,,-137.00,-137,7/30/2026,1.32,,,,No,,,3.5,38.02460994,61.98,38.02460994,1.32,,0,,1.32,,1.32,0,Push
Underdog,MLB,,Luis Robert,CF,,Hits + Runs + RBIs,1.5,,,7/30/2026,7/30/2026,pre_game,MLB,standard,https://assets.underdogfantasy.com/player-images/mlb/20260324_02-213bd941-37dc-40a1-ab22-1d62cebb6bc1.png,,1.5,42.66,57.34,,57.81,Over,https://www.freeiconspng.com/img/1934,,Yes,-1.40,8.5,Marlins @ Mets,2026-07-30T23:10:00Z,Thu 07:10pm,Citi Field,outdoor,,-137.00,8/15/1899,7/30/2026,1.2798,,,,No,,,3.5,36.60037759,63.40,36.60037759,1.28,,0,,1.28,,1.28,0,Push
Underdog,MLB,,Joe Mack,C,,Hits + Runs + RBIs,0.5,,,7/30/2026,7/30/2026,pre_game,MLB,standard,https://assets.underdogfantasy.com/player-images/mlb/20260510_06-35abdc6e-a947-40ac-bc8d-c2236dab5508.png,,0.5,54.96,45.04,0.62,54.96,Over,https://www.freeiconspng.com/img/1934,,Yes,-1.40,8.5,Marlins @ Mets,2026-07-30T23:10:00Z,Thu 07:10pm,Citi Field,outdoor,,-122.00,8/30/1899,7/30/2026,0.5496,,,,No,,,3.5,42.28193635,57.72,42.28193635,0.55,,0,,0.55,,0.55,0,Great Bet
Underdog,MLB,,Carson Benge,RF,,Hits + Runs + RBIs,1.5,,,7/30/2026,7/30/2026,pre_game,MLB,standard,https://assets.underdogfantasy.com/player-images/mlb/20260324_02-9cde61dd-392a-47c5-add9-08567273122c.png,,1.5,43.39,56.61,,57.81,Over,https://www.freeiconspng.com/img/1934,,Yes,-1.40,8.5,Marlins @ Mets,2026-07-30T23:10:00Z,Thu 07:10pm,Citi Field,outdoor,,-137.00,8/15/1899,7/30/2026,1.3017,,,,No,,,3.5,37.3779053,62.62,37.3779053,1.30,,0,,1.3,,1.3,0,Push
Underdog,MLB,,Carson Benge,RF,,Home Runs,0.5,,,7/30/2026,7/30/2026,pre_game,MLB,standard,https://assets.underdogfantasy.com/player-images/mlb/20260324_02-9cde61dd-392a-47c5-add9-08567273122c.png,,0.5,12.36,87.64,-2.45,87.64,Under,https://www.freeiconspng.com/img/1934,,Yes,-1.40,8.5,Marlins @ Mets,2026-07-30T23:10:00Z,Thu 07:10pm,Citi Field,outdoor,,-709.00,1/20/1898,7/30/2026,0.1236,,,,No,,,3.5,26.78720608,73.21,26.78720608,0.12,,0,,0.12,,0.25,0.5,Push
Underdog,MLB,,Luis Robert,CF,,Home Runs,0.5,,,7/30/2026,7/30/2026,pre_game,MLB,standard,https://assets.underdogfantasy.com/player-images/mlb/20260324_02-213bd941-37dc-40a1-ab22-1d62cebb6bc1.png,,0.5,15.67,84.33,-1.14,84.33,Under,https://www.freeiconspng.com/img/1934,,Yes,-1.40,8.5,Marlins @ Mets,2026-07-30T23:10:00Z,Thu 07:10pm,Citi Field,outdoor,,-538.00,-538,7/30/2026,0.1567,,,,No,,,3.5,27.98890632,72.01,27.98890632,0.16,,0,,0.16,,0.27,0.5,Push
Underdog,MLB,,Joe Mack,C,,Home Runs,0.5,,,7/30/2026,7/30/2026,pre_game,MLB,standard,https://assets.underdogfantasy.com/player-images/mlb/20260510_06-35abdc6e-a947-40ac-bc8d-c2236dab5508.png,,0.5,11.04,88.96,-1.95,88.96,Under,https://www.freeiconspng.com/img/1934,,Yes,-1.40,8.5,Marlins @ Mets,2026-07-30T23:10:00Z,Thu 07:10pm,Citi Field,outdoor,,-806.00,-806,7/30/2026,0.1104,,,,No,,,3.5,26.30240355,73.70,26.30240355,0.11,,0,,0.11,,0.24,0.5,Push
Underdog,MLB,,A.J. Ewing,CF,,Home Runs,0.5,,,7/30/2026,7/30/2026,pre_game,MLB,standard,https://assets.underdogfantasy.com/player-images/mlb/20260513_16-0d970dde-71f2-463c-adfb-0485f7106685.png,,0.5,10.89,89.11,-0.17,89.11,Under,https://www.freeiconspng.com/img/1934,,Yes,-1.40,8.5,Marlins @ Mets,2026-07-30T23:10:00Z,Thu 07:10pm,Citi Field,outdoor,,-818.00,-818,7/30/2026,0.1089,,,,No,,,3.5,26.24710962,73.75,26.24710962,0.11,,0,,0.11,,0.24,0.5,Push
Underdog,MLB,,Carson Benge,RF,,Hitter Fantasy Score,5.5,,,7/30/2026,7/30/2026,pre_game,MLB,standard,https://assets.underdogfantasy.com/player-images/mlb/20260324_02-9cde61dd-392a-47c5-add9-08567273122c.png,,,,,,,,,,,,,Marlins @ Mets,2026-07-30T23:10:00Z,7/30/2026,Citi Field,outdoor,,,,,,,,,No,,,3.5,,,,0.00,,0,,7.59,,5.05,2.5,Push
Underdog,MLB,,A.J. Ewing,CF,,Hitter Fantasy Score,6.5,,,7/30/2026,7/30/2026,pre_game,MLB,standard,https://assets.underdogfantasy.com/player-images/mlb/20260513_16-0d970dde-71f2-463c-adfb-0485f7106685.png,,,,,,,,,,,,,Marlins @ Mets,2026-07-30T23:10:00Z,7/30/2026,Citi Field,outdoor,,,,,,,,,No,,,3.5,,,,0.00,,0,,8.4,,5.45,2.5,Push
Underdog,MLB,,Joe Mack,C,,Hits,0.5,,,7/30/2026,7/30/2026,pre_game,MLB,standard,https://assets.underdogfantasy.com/player-images/mlb/20260510_06-35abdc6e-a947-40ac-bc8d-c2236dab5508.png,,0.5,49.59,50.41,-7.4,50.41,Under,https://www.freeiconspng.com/img/1934,,Yes,-1.40,8.5,Marlins @ Mets,2026-07-30T23:10:00Z,Thu 07:10pm,Citi Field,outdoor,,-102.00,9/19/1899,7/30/2026,0.4959,,,,No,,,3.5,39.22246771,60.78,39.22246771,0.50,,0,,0.5,,0.5,0.5,Push
Underdog,MLB,,Luis Robert,CF,,Hits,0.5,,,7/30/2026,7/30/2026,pre_game,MLB,standard,https://assets.underdogfantasy.com/player-images/mlb/20260324_02-213bd941-37dc-40a1-ab22-1d62cebb6bc1.png,,0.5,55.91,44.09,-1.9,55.91,Over,https://www.freeiconspng.com/img/1934,,Yes,-1.40,8.5,Marlins @ Mets,2026-07-30T23:10:00Z,Thu 07:10pm,Citi Field,outdoor,,-127.00,-127,7/30/2026,0.5591,,,,No,,,3.5,41.11300985,58.89,41.11300985,0.56,,0,,0.56,,0.54,0.5,Good Bet
Underdog,MLB,,A.J. Ewing,CF,,Hits,0.5,,,7/30/2026,7/30/2026,pre_game,MLB,standard,https://assets.underdogfantasy.com/player-images/mlb/20260513_16-0d970dde-71f2-463c-adfb-0485f7106685.png,,0.5,59.04,40.96,-0.8,59.04,Over,https://www.freeiconspng.com/img/1934,,Yes,-1.40,8.5,Marlins @ Mets,2026-07-30T23:10:00Z,Thu 07:10pm,Citi Field,outdoor,,-144.00,8/8/1899,7/30/2026,0.5904,,,,No,,,3.5,42.02741734,57.97,42.02741734,0.59,,0,,0.59,,0.56,0.5,Good Bet
Underdog,MLB,,Carson Benge,RF,,Hits,0.5,,,7/30/2026,7/30/2026,pre_game,MLB,standard,https://assets.underdogfantasy.com/player-images/mlb/20260324_02-9cde61dd-392a-47c5-add9-08567273122c.png,,0.5,57.21,42.79,-0.95,57.21,Over,https://www.freeiconspng.com/img/1934,,Yes,-1.40,8.5,Marlins @ Mets,2026-07-30T23:10:00Z,Thu 07:10pm,Citi Field,outdoor,,-134.00,-134,7/30/2026,0.5721,,,,No,,,3.5,41.49453399,58.51,41.49453399,0.57,,0,,0.57,,0.55,0.5,Good Bet
Underdog,MLB,,Carson Benge,RF,,Runs,0.5,,,7/30/2026,7/30/2026,pre_game,MLB,standard,https://assets.underdogfantasy.com/player-images/mlb/20260324_02-9cde61dd-392a-47c5-add9-08567273122c.png,,0.5,35.91,64.09,-0.45,64.09,Under,https://www.freeiconspng.com/img/1934,,Yes,-1.40,8.5,Marlins @ Mets,2026-07-30T23:10:00Z,Thu 07:10pm,Citi Field,outdoor,,-178.00,7/5/1899,7/30/2026,0.3591,,,,No,,,3.5,34.91981103,65.08,34.91981103,0.36,,0,,0.36,,0.41,0.5,Push
Underdog,MLB,,Joe Mack,C,,Runs,0.5,,,7/30/2026,7/30/2026,pre_game,MLB,standard,https://assets.underdogfantasy.com/player-images/mlb/20260510_06-35abdc6e-a947-40ac-bc8d-c2236dab5508.png,,0.5,30.36,69.64,-3.33,69.64,Under,https://www.freeiconspng.com/img/1934,,Yes,-1.40,8.5,Marlins @ Mets,2026-07-30T23:10:00Z,Thu 07:10pm,Citi Field,outdoor,,-229.00,-229,7/30/2026,0.3036,,,,No,,,3.5,33.08854448,66.91,33.08854448,0.30,,0,,0.3,,0.37,0.5,Push
Underdog,MLB,,A.J. Ewing,CF,,Runs,0.5,,,7/30/2026,7/30/2026,pre_game,MLB,standard,https://assets.underdogfantasy.com/player-images/mlb/20260513_16-0d970dde-71f2-463c-adfb-0485f7106685.png,,0.5,40.93,59.07,,57.81,Over,https://www.freeiconspng.com/img/1934,,Yes,-1.40,8.5,Marlins @ Mets,2026-07-30T23:10:00Z,Thu 07:10pm,Citi Field,outdoor,,-137.00,-137,7/30/2026,0.4093,,,,No,,,3.5,36.53299364,63.47,36.53299364,0.41,,0,,0.41,,0.44,0.5,Push
Underdog,MLB,,Luis Robert,CF,,Runs,0.5,,,7/30/2026,7/30/2026,pre_game,MLB,standard,https://assets.underdogfantasy.com/player-images/mlb/20260324_02-213bd941-37dc-40a1-ab22-1d62cebb6bc1.png,,0.5,37.22,62.78,0.66,62.78,Under,https://www.freeiconspng.com/img/1934,,Yes,-1.40,8.5,Marlins @ Mets,2026-07-30T23:10:00Z,Thu 07:10pm,Citi Field,outdoor,,-169.00,7/14/1899,7/30/2026,0.3722,,,,No,,,3.5,35.34469326,64.66,35.34469326,0.37,,0,,0.37,,0.41,0.5,Push
Underdog,MLB,,A.J. Ewing,CF,,RBIs,0.5,,,7/30/2026,7/30/2026,pre_game,MLB,standard,https://assets.underdogfantasy.com/player-images/mlb/20260513_16-0d970dde-71f2-463c-adfb-0485f7106685.png,,0.5,24.46,75.54,-5.41,75.54,Under,https://www.freeiconspng.com/img/1934,,Yes,-1.40,8.5,Marlins @ Mets,2026-07-30T23:10:00Z,Thu 07:10pm,Citi Field,outdoor,,-309.00,2/24/1899,7/30/2026,0.2446,,,,No,,,3.5,31.08525327,68.91,31.08525327,0.24,,0,,0.24,,0.33,0.5,Push
Underdog,MLB,,Luis Robert,CF,,RBIs,0.5,,,7/30/2026,7/30/2026,pre_game,MLB,standard,https://assets.underdogfantasy.com/player-images/mlb/20260324_02-213bd941-37dc-40a1-ab22-1d62cebb6bc1.png,,0.5,30.06,69.94,-6.25,69.94,Under,https://www.freeiconspng.com/img/1934,,Yes,-1.40,8.5,Marlins @ Mets,2026-07-30T23:10:00Z,Thu 07:10pm,Citi Field,outdoor,,-233.00,-233,7/30/2026,0.3006,,,,No,,,3.5,32.98810198,67.01,32.98810198,0.30,,0,,0.3,,0.37,0.5,Push
Underdog,MLB,,Carson Benge,RF,,RBIs,0.5,,,7/30/2026,7/30/2026,pre_game,MLB,standard,https://assets.underdogfantasy.com/player-images/mlb/20260324_02-9cde61dd-392a-47c5-add9-08567273122c.png,,0.5,29.91,70.09,-6.38,70.09,Under,https://www.freeiconspng.com/img/1934,,Yes,-1.40,8.5,Marlins @ Mets,2026-07-30T23:10:00Z,Thu 07:10pm,Citi Field,outdoor,,-234.00,5/10/1899,7/30/2026,0.2991,,,,No,,,3.5,32.93782421,67.06,32.93782421,0.30,,0,,0.3,,0.37,0.5,Push
Underdog,MLB,,Joe Mack,C,,RBIs,0.5,,,7/30/2026,7/30/2026,pre_game,MLB,standard,https://assets.underdogfantasy.com/player-images/mlb/20260510_06-35abdc6e-a947-40ac-bc8d-c2236dab5508.png,,0.5,24.43,75.57,-4.82,75.57,Under,https://www.freeiconspng.com/img/1934,,Yes,-1.40,8.5,Marlins @ Mets,2026-07-30T23:10:00Z,Thu 07:10pm,Citi Field,outdoor,,-309.00,-309,7/30/2026,0.2443,,,,No,,,3.5,31.07491529,68.93,31.07491529,0.24,,0,,0.24,,0.33,0.5,Push
Underdog,MLB,,A.J. Ewing,CF,,Batter Walks,0.5,,,7/30/2026,7/30/2026,pre_game,MLB,standard,https://assets.underdogfantasy.com/player-images/mlb/20260513_16-0d970dde-71f2-463c-adfb-0485f7106685.png,,0.5,34.16,65.84,-3.86,65.84,Under,https://www.freeiconspng.com/img/1934,,Yes,-1.40,8.5,Marlins @ Mets,2026-07-30T23:10:00Z,Thu 07:10pm,Citi Field,outdoor,,-193.00,6/20/1899,7/30/2026,0.3416,,,,No,,,3.5,28.93675992,71.06,28.93675992,0.34,,0,,0.34,,0.34,0,Push
Underdog,MLB,,Carson Benge,RF,,Batter Walks,0.5,,,7/30/2026,7/30/2026,pre_game,MLB,standard,https://assets.underdogfantasy.com/player-images/mlb/20260324_02-9cde61dd-392a-47c5-add9-08567273122c.png,,0.5,31.13,68.87,-2.96,68.87,Under,https://www.freeiconspng.com/img/1934,,Yes,-1.40,8.5,Marlins @ Mets,2026-07-30T23:10:00Z,Thu 07:10pm,Citi Field,outdoor,,-221.00,-221,7/30/2026,0.3113,,,,No,,,3.5,26.75059053,73.25,26.75059053,0.31,,0,,0.31,,0.31,0,Push
Underdog,MLB,,Luis Robert,CF,,Batter Walks,0.5,,,7/30/2026,7/30/2026,pre_game,MLB,standard,https://assets.underdogfantasy.com/player-images/mlb/20260324_02-213bd941-37dc-40a1-ab22-1d62cebb6bc1.png,,0.5,27.64,72.36,-8.59,72.36,Under,https://www.freeiconspng.com/img/1934,,Yes,-1.40,8.5,Marlins @ Mets,2026-07-30T23:10:00Z,Thu 07:10pm,Citi Field,outdoor,,-262.00,4/12/1899,7/30/2026,0.2764,,,,No,,,3.5,24.14905337,75.85,24.14905337,0.28,,0,,0.28,,0.28,0,Push
Underdog,MLB,,Joe Mack,C,,Batter Walks,0.5,,,7/30/2026,7/30/2026,pre_game,MLB,standard,https://assets.underdogfantasy.com/player-images/mlb/20260510_06-35abdc6e-a947-40ac-bc8d-c2236dab5508.png,,0.5,29.27,70.73,-4.88,70.73,Under,https://www.freeiconspng.com/img/1934,,Yes,-1.40,8.5,Marlins @ Mets,2026-07-30T23:10:00Z,Thu 07:10pm,Citi Field,outdoor,,-242.00,5/2/1899,7/30/2026,0.2927,,,,No,,,3.5,25.37540191,74.62,25.37540191,0.29,,0,,0.29,,0.29,0,Push
Underdog,MLB,,Luis Robert,CF,,Stolen Bases,0.5,,,7/30/2026,7/30/2026,pre_game,MLB,standard,https://assets.underdogfantasy.com/player-images/mlb/20260324_02-213bd941-37dc-40a1-ab22-1d62cebb6bc1.png,,0.5,22.97,77.03,0.67,77.03,Under,https://www.freeiconspng.com/img/1934,,Yes,-1.40,8.5,Marlins @ Mets,2026-07-30T23:10:00Z,Thu 07:10pm,Citi Field,outdoor,,-335.00,-335,7/30/2026,0.2297,,,,No,,,3.5,30.56992118,69.43,30.56992118,0.23,,0,,0.23,,0.32,0.5,Push
Underdog,MLB,,A.J. Ewing,CF,,Stolen Bases,0.5,,,7/30/2026,7/30/2026,pre_game,MLB,standard,https://assets.underdogfantasy.com/player-images/mlb/20260513_16-0d970dde-71f2-463c-adfb-0485f7106685.png,,0.5,22.06,77.94,1.03,77.94,Under,https://www.freeiconspng.com/img/1934,,Yes,-1.40,8.5,Marlins @ Mets,2026-07-30T23:10:00Z,Thu 07:10pm,Citi Field,outdoor,,-353.00,-353,7/30/2026,0.2206,,,,No,,,3.5,30.25329454,69.75,30.25329454,0.22,,0,,0.22,,0.31,0.5,Push
Underdog,MLB,,Carson Benge,RF,,Stolen Bases,0.5,,,7/30/2026,7/30/2026,pre_game,MLB,standard,https://assets.underdogfantasy.com/player-images/mlb/20260324_02-9cde61dd-392a-47c5-add9-08567273122c.png,,0.5,15.57,84.43,-1.04,84.43,Under,https://www.freeiconspng.com/img/1934,,Yes,-1.40,8.5,Marlins @ Mets,2026-07-30T23:10:00Z,Thu 07:10pm,Citi Field,outdoor,,-542.00,-542,7/30/2026,0.1557,,,,No,,,3.5,27.95289177,72.05,27.95289177,0.16,,0,,0.16,,0.27,0.5,Push
Underdog,MLB,,Freddie Freeman,1B,,Hits + Runs + RBIs,1.5,,,7/30/2026,Thu 10:10pm,pre_game,MLB,standard,https://assets.underdogfantasy.com/player-images/mlb/20260424_14-ea1a2111-44cc-4996-babb-9439465e6760.png,,1.5,54.15,45.85,-2.75,54.15,Over,https://www.freeiconspng.com/img/1934,2026-07-31T02:11:00Z,Yes,-1.50,8.7,Mariners @ Dodgers,2026-07-31T02:10:00Z,Thu 10:10pm,UNIQLO Field at Dodger Stadium,outdoor,MLB Network,-118.00,-118,7/30/2026,1.6245,,,,No,SEA,6.27,2.49,48.29468465,51.71,48.29468465,1.62,,0,,1.62,,1.62,0,Great Bet
Underdog,MLB,,Mookie Betts,SS,,Hits + Runs + RBIs,1.5,,,7/30/2026,Thu 10:10pm,pre_game,MLB,standard,https://assets.underdogfantasy.com/player-images/mlb/20260325_03-084d2514-9ffb-414e-ae16-3bc690aaad51.png,,1.5,50.23,49.77,-8.04,50.23,Over,https://www.freeiconspng.com/img/1934,2026-07-31T02:11:00Z,Yes,-1.50,8.7,Mariners @ Dodgers,2026-07-31T02:10:00Z,Thu 10:10pm,UNIQLO Field at Dodger Stadium,outdoor,MLB Network,-101.00,9/20/1899,7/30/2026,1.5069,,,,No,SEA,5.46,2.05,44.44813349,55.55,44.44813349,1.51,,0,,1.51,,1.51,0,Great Bet
Underdog,MLB,,Fernando Tatis,RF,,Hits + Runs + RBIs,1.5,,,7/30/2026,Thu 09:40pm,pre_game,MLB,standard,https://assets.underdogfantasy.com/player-images/mlb/20260324_03-bd22364f-1ff4-4ddc-8315-0a4c95cff960.png,,1.5,55.93,44.07,-3.25,55.93,Over,https://www.freeiconspng.com/img/1934,2026-07-31T01:41:00Z,Yes,-1.50,8.3,Giants @ Padres,2026-07-31T01:40:00Z,Thu 09:40pm,Petco Park,outdoor,,-127.00,8/25/1899,7/30/2026,1.6779,,,,No,SF,8.13,3.03,49.98599375,50.01,49.98599375,1.68,,0,,1.68,,1.68,0,Great Bet
Underdog,MLB,,Cal Raleigh,C,,Hits + Runs + RBIs,1.5,,,7/30/2026,Thu 10:10pm,pre_game,MLB,standard,https://assets.underdogfantasy.com/player-images/mlb/20260323_23-7f4e9216-53eb-468a-bf55-9d8026c05642.png,,0.5,59.33,40.67,-0.18,59.33,Over,https://www.freeiconspng.com/img/1934,2026-07-31T02:11:00Z,Yes,-1.50,8.7,Mariners @ Dodgers,2026-07-31T02:10:00Z,Thu 10:10pm,UNIQLO Field at Dodger Stadium,outdoor,MLB Network,-146.00,8/6/1899,7/30/2026,0.5933,,,,No,LAD,5.53,2.61,11.97001253,88.03,11.97001253,0.59,2,0.03967,over,0.59,0.632972,0.61,0,Push
Underdog,MLB,,Fernando Tatis,RF,,Home Runs,0.5,,,7/30/2026,Thu 09:40pm,pre_game,MLB,standard,https://assets.underdogfantasy.com/player-images/mlb/20260324_03-bd22364f-1ff4-4ddc-8315-0a4c95cff960.png,,0.5,18.97,81.03,-0.28,81.03,Under,https://www.freeiconspng.com/img/1934,2026-07-31T01:41:00Z,Yes,-1.50,8.3,Giants @ Padres,2026-07-31T01:40:00Z,Thu 09:40pm,Petco Park,outdoor,,-427.00,-427,7/30/2026,0.1897,,,,No,SF,8.13,3.03,29.16734055,70.83,29.16734055,0.19,,0,,0.19,,0.29,0.5,Push
Underdog,MLB,,Freddie Freeman,1B,,Home Runs,0.5,,,7/30/2026,Thu 10:10pm,pre_game,MLB,standard,https://assets.underdogfantasy.com/player-images/mlb/20260424_14-ea1a2111-44cc-4996-babb-9439465e6760.png,,0.5,18.05,81.95,-0.69,81.95,Under,https://www.freeiconspng.com/img/1934,2026-07-31T02:11:00Z,Yes,-1.50,8.7,Mariners @ Dodgers,2026-07-31T02:10:00Z,Thu 10:10pm,UNIQLO Field at Dodger Stadium,outdoor,MLB Network,-454.00,10/2/1898,7/30/2026,0.1805,,,,No,SEA,6.27,2.49,28.84075976,71.16,28.84075976,0.18,,0,,0.18,,0.29,0.5,Push
Underdog,MLB,,Cal Raleigh,C,,Home Runs,0.5,,,7/30/2026,Thu 10:10pm,pre_game,MLB,standard,https://assets.underdogfantasy.com/player-images/mlb/20260323_23-7f4e9216-53eb-468a-bf55-9d8026c05642.png,,0.5,22.32,77.68,-1.7,77.68,Under,https://www.freeiconspng.com/img/1934,2026-07-31T02:11:00Z,Yes,-1.50,8.7,Mariners @ Dodgers,2026-07-31T02:10:00Z,Thu 10:10pm,UNIQLO Field at Dodger Stadium,outdoor,MLB Network,-348.00,1/16/1899,7/30/2026,0.2232,,,,No,LAD,5.53,2.61,30.34390635,69.66,30.34390635,0.22,7,0.00992,over,0.22,0.233118,0.29,0.5,Best Bet
Underdog,MLB,,Mookie Betts,SS,,Home Runs,0.5,,,7/30/2026,Thu 10:10pm,pre_game,MLB,standard,https://assets.underdogfantasy.com/player-images/mlb/20260325_03-084d2514-9ffb-414e-ae16-3bc690aaad51.png,,0.5,15.7,84.3,-1.17,84.3,Under,https://www.freeiconspng.com/img/1934,2026-07-31T02:11:00Z,Yes,-1.50,8.7,Mariners @ Dodgers,2026-07-31T02:10:00Z,Thu 10:10pm,UNIQLO Field at Dodger Stadium,outdoor,MLB Network,-537.00,-537,7/30/2026,0.157,,,,No,SEA,5.46,2.05,27.99970718,72.00,27.99970718,0.16,,0,,0.16,,0.27,0.5,Push
Underdog,MLB,,Freddie Freeman,1B,,Total Bases,1.5,,,7/30/2026,Thu 10:10pm,pre_game,MLB,standard,https://assets.underdogfantasy.com/player-images/mlb/20260424_14-ea1a2111-44cc-4996-babb-9439465e6760.png,,1.5,44.91,55.09,,57.81,Over,https://www.freeiconspng.com/img/1934,2026-07-31T02:11:00Z,Yes,-1.50,8.7,Mariners @ Dodgers,2026-07-31T02:10:00Z,Thu 10:10pm,UNIQLO Field at Dodger Stadium,outdoor,MLB Network,-137.00,8/15/1899,7/30/2026,1.3473,,,,No,SEA,6.27,2.49,23.61818769,76.38,23.61818769,1.35,,0,,1.35,,1.06,0.5,Push
Underdog,MLB,,Fernando Tatis,RF,,Total Bases,1.5,,,7/30/2026,Thu 09:40pm,pre_game,MLB,standard,https://assets.underdogfantasy.com/player-images/mlb/20260324_03-bd22364f-1ff4-4ddc-8315-0a4c95cff960.png,,1.5,43.49,56.51,-4.43,56.51,Under,https://www.freeiconspng.com/img/1934,2026-07-31T01:41:00Z,Yes,-1.50,8.3,Giants @ Padres,2026-07-31T01:40:00Z,Thu 09:40pm,Petco Park,outdoor,,-130.00,8/22/1899,7/30/2026,1.3047,,,,No,SF,8.13,3.03,22.83776526,77.16,22.83776526,1.30,,0,,1.3,,1.04,0.5,Push
Underdog,MLB,,Mookie Betts,SS,,Total Bases,1.5,,,7/30/2026,Thu 10:10pm,pre_game,MLB,standard,https://assets.underdogfantasy.com/player-images/mlb/20260325_03-084d2514-9ffb-414e-ae16-3bc690aaad51.png,,1.5,40.75,59.25,0.07,59.25,Under,https://www.freeiconspng.com/img/1934,2026-07-31T02:11:00Z,Yes,-1.50,8.7,Mariners @ Dodgers,2026-07-31T02:10:00Z,Thu 10:10pm,UNIQLO Field at Dodger Stadium,outdoor,MLB Network,-145.00,-145,7/30/2026,1.2225,,,,No,SEA,5.46,2.05,21.33734723,78.66,21.33734723,1.22,,0,,1.22,,0.98,0.5,Push
Underdog,MLB,,Fernando Tatis,RF,,Hitter Fantasy Score,8.5,,,7/30/2026,Thu 09:40pm,pre_game,MLB,standard,https://assets.underdogfantasy.com/player-images/mlb/20260324_03-bd22364f-1ff4-4ddc-8315-0a4c95cff960.png,,,,,,,,,,,,,Giants @ Padres,2026-07-31T01:40:00Z,Thu 09:40pm,Petco Park,outdoor,,,,,8.13,,,,No,SF,8.13,3.03,48.91176471,51.09,51.08823529,8.13,,0,,7.12,,5.92,2.5,Push
Underdog,MLB,,Freddie Freeman,1B,,Hitter Fantasy Score,6.5,,,7/30/2026,Thu 10:10pm,pre_game,MLB,standard,https://assets.underdogfantasy.com/player-images/mlb/20260424_14-ea1a2111-44cc-4996-babb-9439465e6760.png,,,,,,,,,,,,,Mariners @ Dodgers,2026-07-31T02:10:00Z,Thu 10:10pm,UNIQLO Field at Dodger Stadium,outdoor,MLB Network,,,,6.27,,,,No,SEA,6.27,2.49,49.11538462,50.88,50.88461538,6.27,,0,,6.27,,5.01,2.5,Push
Underdog,MLB,,Mookie Betts,SS,,Hitter Fantasy Score,5.5,,,7/30/2026,Thu 10:10pm,pre_game,MLB,standard,https://assets.underdogfantasy.com/player-images/mlb/20260325_03-084d2514-9ffb-414e-ae16-3bc690aaad51.png,,,,,,,,,,,,,Mariners @ Dodgers,2026-07-31T02:10:00Z,Thu 10:10pm,UNIQLO Field at Dodger Stadium,outdoor,MLB Network,,,,5.46,,,,No,SEA,5.46,2.05,66.71227972,33.29,33.28772028,5.46,,0,,4.22,,4.06,2.5,Push
Underdog,MLB,,Cal Raleigh,C,,Hitter Fantasy Score,5.5,,,7/30/2026,Thu 10:10pm,pre_game,MLB,standard,https://assets.underdogfantasy.com/player-images/mlb/20260323_23-7f4e9216-53eb-468a-bf55-9d8026c05642.png,,,,,,,,,,,,,Mariners @ Dodgers,2026-07-31T02:10:00Z,Thu 10:10pm,UNIQLO Field at Dodger Stadium,outdoor,MLB Network,,,,5.53,,,,No,LAD,5.53,2.61,69.21922541,30.78,30.78077459,5.53,3,0.41029,over,4.62,5.940292,4.4,1.5,Good Bet
Underdog,MLB,,Freddie Freeman,1B,,Hits,0.5,,,7/30/2026,Thu 10:10pm,pre_game,MLB,standard,https://assets.underdogfantasy.com/player-images/mlb/20260424_14-ea1a2111-44cc-4996-babb-9439465e6760.png,,1.5,30.96,69.04,1.51,69.04,Under,https://www.freeiconspng.com/img/1934,2026-07-31T02:11:00Z,Yes,-1.50,8.7,Mariners @ Dodgers,2026-07-31T02:10:00Z,Thu 10:10pm,UNIQLO Field at Dodger Stadium,outdoor,MLB Network,-223.00,-223,7/30/2026,0.9288,,,,No,SEA,6.27,2.49,51.05142849,48.95,51.05142849,0.93,,0,,0.93,,0.79,0.5,Great Bet
Underdog,MLB,,Cal Raleigh,C,,Hits,0.5,,,7/30/2026,Thu 10:10pm,pre_game,MLB,standard,https://assets.underdogfantasy.com/player-images/mlb/20260323_23-7f4e9216-53eb-468a-bf55-9d8026c05642.png,,0.5,51.18,48.82,-8.99,51.18,Over,https://www.freeiconspng.com/img/1934,2026-07-31T02:11:00Z,Yes,-1.50,8.7,Mariners @ Dodgers,2026-07-31T02:10:00Z,Thu 10:10pm,UNIQLO Field at Dodger Stadium,outdoor,MLB Network,-105.00,-105,7/30/2026,0.5118,,,,No,LAD,5.53,2.61,39.70373352,60.30,39.70373352,0.51,1,0.04594,over,0.51,0.557736,0.52,0.5,Good Bet
Underdog,MLB,,Fernando Tatis,RF,,Hits,0.5,,,7/30/2026,Thu 09:40pm,pre_game,MLB,standard,https://assets.underdogfantasy.com/player-images/mlb/20260324_03-bd22364f-1ff4-4ddc-8315-0a4c95cff960.png,,0.5,66.75,33.25,-4.68,66.75,Over,https://www.freeiconspng.com/img/1934,2026-07-31T01:41:00Z,Yes,-1.50,8.3,Giants @ Padres,2026-07-31T01:40:00Z,Thu 09:40pm,Petco Park,outdoor,,-201.00,-201,7/30/2026,0.6675,,,,No,SF,8.13,3.03,44.21973204,55.78,44.21973204,0.67,,0,,0.67,,0.61,0.5,Good Bet
Underdog,MLB,,Mookie Betts,SS,,Hits,0.5,,,7/30/2026,Thu 10:10pm,pre_game,MLB,standard,https://assets.underdogfantasy.com/player-images/mlb/20260325_03-084d2514-9ffb-414e-ae16-3bc690aaad51.png,,0.5,64.18,35.82,-2.93,64.18,Over,https://www.freeiconspng.com/img/1934,2026-07-31T02:11:00Z,Yes,-1.50,8.7,Mariners @ Dodgers,2026-07-31T02:10:00Z,Thu 10:10pm,UNIQLO Field at Dodger Stadium,outdoor,MLB Network,-179.00,-179,7/30/2026,0.6418,,,,No,SEA,5.46,2.05,43.49833052,56.50,43.49833052,0.64,,0,,0.64,,0.59,0.5,Good Bet
Underdog,MLB,,Mookie Betts,SS,,Runs,0.5,,,7/30/2026,Thu 10:10pm,pre_game,MLB,standard,https://assets.underdogfantasy.com/player-images/mlb/20260325_03-084d2514-9ffb-414e-ae16-3bc690aaad51.png,,0.5,42.76,57.24,,57.81,Over,https://www.freeiconspng.com/img/1934,2026-07-31T02:11:00Z,Yes,-1.50,8.7,Mariners @ Dodgers,2026-07-31T02:10:00Z,Thu 10:10pm,UNIQLO Field at Dodger Stadium,outdoor,MLB Network,-137.00,-137,7/30/2026,0.4276,,,,No,SEA,5.46,2.05,37.11106802,62.89,37.11106802,0.43,,0,,0.43,,0.45,0.5,Push
Underdog,MLB,,Freddie Freeman,1B,,Runs,0.5,,,7/30/2026,Thu 10:10pm,pre_game,MLB,standard,https://assets.underdogfantasy.com/player-images/mlb/20260424_14-ea1a2111-44cc-4996-babb-9439465e6760.png,,0.5,47.03,52.97,,57.81,Over,https://www.freeiconspng.com/img/1934,2026-07-31T02:11:00Z,Yes,-1.50,8.7,Mariners @ Dodgers,2026-07-31T02:10:00Z,Thu 10:10pm,UNIQLO Field at Dodger Stadium,outdoor,MLB Network,-137.00,-137,7/30/2026,0.4703,,,,No,SEA,6.27,2.49,38.43951509,61.56,38.43951509,0.47,,0,,0.47,,0.48,0.5,Push
Underdog,MLB,,Fernando Tatis,RF,,Runs,0.5,,,7/30/2026,Thu 09:40pm,pre_game,MLB,standard,https://assets.underdogfantasy.com/player-images/mlb/20260324_03-bd22364f-1ff4-4ddc-8315-0a4c95cff960.png,,0.5,51.82,48.18,-3.74,51.82,Over,https://www.freeiconspng.com/img/1934,2026-07-31T01:41:00Z,Yes,-1.50,8.3,Giants @ Padres,2026-07-31T01:40:00Z,Thu 09:40pm,Petco Park,outdoor,,-108.00,-108,7/30/2026,0.5182,,,,No,SF,8.13,3.03,39.89637319,60.10,39.89637319,0.52,,0,,0.52,,0.51,0.5,Good Bet
Underdog,MLB,,Cal Raleigh,C,,Runs,0.5,,,7/30/2026,Thu 10:10pm,pre_game,MLB,standard,https://assets.underdogfantasy.com/player-images/mlb/20260323_23-7f4e9216-53eb-468a-bf55-9d8026c05642.png,,0.5,40.31,59.69,-1.7,59.69,Under,https://www.freeiconspng.com/img/1934,2026-07-31T02:11:00Z,Yes,-1.50,8.7,Mariners @ Dodgers,2026-07-31T02:10:00Z,Thu 10:10pm,UNIQLO Field at Dodger Stadium,outdoor,MLB Network,-148.00,-148,7/30/2026,0.4031,,,,No,LAD,5.53,2.61,36.33594065,63.66,36.33594065,0.40,2,0.04881,over,0.4,0.451907,0.44,0.5,Best Bet
Underdog,MLB,,Cal Raleigh,C,,RBIs,0.5,,,7/30/2026,Thu 10:10pm,pre_game,MLB,standard,https://assets.underdogfantasy.com/player-images/mlb/20260323_23-7f4e9216-53eb-468a-bf55-9d8026c05642.png,,0.5,33.59,66.41,-5.02,66.41,Under,https://www.freeiconspng.com/img/1934,2026-07-31T02:11:00Z,Yes,-1.50,8.7,Mariners @ Dodgers,2026-07-31T02:10:00Z,Thu 10:10pm,UNIQLO Field at Dodger Stadium,outdoor,MLB Network,-198.00,-198,7/30/2026,0.3359,,,,No,LAD,5.53,2.61,34.16048526,65.84,34.16048526,0.34,2,0.03967,over,0.34,0.375572,0.39,0.5,Best Bet
Underdog,MLB,,Freddie Freeman,1B,,RBIs,0.5,,,7/30/2026,Thu 10:10pm,pre_game,MLB,standard,https://assets.underdogfantasy.com/player-images/mlb/20260424_14-ea1a2111-44cc-4996-babb-9439465e6760.png,,0.5,35.88,64.12,-3.09,64.12,Under,https://www.freeiconspng.com/img/1934,2026-07-31T02:11:00Z,Yes,-1.50,8.7,Mariners @ Dodgers,2026-07-31T02:10:00Z,Thu 10:10pm,UNIQLO Field at Dodger Stadium,outdoor,MLB Network,-179.00,-179,7/30/2026,0.3588,,,,No,SEA,6.27,2.49,34.91004827,65.09,34.91004827,0.36,,0,,0.36,,0.41,0.5,Push
Underdog,MLB,,Mookie Betts,SS,,RBIs,0.5,,,7/30/2026,Thu 10:10pm,pre_game,MLB,standard,https://assets.underdogfantasy.com/player-images/mlb/20260325_03-084d2514-9ffb-414e-ae16-3bc690aaad51.png,,0.5,34.37,65.63,-5.8,65.63,Under,https://www.freeiconspng.com/img/1934,2026-07-31T02:11:00Z,Yes,-1.50,8.7,Mariners @ Dodgers,2026-07-31T02:10:00Z,Thu 10:10pm,UNIQLO Field at Dodger Stadium,outdoor,MLB Network,-191.00,-191,7/30/2026,0.3437,,,,No,SEA,5.46,2.05,34.41675931,65.58,34.41675931,0.34,,0,,0.34,,0.4,0.5,Push
Underdog,MLB,,Fernando Tatis,RF,,RBIs,0.5,,,7/30/2026,Thu 09:40pm,pre_game,MLB,standard,https://assets.underdogfantasy.com/player-images/mlb/20260324_03-bd22364f-1ff4-4ddc-8315-0a4c95cff960.png,,0.5,35.15,64.85,-4.38,64.85,Under,https://www.freeiconspng.com/img/1934,2026-07-31T01:41:00Z,Yes,-1.50,8.3,Giants @ Padres,2026-07-31T01:40:00Z,Thu 09:40pm,Petco Park,outdoor,,-184.00,-184,7/30/2026,0.3515,,,,No,SF,8.13,3.03,34.67203584,65.33,34.67203584,0.35,,0,,0.35,,0.4,0.5,Push
Underdog,MLB,,Freddie Freeman,1B,,Singles,0.5,,,7/30/2026,Thu 10:10pm,pre_game,MLB,standard,https://assets.underdogfantasy.com/player-images/mlb/20260424_14-ea1a2111-44cc-4996-babb-9439465e6760.png,,0.5,50.25,49.75,-8.06,50.25,Over,https://www.freeiconspng.com/img/1934,2026-07-31T02:11:00Z,Yes,-1.50,8.7,Mariners @ Dodgers,2026-07-31T02:10:00Z,Thu 10:10pm,UNIQLO Field at Dodger Stadium,outdoor,MLB Network,-101.00,-101,7/30/2026,0.5025,,,,No,SEA,6.27,2.49,39.422703,60.58,39.422703,0.50,,0,,0.5,,0.5,0.5,Good Bet
Underdog,MLB,,Fernando Tatis,RF,,Singles,0.5,,,7/30/2026,Thu 09:40pm,pre_game,MLB,standard,https://assets.underdogfantasy.com/player-images/mlb/20260324_03-bd22364f-1ff4-4ddc-8315-0a4c95cff960.png,,0.5,49.73,50.27,-4.28,50.27,Under,https://www.freeiconspng.com/img/1934,2026-07-31T01:41:00Z,Yes,-1.50,8.3,Giants @ Padres,2026-07-31T01:40:00Z,Thu 09:40pm,Petco Park,outdoor,,-101.00,-101,7/30/2026,0.4973,,,,No,SF,8.13,3.03,39.26499709,60.74,39.26499709,0.50,,0,,0.5,,0.5,0.5,Push
Underdog,MLB,,Cal Raleigh,C,,Singles,0.5,,,7/30/2026,Thu 10:10pm,pre_game,MLB,standard,https://assets.underdogfantasy.com/player-images/mlb/20260323_23-7f4e9216-53eb-468a-bf55-9d8026c05642.png,,0.5,29.97,70.03,-6.44,70.03,Under,https://www.freeiconspng.com/img/1934,2026-07-31T02:11:00Z,Yes,-1.50,8.7,Mariners @ Dodgers,2026-07-31T02:10:00Z,Thu 10:10pm,UNIQLO Field at Dodger Stadium,outdoor,MLB Network,-234.00,-234,7/30/2026,0.2997,,,,No,LAD,5.53,2.61,32.95793984,67.04,32.95793984,0.30,3,0.41029,over,0.3,0.709992,0.45,0.5,Great Bet
Underdog,MLB,,Mookie Betts,SS,,Singles,0.5,,,7/30/2026,Thu 10:10pm,pre_game,MLB,standard,https://assets.underdogfantasy.com/player-images/mlb/20260325_03-084d2514-9ffb-414e-ae16-3bc690aaad51.png,,0.5,48.2,51.8,-6.01,51.8,Under,https://www.freeiconspng.com/img/1934,2026-07-31T02:11:00Z,Yes,-1.50,8.7,Mariners @ Dodgers,2026-07-31T02:10:00Z,Thu 10:10pm,UNIQLO Field at Dodger Stadium,outdoor,MLB Network,-107.00,-107,7/30/2026,0.482,,,,No,SEA,5.46,2.05,62.87946999,37.12,62.87946999,0.48,,0,,0.48,,0.82,1.5,Great Bet
Underdog,MLB,,Freddie Freeman,1B,,Batter Strikeouts,0.5,,,7/30/2026,Thu 10:10pm,pre_game,MLB,standard,https://assets.underdogfantasy.com/player-images/mlb/20260424_14-ea1a2111-44cc-4996-babb-9439465e6760.png,,0.5,54.2,45.8,-3.25,54.2,Over,https://www.freeiconspng.com/img/1934,2026-07-31T02:11:00Z,Yes,-1.50,8.7,Mariners @ Dodgers,2026-07-31T02:10:00Z,Thu 10:10pm,UNIQLO Field at Dodger Stadium,outdoor,MLB Network,-118.00,-118,7/30/2026,0.542,,,,No,SEA,6.27,2.49,41.84160794,58.16,41.84160794,0.54,,0,,0.54,,0.54,0,Great Bet
Underdog,MLB,,Fernando Tatis,RF,,Batter Strikeouts,0.5,,,7/30/2026,Thu 09:40pm,pre_game,MLB,standard,https://assets.underdogfantasy.com/player-images/mlb/20260324_03-bd22364f-1ff4-4ddc-8315-0a4c95cff960.png,,0.5,61.05,38.95,-3.98,61.05,Over,https://www.freeiconspng.com/img/1934,2026-07-31T01:41:00Z,Yes,-1.50,8.3,Giants @ Padres,2026-07-31T01:40:00Z,Thu 09:40pm,Petco Park,outdoor,,-157.00,-157,7/30/2026,0.6105,,,,No,SF,8.13,3.03,45.69207385,54.31,45.69207385,0.61,,0,,0.61,,0.61,0,Great Bet
Underdog,MLB,,Cal Raleigh,C,,Batter Strikeouts,1.5,,,7/30/2026,Thu 10:10pm,pre_game,MLB,standard,https://assets.underdogfantasy.com/player-images/mlb/20260323_23-7f4e9216-53eb-468a-bf55-9d8026c05642.png,,1.5,50,50,,57.81,Over,https://www.freeiconspng.com/img/1934,2026-07-31T02:11:00Z,Yes,-1.50,8.7,Mariners @ Dodgers,2026-07-31T02:10:00Z,Thu 10:10pm,UNIQLO Field at Dodger Stadium,outdoor,MLB Network,-137.00,-137,7/30/2026,1.5,,,,No,LAD,5.53,2.61,44.21745996,55.78,44.21745996,1.50,3,0.41029,over,1.5,1.910292,1.64,0,Push
Underdog,MLB,,Mookie Betts,SS,,Batter Strikeouts,0.5,,,7/30/2026,Thu 10:10pm,pre_game,MLB,standard,https://assets.underdogfantasy.com/player-images/mlb/20260325_03-084d2514-9ffb-414e-ae16-3bc690aaad51.png,,0.5,46.04,53.96,,57.81,Over,https://www.freeiconspng.com/img/1934,2026-07-31T02:11:00Z,Yes,-1.50,8.7,Mariners @ Dodgers,2026-07-31T02:10:00Z,Thu 10:10pm,UNIQLO Field at Dodger Stadium,outdoor,MLB Network,-137.00,-137,7/30/2026,0.4604,,,,No,SEA,5.46,2.05,36.89688175,63.10,36.89688175,0.46,,0,,0.46,,0.46,0,Push
Underdog,MLB,,Freddie Freeman,1B,,Batter Walks,0.5,,,7/30/2026,Thu 10:10pm,pre_game,MLB,standard,https://assets.underdogfantasy.com/player-images/mlb/20260424_14-ea1a2111-44cc-4996-babb-9439465e6760.png,,0.5,32.74,67.26,-7.74,67.26,Under,https://www.freeiconspng.com/img/1934,2026-07-31T02:11:00Z,Yes,-1.50,8.7,Mariners @ Dodgers,2026-07-31T02:10:00Z,Thu 10:10pm,UNIQLO Field at Dodger Stadium,outdoor,MLB Network,-205.00,-205,7/30/2026,0.3274,,,,No,SEA,6.27,2.49,27.92046328,72.08,27.92046328,0.33,,0,,0.33,,0.33,0,Push
Underdog,MLB,,Mookie Betts,SS,,Batter Walks,0.5,,,7/30/2026,Thu 10:10pm,pre_game,MLB,standard,https://assets.underdogfantasy.com/player-images/mlb/20260325_03-084d2514-9ffb-414e-ae16-3bc690aaad51.png,,0.5,29.74,70.26,-8.69,70.26,Under,https://www.freeiconspng.com/img/1934,2026-07-31T02:11:00Z,Yes,-1.50,8.7,Mariners @ Dodgers,2026-07-31T02:10:00Z,Thu 10:10pm,UNIQLO Field at Dodger Stadium,outdoor,MLB Network,-236.00,-236,7/30/2026,0.2974,,,,No,SEA,5.46,2.05,25.72531458,74.27,25.72531458,0.30,,0,,0.3,,0.3,0,Push
Underdog,MLB,,Fernando Tatis,RF,,Batter Walks,0.5,,,7/30/2026,Thu 09:40pm,pre_game,MLB,standard,https://assets.underdogfantasy.com/player-images/mlb/20260324_03-bd22364f-1ff4-4ddc-8315-0a4c95cff960.png,,0.5,45.17,54.83,,57.81,Over,https://www.freeiconspng.com/img/1934,2026-07-31T01:41:00Z,Yes,-1.50,8.3,Giants @ Padres,2026-07-31T01:40:00Z,Thu 09:40pm,Petco Park,outdoor,,-137.00,-137,7/30/2026,0.4517,,,,No,SF,8.13,3.03,36.34548954,63.65,36.34548954,0.45,,0,,0.45,,0.45,0,Push
Underdog,MLB,,Cal Raleigh,C,,Batter Walks,0.5,,,7/30/2026,Thu 10:10pm,pre_game,MLB,standard,https://assets.underdogfantasy.com/player-images/mlb/20260323_23-7f4e9216-53eb-468a-bf55-9d8026c05642.png,,0.5,41.59,58.41,-4.55,58.41,Under,https://www.freeiconspng.com/img/1934,2026-07-31T02:11:00Z,Yes,-1.50,8.7,Mariners @ Dodgers,2026-07-31T02:10:00Z,Thu 10:10pm,UNIQLO Field at Dodger Stadium,outdoor,MLB Network,-140.00,-140,7/30/2026,0.4159,,,,No,LAD,5.53,2.61,34.02537582,65.97,34.02537582,0.42,4,0.03915,over,0.42,0.45505,0.43,0,Push
Underdog,MLB,,Freddie Freeman,1B,,Stolen Bases,0.5,,,7/30/2026,Thu 10:10pm,pre_game,MLB,standard,https://assets.underdogfantasy.com/player-images/mlb/20260424_14-ea1a2111-44cc-4996-babb-9439465e6760.png,,0.5,9.11,90.89,-2.57,90.89,Under,https://www.freeiconspng.com/img/1934,2026-07-31T02:11:00Z,Yes,-1.50,8.7,Mariners @ Dodgers,2026-07-31T02:10:00Z,Thu 10:10pm,UNIQLO Field at Dodger Stadium,outdoor,MLB Network,-998.00,-998,7/30/2026,0.0911,,,,No,SEA,6.27,2.49,25.58777923,74.41,25.58777923,0.09,,0,,0.09,,0.23,0.5,Push
Underdog,MLB,,Fernando Tatis,RF,,Stolen Bases,0.5,,,7/30/2026,Thu 09:40pm,pre_game,MLB,standard,https://assets.underdogfantasy.com/player-images/mlb/20260324_03-bd22364f-1ff4-4ddc-8315-0a4c95cff960.png,,0.5,31.68,68.32,-6.36,68.32,Under,https://www.freeiconspng.com/img/1934,2026-07-31T01:41:00Z,Yes,-1.50,8.3,Giants @ Padres,2026-07-31T01:40:00Z,Thu 09:40pm,Petco Park,outdoor,,-216.00,-216,7/30/2026,0.3168,,,,No,SF,8.13,3.03,33.52870595,66.47,33.52870595,0.32,,0,,0.32,,0.38,0.5,Push
Underdog,MLB,,Mookie Betts,SS,,Doubles,0.5,,,7/30/2026,Thu 10:10pm,pre_game,MLB,standard,https://assets.underdogfantasy.com/player-images/mlb/20260325_03-084d2514-9ffb-414e-ae16-3bc690aaad51.png,,0.5,18.94,81.06,-7.83,81.06,Under,https://www.freeiconspng.com/img/1934,2026-07-31T02:11:00Z,Yes,-1.50,8.7,Mariners @ Dodgers,2026-07-31T02:10:00Z,Thu 10:10pm,UNIQLO Field at Dodger Stadium,outdoor,MLB Network,-428.00,-428,7/30/2026,0.1894,,,,No,SEA,5.46,2.05,29.15671486,70.84,29.15671486,0.19,,0,,0.19,,0.29,0.5,Push
Underdog,MLB,,Freddie Freeman,1B,,Doubles,0.5,,,7/30/2026,Thu 10:10pm,pre_game,MLB,standard,https://assets.underdogfantasy.com/player-images/mlb/20260424_14-ea1a2111-44cc-4996-babb-9439465e6760.png,,0.5,22.29,77.71,-8.21,77.71,Under,https://www.freeiconspng.com/img/1934,2026-07-31T02:11:00Z,Yes,-1.50,8.7,Mariners @ Dodgers,2026-07-31T02:10:00Z,Thu 10:10pm,UNIQLO Field at Dodger Stadium,outdoor,MLB Network,-349.00,-349,7/30/2026,0.2229,,,,No,SEA,6.27,2.49,30.33345715,69.67,30.33345715,0.22,,0,,0.22,,0.32,0.5,Push
Underdog,MLB,,Cal Raleigh,C,,Doubles,0.5,,,7/30/2026,Thu 10:10pm,pre_game,MLB,standard,https://assets.underdogfantasy.com/player-images/mlb/20260323_23-7f4e9216-53eb-468a-bf55-9d8026c05642.png,,0.5,13.88,86.12,-4.95,86.12,Under,https://www.freeiconspng.com/img/1934,2026-07-31T02:11:00Z,Yes,-1.50,8.7,Mariners @ Dodgers,2026-07-31T02:10:00Z,Thu 10:10pm,UNIQLO Field at Dodger Stadium,outdoor,MLB Network,-620.00,-620,7/30/2026,0.1388,,,,No,LAD,5.53,2.61,27.34151428,72.66,27.34151428,0.14,8,0.01018,over,0.14,0.148979,0.26,0.5,Best Bet
Underdog,MLB,,Fernando Tatis,RF,,Doubles,0.5,,,7/30/2026,Thu 09:40pm,pre_game,MLB,standard,https://assets.underdogfantasy.com/player-images/mlb/20260324_03-bd22364f-1ff4-4ddc-8315-0a4c95cff960.png,,0.5,19.25,80.75,-3.87,80.75,Under,https://www.freeiconspng.com/img/1934,2026-07-31T01:41:00Z,Yes,-1.50,8.3,Giants @ Padres,2026-07-31T01:40:00Z,Thu 09:40pm,Petco Park,outdoor,,-419.00,-419,7/30/2026,0.1925,,,,No,SF,8.13,3.03,29.26643689,70.73,29.26643689,0.19,,0,,0.19,,0.29,0.5,Push
Underdog,MLB,,Manny Machado,3B,,Hits + Runs + RBIs,1.5,,,7/30/2026,Thu 09:40pm,pre_game,MLB,standard,https://assets.underdogfantasy.com/player-images/mlb/20260506_15-3bb4a60b-953e-4bef-8b25-c6f07d54eddf.png,,1.5,53.82,46.18,-3.63,53.82,Over,https://www.freeiconspng.com/img/1934,2026-07-31T01:41:00Z,Yes,-1.50,8.3,Giants @ Padres,2026-07-31T01:40:00Z,Thu 09:40pm,Petco Park,outdoor,,-117.00,-117,7/30/2026,1.6146,,,,No,SF,6.77,2.91,47.97724036,52.02,47.97724036,1.61,,0,,1.61,,1.61,0,Great Bet
Underdog,MLB,,Rafael Devers,1B,,Hits + Runs + RBIs,1.5,,,7/30/2026,Thu 09:40pm,pre_game,MLB,standard,https://assets.underdogfantasy.com/player-images/mlb/20260324_02-fe966998-15e1-4022-89d5-6b4750516176.png,,1.5,45.62,54.38,-3.07,54.38,Under,https://www.freeiconspng.com/img/1934,2026-07-31T01:41:00Z,Yes,-1.50,8.3,Giants @ Padres,2026-07-31T01:40:00Z,Thu 09:40pm,Petco Park,outdoor,,-119.00,-119,7/30/2026,1.3686,,,,No,SD,4.84,1.94,39.72790366,60.27,39.72790366,1.37,,0,,1.37,,1.37,0,Push
Underdog,MLB,,Kyle Tucker,RF,,Hits + Runs + RBIs,1.5,,,7/30/2026,Thu 10:10pm,pre_game,MLB,standard,https://assets.underdogfantasy.com/player-images/mlb/20260325_03-f4a9ab1b-8458-40c9-a50f-bbef4f11fe58.png,,1.5,48.47,51.53,-6.28,51.53,Under,https://www.freeiconspng.com/img/1934,2026-07-31T02:11:00Z,Yes,-1.50,8.7,Mariners @ Dodgers,2026-07-31T02:10:00Z,Thu 10:10pm,UNIQLO Field at Dodger Stadium,outdoor,MLB Network,-106.00,9/15/1899,7/30/2026,1.4541,,,,No,SEA,5.51,2.31,42.66964259,57.33,42.66964259,1.45,,0,,1.45,,1.45,0,Push
Underdog,MLB,,Vladimir Guerrero,1B,,Hits + Runs + RBIs,1.5,,,7/31/2026,Fri 07:07pm,pre_game,MLB,standard,https://assets.underdogfantasy.com/player-images/mlb/20260404_19-fa26a373-a427-4558-ba5e-6d6c0f0148c5.png,,1.5,54.67,45.33,0.12,54.67,Over,https://www.freeiconspng.com/img/1934,,Yes,-1.40,7.6,Cardinals @ Blue Jays,2026-07-31T23:07:00Z,Fri 07:07pm,Rogers Centre,retractable,,-121.00,8/31/1899,7/31/2026,1.6401,7/31/2026,Day-To-Day,Jul 29: Guerrero (hamstring) is out of the lineup for Wednesday's game versus the Nationals.,No,,,3.5,48.79245005,51.21,48.79245005,1.64,,0,,1.64,,1.64,0,Great Bet
Underdog,MLB,,Vladimir Guerrero,1B,,Home Runs,0.5,,,7/31/2026,Fri 07:07pm,pre_game,MLB,standard,https://assets.underdogfantasy.com/player-images/mlb/20260404_19-fa26a373-a427-4558-ba5e-6d6c0f0148c5.png,,0.5,14.03,85.97,0.5,85.97,Under,https://www.freeiconspng.com/img/1934,,Yes,-1.40,7.6,Cardinals @ Blue Jays,2026-07-31T23:07:00Z,Fri 07:07pm,Rogers Centre,retractable,,-613.00,4/26/1898,7/31/2026,0.1403,7/31/2026,Day-To-Day,Jul 29: Guerrero (hamstring) is out of the lineup for Wednesday's game versus the Nationals.,No,,,3.5,27.39598771,72.60,27.39598771,0.14,,0,,0.14,,0.26,0.5,Push
Underdog,MLB,,Manny Machado,3B,,Home Runs,0.5,,,7/30/2026,Thu 09:40pm,pre_game,MLB,standard,https://assets.underdogfantasy.com/player-images/mlb/20260506_15-3bb4a60b-953e-4bef-8b25-c6f07d54eddf.png,,0.5,22.97,77.03,0.67,77.03,Under,https://www.freeiconspng.com/img/1934,2026-07-31T01:41:00Z,Yes,-1.50,8.3,Giants @ Padres,2026-07-31T01:40:00Z,Thu 09:40pm,Petco Park,outdoor,,-335.00,1/29/1899,7/30/2026,0.2297,,,,No,SF,6.77,2.91,30.56992118,69.43,30.56992118,0.23,,0,,0.23,,0.32,0.5,Push
Underdog,MLB,,Kyle Tucker,RF,,Home Runs,0.5,,,7/30/2026,Thu 10:10pm,pre_game,MLB,standard,https://assets.underdogfantasy.com/player-images/mlb/20260325_03-f4a9ab1b-8458-40c9-a50f-bbef4f11fe58.png,,0.5,16,84,-1.47,84,Under,https://www.freeiconspng.com/img/1934,2026-07-31T02:11:00Z,Yes,-1.50,8.7,Mariners @ Dodgers,2026-07-31T02:10:00Z,Thu 10:10pm,UNIQLO Field at Dodger Stadium,outdoor,MLB Network,-525.00,7/23/1898,7/30/2026,0.16,,,,No,SEA,5.51,2.31,28.10762666,71.89,28.10762666,0.16,,0,,0.16,,0.27,0.5,Push
Underdog,MLB,,Rafael Devers,1B,,Home Runs,0.5,,,7/30/2026,Thu 09:40pm,pre_game,MLB,standard,https://assets.underdogfantasy.com/player-images/mlb/20260324_02-fe966998-15e1-4022-89d5-6b4750516176.png,,0.5,16.84,83.16,1.18,83.16,Under,https://www.freeiconspng.com/img/1934,2026-07-31T01:41:00Z,Yes,-1.50,8.3,Giants @ Padres,2026-07-31T01:40:00Z,Thu 09:40pm,Petco Park,outdoor,,-494.00,8/23/1898,7/30/2026,0.1684,,,,No,SD,4.84,1.94,28.40894142,71.59,28.40894142,0.17,,0,,0.17,,0.28,0.5,Push
Underdog,MLB,,Vladimir Guerrero,1B,,Total Bases,1.5,,,7/31/2026,Fri 07:07pm,pre_game,MLB,standard,https://assets.underdogfantasy.com/player-images/mlb/20260404_19-fa26a373-a427-4558-ba5e-6d6c0f0148c5.png,,1.5,42.71,57.29,0.21,57.29,Under,https://www.freeiconspng.com/img/1934,,Yes,-1.40,7.6,Cardinals @ Blue Jays,2026-07-31T23:07:00Z,Fri 07:07pm,Rogers Centre,retractable,,-134.00,8/18/1899,7/31/2026,1.2813,7/31/2026,Day-To-Day,Jul 29: Guerrero (hamstring) is out of the lineup for Wednesday's game versus the Nationals.,No,,,3.5,22.40982012,77.59,22.40982012,1.28,,0,,1.28,,1.02,0.5,Push
Underdog,MLB,,Manny Machado,3B,,Total Bases,1.5,,,7/30/2026,Thu 09:40pm,pre_game,MLB,standard,https://assets.underdogfantasy.com/player-images/mlb/20260506_15-3bb4a60b-953e-4bef-8b25-c6f07d54eddf.png,,1.5,44.54,55.46,-4.05,55.46,Under,https://www.freeiconspng.com/img/1934,2026-07-31T01:41:00Z,Yes,-1.50,8.3,Giants @ Padres,2026-07-31T01:40:00Z,Thu 09:40pm,Petco Park,outdoor,,-125.00,8/27/1899,7/30/2026,1.3362,,,,No,SF,6.77,2.91,23.41468879,76.59,23.41468879,1.34,,0,,1.34,,1.06,0.5,Push
Underdog,MLB,,Rafael Devers,1B,,Total Bases,1.5,,,7/30/2026,Thu 09:40pm,pre_game,MLB,standard,https://assets.underdogfantasy.com/player-images/mlb/20260324_02-fe966998-15e1-4022-89d5-6b4750516176.png,,1.5,37.92,62.08,-5.03,62.08,Under,https://www.freeiconspng.com/img/1934,2026-07-31T01:41:00Z,Yes,-1.50,8.3,Giants @ Padres,2026-07-31T01:40:00Z,Thu 09:40pm,Petco Park,outdoor,,-164.00,7/19/1899,7/30/2026,1.1376,,,,No,SD,4.84,1.94,19.79810613,80.20,19.79810613,1.14,,0,,1.14,,0.93,0.5,Push
Underdog,MLB,,Rafael Devers,1B,,Hitter Fantasy Score,6.5,,,7/30/2026,Thu 09:40pm,pre_game,MLB,standard,https://assets.underdogfantasy.com/player-images/mlb/20260324_02-fe966998-15e1-4022-89d5-6b4750516176.png,,,,,,,,,,,,,Giants @ Padres,2026-07-31T01:40:00Z,Thu 09:40pm,Petco Park,outdoor,,,,,4.84,,,,No,SD,4.84,1.94,43.61538462,56.38,56.38461538,4.84,,0,,4.66,,4,2.5,Push
Underdog,MLB,,Manny Machado,3B,,Hitter Fantasy Score,6.5,,,7/30/2026,Thu 09:40pm,pre_game,MLB,standard,https://assets.underdogfantasy.com/player-images/mlb/20260506_15-3bb4a60b-953e-4bef-8b25-c6f07d54eddf.png,,,,,,,,,,,,,Giants @ Padres,2026-07-31T01:40:00Z,Thu 09:40pm,Petco Park,outdoor,,,,,6.77,,,,No,SF,6.77,2.91,51.03846154,48.96,51.03846154,6.77,,0,,6.9,,5.39,2.5,Great Bet
Underdog,MLB,,Kyle Tucker,RF,,Hitter Fantasy Score,5.5,,,7/30/2026,Thu 10:10pm,pre_game,MLB,standard,https://assets.underdogfantasy.com/player-images/mlb/20260325_03-f4a9ab1b-8458-40c9-a50f-bbef4f11fe58.png,,,,,,,,,,,,,Mariners @ Dodgers,2026-07-31T02:10:00Z,Thu 10:10pm,UNIQLO Field at Dodger Stadium,outdoor,MLB Network,,,,5.51,,,,No,SEA,5.51,2.31,64.95512531,35.04,35.04487469,5.51,,0,,5.13,,4.38,2.5,Good Bet
Underdog,MLB,,Manny Machado,3B,,Hits,0.5,,,7/30/2026,Thu 09:40pm,pre_game,MLB,standard,https://assets.underdogfantasy.com/player-images/mlb/20260506_15-3bb4a60b-953e-4bef-8b25-c6f07d54eddf.png,,0.5,65.48,34.52,-2.97,65.48,Over,https://www.freeiconspng.com/img/1934,2026-07-31T01:41:00Z,Yes,-1.50,8.3,Giants @ Padres,2026-07-31T01:40:00Z,Thu 09:40pm,Petco Park,outdoor,,-190.00,6/23/1899,7/30/2026,0.6548,,,,No,SF,6.77,2.91,43.86440036,56.14,43.86440036,0.65,,0,,0.65,,0.6,0.5,Good Bet
Underdog,MLB,,Rafael Devers,1B,,Hits,0.5,,,7/30/2026,Thu 09:40pm,pre_game,MLB,standard,https://assets.underdogfantasy.com/player-images/mlb/20260324_02-fe966998-15e1-4022-89d5-6b4750516176.png,,0.5,59.4,40.6,-4.24,59.4,Over,https://www.freeiconspng.com/img/1934,2026-07-31T01:41:00Z,Yes,-1.50,8.3,Giants @ Padres,2026-07-31T01:40:00Z,Thu 09:40pm,Petco Park,outdoor,,-146.00,8/6/1899,7/30/2026,0.594,,,,No,SD,4.84,1.94,42.13167413,57.87,42.13167413,0.59,,0,,0.59,,0.56,0.5,Good Bet
Underdog,MLB,,Vladimir Guerrero,1B,,Hits,0.5,,,7/31/2026,Fri 07:07pm,pre_game,MLB,standard,https://assets.underdogfantasy.com/player-images/mlb/20260404_19-fa26a373-a427-4558-ba5e-6d6c0f0148c5.png,,1.5,30.73,69.27,0.33,69.27,Under,https://www.freeiconspng.com/img/1934,,Yes,-1.40,7.6,Cardinals @ Blue Jays,2026-07-31T23:07:00Z,Fri 07:07pm,Rogers Centre,retractable,,-225.00,5/19/1899,7/31/2026,0.9219,7/31/2026,Day-To-Day,Jul 29: Guerrero (hamstring) is out of the lineup for Wednesday's game versus the Nationals.,No,,,3.5,50.88226427,49.12,50.88226427,0.92,,0,,0.92,,0.78,0.5,Great Bet
Underdog,MLB,,Kyle Tucker,RF,,Hits,0.5,,,7/30/2026,Thu 10:10pm,pre_game,MLB,standard,https://assets.underdogfantasy.com/player-images/mlb/20260325_03-f4a9ab1b-8458-40c9-a50f-bbef4f11fe58.png,,0.5,60.73,39.27,-1.53,60.73,Over,https://www.freeiconspng.com/img/1934,2026-07-31T02:11:00Z,Yes,-1.50,8.7,Mariners @ Dodgers,2026-07-31T02:10:00Z,Thu 10:10pm,UNIQLO Field at Dodger Stadium,outdoor,MLB Network,-155.00,7/28/1899,7/30/2026,0.6073,,,,No,SEA,5.51,2.31,42.51522179,57.48,42.51522179,0.61,,0,,0.61,,0.57,0.5,Good Bet
Underdog,MLB,,Rafael Devers,1B,,Runs,0.5,,,7/30/2026,Thu 09:40pm,pre_game,MLB,standard,https://assets.underdogfantasy.com/player-images/mlb/20260324_02-fe966998-15e1-4022-89d5-6b4750516176.png,,0.5,39.51,60.49,-3.15,60.49,Under,https://www.freeiconspng.com/img/1934,2026-07-31T01:41:00Z,Yes,-1.50,8.3,Giants @ Padres,2026-07-31T01:40:00Z,Thu 09:40pm,Petco Park,outdoor,,-153.00,7/30/1899,7/30/2026,0.3951,,,,No,SD,4.84,1.94,36.08077442,63.92,36.08077442,0.40,,0,,0.4,,0.43,0.5,Push
Underdog,MLB,,Manny Machado,3B,,Runs,0.5,,,7/30/2026,Thu 09:40pm,pre_game,MLB,standard,https://assets.underdogfantasy.com/player-images/mlb/20260506_15-3bb4a60b-953e-4bef-8b25-c6f07d54eddf.png,,0.5,49.14,50.86,-2.63,50.86,Under,https://www.freeiconspng.com/img/1934,2026-07-31T01:41:00Z,Yes,-1.50,8.3,Giants @ Padres,2026-07-31T01:40:00Z,Thu 09:40pm,Petco Park,outdoor,,-104.00,9/17/1899,7/30/2026,0.4914,,,,No,SF,6.77,2.91,39.0855643,60.91,39.0855643,0.49,,0,,0.49,,0.49,0.5,Push
Underdog,MLB,,Kyle Tucker,RF,,Runs,0.5,,,7/30/2026,Thu 10:10pm,pre_game,MLB,standard,https://assets.underdogfantasy.com/player-images/mlb/20260325_03-f4a9ab1b-8458-40c9-a50f-bbef4f11fe58.png,,0.5,41.55,58.45,-0.73,58.45,Under,https://www.freeiconspng.com/img/1934,2026-07-31T02:11:00Z,Yes,-1.50,8.7,Mariners @ Dodgers,2026-07-31T02:10:00Z,Thu 10:10pm,UNIQLO Field at Dodger Stadium,outdoor,MLB Network,-141.00,8/11/1899,7/30/2026,0.4155,,,,No,SEA,5.51,2.31,36.72943672,63.27,36.72943672,0.42,,0,,0.42,,0.44,0.5,Push
Underdog,MLB,,Vladimir Guerrero,1B,,Runs,0.5,,,7/31/2026,Fri 07:07pm,pre_game,MLB,standard,https://assets.underdogfantasy.com/player-images/mlb/20260404_19-fa26a373-a427-4558-ba5e-6d6c0f0148c5.png,,0.5,43.75,56.25,0.11,56.25,Under,https://www.freeiconspng.com/img/1934,,Yes,-1.40,7.6,Cardinals @ Blue Jays,2026-07-31T23:07:00Z,Fri 07:07pm,Rogers Centre,retractable,,-129.00,-129,7/31/2026,0.4375,7/31/2026,Day-To-Day,Jul 29: Guerrero (hamstring) is out of the lineup for Wednesday's game versus the Nationals.,No,,,3.5,37.42159904,62.58,37.42159904,0.44,,0,,0.44,,0.46,0.5,Push
Underdog,MLB,,Rafael Devers,1B,,RBIs,0.5,,,7/30/2026,Thu 09:40pm,pre_game,MLB,standard,https://assets.underdogfantasy.com/player-images/mlb/20260324_02-fe966998-15e1-4022-89d5-6b4750516176.png,,0.5,33.62,66.38,-1.36,66.38,Under,https://www.freeiconspng.com/img/1934,2026-07-31T01:41:00Z,Yes,-1.50,8.3,Giants @ Padres,2026-07-31T01:40:00Z,Thu 09:40pm,Petco Park,outdoor,,-197.00,-197,7/30/2026,0.3362,,,,No,SD,4.84,1.94,34.17036045,65.83,34.17036045,0.34,,0,,0.34,,0.39,0.5,Push
Underdog,MLB,,Vladimir Guerrero,1B,,RBIs,0.5,,,7/31/2026,Fri 07:07pm,pre_game,MLB,standard,https://assets.underdogfantasy.com/player-images/mlb/20260404_19-fa26a373-a427-4558-ba5e-6d6c0f0148c5.png,,,,,,,,,,,,,Cardinals @ Blue Jays,2026-07-31T23:07:00Z,Fri 07:07pm,Rogers Centre,retractable,,,,,,7/31/2026,Day-To-Day,Jul 29: Guerrero (hamstring) is out of the lineup for Wednesday's game versus the Nationals.,No,,,3.5,,,,0.00,,0,,0,,0.5,0.5,Push
Underdog,MLB,,Kyle Tucker,RF,,RBIs,0.5,,,7/30/2026,Thu 10:10pm,pre_game,MLB,standard,https://assets.underdogfantasy.com/player-images/mlb/20260325_03-f4a9ab1b-8458-40c9-a50f-bbef4f11fe58.png,,0.5,32.85,67.15,-6.53,67.15,Under,https://www.freeiconspng.com/img/1934,2026-07-31T02:11:00Z,Yes,-1.50,8.7,Mariners @ Dodgers,2026-07-31T02:10:00Z,Thu 10:10pm,UNIQLO Field at Dodger Stadium,outdoor,MLB Network,-204.00,-204,7/30/2026,0.3285,,,,No,SEA,5.51,2.31,33.91642783,66.08,33.91642783,0.33,,0,,0.33,,0.39,0.5,Push
Underdog,MLB,,Manny Machado,3B,,RBIs,0.5,,,7/30/2026,Thu 09:40pm,pre_game,MLB,standard,https://assets.underdogfantasy.com/player-images/mlb/20260506_15-3bb4a60b-953e-4bef-8b25-c6f07d54eddf.png,,0.5,40.36,59.64,-1.9,59.64,Under,https://www.freeiconspng.com/img/1934,2026-07-31T01:41:00Z,Yes,-1.50,8.3,Giants @ Padres,2026-07-31T01:40:00Z,Thu 09:40pm,Petco Park,outdoor,,-148.00,-148,7/30/2026,0.4036,,,,No,SF,6.77,2.91,36.35185467,63.65,36.35185467,0.40,,0,,0.4,,0.44,0.5,Push
Underdog,MLB,,Manny Machado,3B,,Singles,0.5,,,7/30/2026,Thu 09:40pm,pre_game,MLB,standard,https://assets.underdogfantasy.com/player-images/mlb/20260506_15-3bb4a60b-953e-4bef-8b25-c6f07d54eddf.png,,0.5,44.39,55.61,-4.39,55.61,Under,https://www.freeiconspng.com/img/1934,2026-07-31T01:41:00Z,Yes,-1.50,8.3,Giants @ Padres,2026-07-31T01:40:00Z,Thu 09:40pm,Petco Park,outdoor,,-125.00,-125,7/30/2026,0.4439,,,,No,SF,6.77,2.91,37.62152986,62.38,37.62152986,0.44,,0,,0.44,,0.46,0.5,Push
Underdog,MLB,,Kyle Tucker,RF,,Singles,0.5,,,7/30/2026,Thu 10:10pm,pre_game,MLB,standard,https://assets.underdogfantasy.com/player-images/mlb/20260325_03-f4a9ab1b-8458-40c9-a50f-bbef4f11fe58.png,,0.5,43.82,56.18,,57.81,Over,https://www.freeiconspng.com/img/1934,2026-07-31T02:11:00Z,Yes,-1.50,8.7,Mariners @ Dodgers,2026-07-31T02:10:00Z,Thu 10:10pm,UNIQLO Field at Dodger Stadium,outdoor,MLB Network,-137.00,-137,7/30/2026,0.4382,,,,No,SEA,5.51,2.31,37.44349765,62.56,37.44349765,0.44,,0,,0.44,,0.46,0.5,Push
Underdog,MLB,,Rafael Devers,1B,,Singles,0.5,,,7/30/2026,Thu 09:40pm,pre_game,MLB,standard,https://assets.underdogfantasy.com/player-images/mlb/20260324_02-fe966998-15e1-4022-89d5-6b4750516176.png,,0.5,41.36,58.64,-2.9,58.64,Under,https://www.freeiconspng.com/img/1934,2026-07-31T01:41:00Z,Yes,-1.50,8.3,Giants @ Padres,2026-07-31T01:40:00Z,Thu 09:40pm,Petco Park,outdoor,,-142.00,-142,7/30/2026,0.4136,,,,No,SD,4.84,1.94,36.66930112,63.33,36.66930112,0.41,,0,,0.41,,0.44,0.5,Push
Underdog,MLB,,Kyle Tucker,RF,,Batter Strikeouts,0.5,,,7/30/2026,Thu 10:10pm,pre_game,MLB,standard,https://assets.underdogfantasy.com/player-images/mlb/20260325_03-f4a9ab1b-8458-40c9-a50f-bbef4f11fe58.png,,0.5,56.56,43.44,-3.44,56.56,Over,https://www.freeiconspng.com/img/1934,2026-07-31T02:11:00Z,Yes,-1.50,8.7,Mariners @ Dodgers,2026-07-31T02:10:00Z,Thu 10:10pm,UNIQLO Field at Dodger Stadium,outdoor,MLB Network,-130.00,-130,7/30/2026,0.5656,,,,No,SEA,5.51,2.31,43.1980767,56.80,43.1980767,0.57,,0,,0.57,,0.57,0,Great Bet
Underdog,MLB,,Manny Machado,3B,,Batter Strikeouts,0.5,,,7/30/2026,Thu 09:40pm,pre_game,MLB,standard,https://assets.underdogfantasy.com/player-images/mlb/20260506_15-3bb4a60b-953e-4bef-8b25-c6f07d54eddf.png,,0.5,58.06,41.94,,57.81,Under,https://www.freeiconspng.com/img/1934,2026-07-31T01:41:00Z,Yes,-1.50,8.3,Giants @ Padres,2026-07-31T01:40:00Z,Thu 09:40pm,Petco Park,outdoor,,-137.00,-137,7/30/2026,0.5806,,,,No,SF,6.77,2.91,44.04374717,55.96,44.04374717,0.58,,0,,0.58,,0.58,0,Great Bet
Underdog,MLB,,Rafael Devers,1B,,Batter Strikeouts,1.5,,,7/30/2026,Thu 09:40pm,pre_game,MLB,standard,https://assets.underdogfantasy.com/player-images/mlb/20260324_02-fe966998-15e1-4022-89d5-6b4750516176.png,,1.5,32.39,67.61,-4.38,67.61,Under,https://www.freeiconspng.com/img/1934,2026-07-31T01:41:00Z,Yes,-1.50,8.3,Giants @ Padres,2026-07-31T01:40:00Z,Thu 09:40pm,Petco Park,outdoor,,-209.00,-209,7/30/2026,0.9717,,,,No,SD,4.84,1.94,25.3831539,74.62,25.3831539,0.97,,0,,0.97,,0.97,0,Push
Underdog,MLB,,Rafael Devers,1B,,Batter Walks,0.5,,,7/30/2026,Thu 09:40pm,pre_game,MLB,standard,https://assets.underdogfantasy.com/player-images/mlb/20260324_02-fe966998-15e1-4022-89d5-6b4750516176.png,,0.5,37.16,62.84,-6.39,62.84,Under,https://www.freeiconspng.com/img/1934,2026-07-31T01:41:00Z,Yes,-1.50,8.3,Giants @ Padres,2026-07-31T01:40:00Z,Thu 09:40pm,Petco Park,outdoor,,-169.00,-169,7/30/2026,0.3716,,,,No,SD,4.84,1.94,31.03699606,68.96,31.03699606,0.37,,0,,0.37,,0.37,0,Push
Underdog,MLB,,Manny Machado,3B,,Batter Walks,0.5,,,7/30/2026,Thu 09:40pm,pre_game,MLB,standard,https://assets.underdogfantasy.com/player-images/mlb/20260506_15-3bb4a60b-953e-4bef-8b25-c6f07d54eddf.png,,0.5,39.58,60.42,-5.68,60.42,Under,https://www.freeiconspng.com/img/1934,2026-07-31T01:41:00Z,Yes,-1.50,8.3,Giants @ Padres,2026-07-31T01:40:00Z,Thu 09:40pm,Petco Park,outdoor,,-153.00,-153,7/30/2026,0.3958,,,,No,SF,6.77,2.91,32.68586893,67.31,32.68586893,0.40,,0,,0.4,,0.4,0,Push
Underdog,MLB,,Kyle Tucker,RF,,Batter Walks,0.5,,,7/30/2026,Thu 10:10pm,pre_game,MLB,standard,https://assets.underdogfantasy.com/player-images/mlb/20260325_03-f4a9ab1b-8458-40c9-a50f-bbef4f11fe58.png,,0.5,36.01,63.99,-7.84,63.99,Under,https://www.freeiconspng.com/img/1934,2026-07-31T02:11:00Z,Yes,-1.50,8.7,Mariners @ Dodgers,2026-07-31T02:10:00Z,Thu 10:10pm,UNIQLO Field at Dodger Stadium,outdoor,MLB Network,-178.00,-178,7/30/2026,0.3601,,,,No,SEA,5.51,2.31,30.23934381,69.76,30.23934381,0.36,,0,,0.36,,0.36,0,Push
Underdog,MLB,,Vladimir Guerrero,1B,,Batter Walks,0.5,,,7/31/2026,Fri 07:07pm,pre_game,MLB,standard,https://assets.underdogfantasy.com/player-images/mlb/20260404_19-fa26a373-a427-4558-ba5e-6d6c0f0148c5.png,,0.5,29.01,70.99,-7.96,70.99,Under,https://www.freeiconspng.com/img/1934,,Yes,-1.40,7.6,Cardinals @ Blue Jays,2026-07-31T23:07:00Z,Fri 07:07pm,Rogers Centre,retractable,,-245.00,-245,7/31/2026,0.2901,7/31/2026,Day-To-Day,Jul 29: Guerrero (hamstring) is out of the lineup for Wednesday's game versus the Nationals.,No,,,3.5,25.1811255,74.82,25.1811255,0.29,,0,,0.29,,0.29,0,Push
Underdog,MLB,,Kyle Tucker,RF,,Stolen Bases,0.5,,,7/30/2026,Thu 10:10pm,pre_game,MLB,standard,https://assets.underdogfantasy.com/player-images/mlb/20260325_03-f4a9ab1b-8458-40c9-a50f-bbef4f11fe58.png,,0.5,10.51,89.49,-1.42,89.49,Under,https://www.freeiconspng.com/img/1934,2026-07-31T02:11:00Z,Yes,-1.50,8.7,Mariners @ Dodgers,2026-07-31T02:10:00Z,Thu 10:10pm,UNIQLO Field at Dodger Stadium,outdoor,MLB Network,-851.00,-851,7/30/2026,0.1051,,,,No,SEA,5.51,2.31,26.10684592,73.89,26.10684592,0.11,,0,,0.11,,0.24,0.5,Push
Underdog,MLB,,Manny Machado,3B,,Stolen Bases,0.5,,,7/30/2026,Thu 09:40pm,pre_game,MLB,standard,https://assets.underdogfantasy.com/player-images/mlb/20260506_15-3bb4a60b-953e-4bef-8b25-c6f07d54eddf.png,,0.5,8.08,91.92,-6.12,91.92,Under,https://www.freeiconspng.com/img/1934,2026-07-31T01:41:00Z,Yes,-1.50,8.3,Giants @ Padres,2026-07-31T01:40:00Z,Thu 09:40pm,Petco Park,outdoor,,"-1,138.00",-1138,7/30/2026,0.0808,,,,No,SF,6.77,2.91,25.2035678,74.80,25.2035678,0.08,,0,,0.08,,0.22,0.5,Push
Underdog,MLB,,Rafael Devers,1B,,Doubles,0.5,,,7/30/2026,Thu 09:40pm,pre_game,MLB,standard,https://assets.underdogfantasy.com/player-images/mlb/20260324_02-fe966998-15e1-4022-89d5-6b4750516176.png,,0.5,18.27,81.73,-4.94,81.73,Under,https://www.freeiconspng.com/img/1934,2026-07-31T01:41:00Z,Yes,-1.50,8.3,Giants @ Padres,2026-07-31T01:40:00Z,Thu 09:40pm,Petco Park,outdoor,,-447.00,-447,7/30/2026,0.1827,,,,No,SD,4.84,1.94,28.91899189,71.08,28.91899189,0.18,,0,,0.18,,0.29,0.5,Push
Underdog,MLB,,Manny Machado,3B,,Doubles,0.5,,,7/30/2026,Thu 09:40pm,pre_game,MLB,standard,https://assets.underdogfantasy.com/player-images/mlb/20260506_15-3bb4a60b-953e-4bef-8b25-c6f07d54eddf.png,,0.5,18.19,81.81,-5.69,81.81,Under,https://www.freeiconspng.com/img/1934,2026-07-31T01:41:00Z,Yes,-1.50,8.3,Giants @ Padres,2026-07-31T01:40:00Z,Thu 09:40pm,Petco Park,outdoor,,-450.00,-450,7/30/2026,0.1819,,,,No,SF,6.77,2.91,28.8905538,71.11,28.8905538,0.18,,0,,0.18,,0.29,0.5,Push
Underdog,MLB,,Kyle Tucker,RF,,Doubles,0.5,,,7/30/2026,Thu 10:10pm,pre_game,MLB,standard,https://assets.underdogfantasy.com/player-images/mlb/20260325_03-f4a9ab1b-8458-40c9-a50f-bbef4f11fe58.png,,0.5,18.6,81.4,,20.41,Over,https://www.freeiconspng.com/img/1934,2026-07-31T02:11:00Z,Yes,-1.50,8.7,Mariners @ Dodgers,2026-07-31T02:10:00Z,Thu 10:10pm,UNIQLO Field at Dodger Stadium,outdoor,MLB Network,390.00,390,7/30/2026,0.186,,,,No,SEA,5.51,2.31,29.03617884,70.96,29.03617884,0.19,,0,,0.19,,0.29,0.5,Push
Underdog,MLB,,Nick Kurtz,1B,,Hits + Runs + RBIs,1.5,,,7/30/2026,Thu 09:40pm,pre_game,MLB,standard,https://assets.underdogfantasy.com/player-images/mlb/20260225_17-dcba8226-8a78-4f63-9188-fddd27ec0883.png,,1.5,53.06,46.94,-3.46,53.06,Over,https://www.freeiconspng.com/img/1934,,No,1.50,10,Red Sox @ Athletics,2026-07-31T01:40:00Z,Thu 09:40pm,Sutter Health Park,outdoor,NBCS-CA,-113.00,9/8/1899,,1.5918,7/30/2026,Day-To-Day,"Jul 30: Athletics manager Mark Kotsay said Wednesday that Kurtz will undergo an MRI on Thursday after X-rays on his left forearm were ""kind of unclear,"" Martin Gallegos of MLB.com reports.",No,,,3.5,47.24161057,52.76,47.24161057,1.59,,0,,1.59,,1.59,0,Great Bet
Underdog,MLB,,Nick Kurtz,1B,,Home Runs,0.5,,,7/30/2026,Thu 09:40pm,pre_game,MLB,standard,https://assets.underdogfantasy.com/player-images/mlb/20260225_17-dcba8226-8a78-4f63-9188-fddd27ec0883.png,,0.5,20.93,79.07,-7.77,79.07,Under,https://www.freeiconspng.com/img/1934,,No,1.50,10,Red Sox @ Athletics,2026-07-31T01:40:00Z,Thu 09:40pm,Sutter Health Park,outdoor,NBCS-CA,-378.00,-378,,0.2093,7/30/2026,Day-To-Day,"Jul 30: Athletics manager Mark Kotsay said Wednesday that Kurtz will undergo an MRI on Thursday after X-rays on his left forearm were ""kind of unclear,"" Martin Gallegos of MLB.com reports.",No,,,3.5,29.85811031,70.14,29.85811031,0.21,,0,,0.21,,0.31,0.5,Push
Underdog,MLB,,Nick Kurtz,1B,,Total Bases,1.5,,,7/30/2026,Thu 09:40pm,pre_game,MLB,standard,https://assets.underdogfantasy.com/player-images/mlb/20260225_17-dcba8226-8a78-4f63-9188-fddd27ec0883.png,,1.5,42.87,57.13,-3.65,57.13,Under,https://www.freeiconspng.com/img/1934,,No,1.50,10,Red Sox @ Athletics,2026-07-31T01:40:00Z,Thu 09:40pm,Sutter Health Park,outdoor,NBCS-CA,-133.00,8/19/1899,,1.2861,7/30/2026,Day-To-Day,"Jul 30: Athletics manager Mark Kotsay said Wednesday that Kurtz will undergo an MRI on Thursday after X-rays on his left forearm were ""kind of unclear,"" Martin Gallegos of MLB.com reports.",No,,,3.5,22.49755603,77.50,22.49755603,1.29,,0,,1.29,,1.02,0.5,Push
Underdog,MLB,,Nick Kurtz,1B,,Hits,0.5,,,7/30/2026,Thu 09:40pm,pre_game,MLB,standard,https://assets.underdogfantasy.com/player-images/mlb/20260225_17-dcba8226-8a78-4f63-9188-fddd27ec0883.png,,0.5,62.92,37.08,-4.82,62.92,Over,https://www.freeiconspng.com/img/1934,,No,1.50,10,Red Sox @ Athletics,2026-07-31T01:40:00Z,Thu 09:40pm,Sutter Health Park,outdoor,NBCS-CA,-170.00,7/13/1899,,0.6292,7/30/2026,Day-To-Day,"Jul 30: Athletics manager Mark Kotsay said Wednesday that Kurtz will undergo an MRI on Thursday after X-rays on his left forearm were ""kind of unclear,"" Martin Gallegos of MLB.com reports.",No,,,3.5,43.14124637,56.86,43.14124637,0.63,,0,,0.63,,0.59,0.5,Good Bet
Underdog,MLB,,Nick Kurtz,1B,,Runs,0.5,,,7/30/2026,Thu 09:40pm,pre_game,MLB,standard,https://assets.underdogfantasy.com/player-images/mlb/20260225_17-dcba8226-8a78-4f63-9188-fddd27ec0883.png,,0.5,50.2,49.8,-3.69,50.2,Over,https://www.freeiconspng.com/img/1934,,No,1.50,10,Red Sox @ Athletics,2026-07-31T01:40:00Z,Thu 09:40pm,Sutter Health Park,outdoor,NBCS-CA,-101.00,-101,,0.502,7/30/2026,Day-To-Day,"Jul 30: Athletics manager Mark Kotsay said Wednesday that Kurtz will undergo an MRI on Thursday after X-rays on his left forearm were ""kind of unclear,"" Martin Gallegos of MLB.com reports.",No,,,3.5,39.40755678,60.59,39.40755678,0.50,,0,,0.5,,0.5,0.5,Good Bet
Underdog,MLB,,Nick Kurtz,1B,,RBIs,0.5,,,7/30/2026,Thu 09:40pm,pre_game,MLB,standard,https://assets.underdogfantasy.com/player-images/mlb/20260225_17-dcba8226-8a78-4f63-9188-fddd27ec0883.png,,0.5,37.54,62.46,-4.21,62.46,Under,https://www.freeiconspng.com/img/1934,,No,1.50,10,Red Sox @ Athletics,2026-07-31T01:40:00Z,Thu 09:40pm,Sutter Health Park,outdoor,NBCS-CA,-166.00,-166,,0.3754,7/30/2026,Day-To-Day,"Jul 30: Athletics manager Mark Kotsay said Wednesday that Kurtz will undergo an MRI on Thursday after X-rays on his left forearm were ""kind of unclear,"" Martin Gallegos of MLB.com reports.",No,,,3.5,35.44805904,64.55,35.44805904,0.38,,0,,0.38,,0.42,0.5,Push
Underdog,MLB,,Nick Kurtz,1B,,Batter Walks,0.5,,,7/30/2026,Thu 09:40pm,pre_game,MLB,standard,https://assets.underdogfantasy.com/player-images/mlb/20260225_17-dcba8226-8a78-4f63-9188-fddd27ec0883.png,,,,,,,,,,,,,Red Sox @ Athletics,2026-07-31T01:40:00Z,Thu 09:40pm,Sutter Health Park,outdoor,NBCS-CA,,,,,7/30/2026,Day-To-Day,"Jul 30: Athletics manager Mark Kotsay said Wednesday that Kurtz will undergo an MRI on Thursday after X-rays on his left forearm were ""kind of unclear,"" Martin Gallegos of MLB.com reports.",No,,,3.5,,,,0.00,,0,,0,,0,0,Push
Underdog,MLB,,Dylan Cease,SP,,Strikeouts,7.5,,,7/31/2026,Fri 07:07pm,pre_game,MLB,standard,https://assets.underdogfantasy.com/player-images/mlb/20260225_17-6072398c-e2b4-405c-932a-aa05582114dc.png,,,,,,,,,,,,,Cardinals @ Blue Jays,2026-07-31T23:07:00Z,Fri 07:07pm,Rogers Centre,retractable,,,,,,,,,No,,,5,,,,0.00,,0,,0,,0,0,Push
Underdog,MLB,,Robbie Ray,SP,,Strikeouts,4.5,,,7/30/2026,Thu 09:40pm,pre_game,MLB,standard,https://assets.underdogfantasy.com/player-images/mlb/20260323_23-9deda06b-1928-4c58-acf0-717538f576f4.png,,,,,,,,,,,,,Giants @ Padres,2026-07-31T01:40:00Z,Thu 09:40pm,Petco Park,outdoor,,,,,,,,,No,SD,21.9,5.01,,,,0.00,,0,,0,,0,0,Push
Underdog,MLB,,Julio Rodríguez,CF,,Hits + Runs + RBIs,1.5,,,7/30/2026,Thu 10:10pm,pre_game,MLB,standard,https://assets.underdogfantasy.com/player-images/mlb/20260225_19-e750ccd5-7a24-44ef-b661-0d41baa17d1c.png,,1.5,50.22,49.78,-8.03,50.22,Over,https://www.freeiconspng.com/img/1934,2026-07-31T02:11:00Z,Yes,-1.50,8.7,Mariners @ Dodgers,2026-07-31T02:10:00Z,Thu 10:10pm,UNIQLO Field at Dodger Stadium,outdoor,MLB Network,-101.00,-101,,1.5066,,,,No,LAD,6.06,2.54,44.4381153,55.56,44.4381153,1.51,2,0.03861,over,1.51,1.545208,1.52,0,Great Bet
Underdog,MLB,,Julio Rodríguez,CF,,Home Runs,0.5,,,7/30/2026,Thu 10:10pm,pre_game,MLB,standard,https://assets.underdogfantasy.com/player-images/mlb/20260225_19-e750ccd5-7a24-44ef-b661-0d41baa17d1c.png,,0.5,17.56,82.44,-0.89,82.44,Under,https://www.freeiconspng.com/img/1934,2026-07-31T02:11:00Z,Yes,-1.50,8.7,Mariners @ Dodgers,2026-07-31T02:10:00Z,Thu 10:10pm,UNIQLO Field at Dodger Stadium,outdoor,MLB Network,-469.00,9/17/1898,,0.1756,,,,No,LAD,6.06,2.54,28.66620588,71.33,28.66620588,0.18,7,0.00965,over,0.18,0.185252,0.26,0.5,Best Bet
Underdog,MLB,,Julio Rodríguez,CF,,Total Bases,1.5,,,7/30/2026,Thu 10:10pm,pre_game,MLB,standard,https://assets.underdogfantasy.com/player-images/mlb/20260225_19-e750ccd5-7a24-44ef-b661-0d41baa17d1c.png,,1.5,41.76,58.24,-4.72,58.24,Under,https://www.freeiconspng.com/img/1934,2026-07-31T02:11:00Z,Yes,-1.50,8.7,Mariners @ Dodgers,2026-07-31T02:10:00Z,Thu 10:10pm,UNIQLO Field at Dodger Stadium,outdoor,MLB Network,-139.00,-139,,1.2528,,,,No,LAD,6.06,2.54,21.88944199,78.11,21.88944199,1.25,3,0.39929,over,1.25,1.652088,1.16,0.5,Great Bet
Underdog,MLB,,Julio Rodríguez,CF,,Hitter Fantasy Score,6.5,,,7/30/2026,Thu 10:10pm,pre_game,MLB,standard,https://assets.underdogfantasy.com/player-images/mlb/20260225_19-e750ccd5-7a24-44ef-b661-0d41baa17d1c.png,,,,,,,,,,,,,Mariners @ Dodgers,2026-07-31T02:10:00Z,Thu 10:10pm,UNIQLO Field at Dodger Stadium,outdoor,MLB Network,,,,6.06,,,,No,LAD,6.06,2.54,48.30769231,51.69,51.69230769,6.06,3,0.39929,over,5.69,6.459288,5.18,2.5,Push
Underdog,MLB,,Dylan Cease,SP,,Pitching Outs,17.5,,,7/31/2026,Fri 07:07pm,pre_game,MLB,standard,https://assets.underdogfantasy.com/player-images/mlb/20260225_17-6072398c-e2b4-405c-932a-aa05582114dc.png,,,,,,,,,,,,,Cardinals @ Blue Jays,2026-07-31T23:07:00Z,Fri 07:07pm,Rogers Centre,retractable,,,,,,,,,No,,,5,,,,0.00,,0,,0,,0,0,Push
Underdog,MLB,,Robbie Ray,SP,,Pitching Outs,15.5,,,7/30/2026,Thu 09:40pm,pre_game,MLB,standard,https://assets.underdogfantasy.com/player-images/mlb/20260323_23-9deda06b-1928-4c58-acf0-717538f576f4.png,,,,,,,,,,,,,Giants @ Padres,2026-07-31T01:40:00Z,Thu 09:40pm,Petco Park,outdoor,,,,,,,,,No,SD,21.9,5.01,,,,0.00,,0,,0,,0,0,Push
Underdog,MLB,,Robbie Ray,SP,,Hits Allowed,4.5,,,7/30/2026,Thu 09:40pm,pre_game,MLB,standard,https://assets.underdogfantasy.com/player-images/mlb/20260323_23-9deda06b-1928-4c58-acf0-717538f576f4.png,,,,,,,,,,,,,Giants @ Padres,2026-07-31T01:40:00Z,Thu 09:40pm,Petco Park,outdoor,,,,,,,,,No,SD,21.9,5.01,,,,0.00,,0,,0,,2.5,2.5,Push
Underdog,MLB,,Dylan Cease,SP,,Hits Allowed,4.5,,,7/31/2026,Fri 07:07pm,pre_game,MLB,standard,https://assets.underdogfantasy.com/player-images/mlb/20260225_17-6072398c-e2b4-405c-932a-aa05582114dc.png,,,,,,,,,,,,,Cardinals @ Blue Jays,2026-07-31T23:07:00Z,Fri 07:07pm,Rogers Centre,retractable,,,,,,,,,No,,,5,,,,0.00,,0,,0,,3.5,3.5,Push
Underdog,MLB,,Dylan Cease,SP,,Earned Runs Allowed,1.5,,,7/31/2026,Fri 07:07pm,pre_game,MLB,standard,https://assets.underdogfantasy.com/player-images/mlb/20260225_17-6072398c-e2b4-405c-932a-aa05582114dc.png,,,,,,,,,,,,,Cardinals @ Blue Jays,2026-07-31T23:07:00Z,Fri 07:07pm,Rogers Centre,retractable,,,,,,,,,No,,,5,,,,0.00,,0,,0,,0.5,0.5,Push
Underdog,MLB,,Robbie Ray,SP,,Earned Runs Allowed,2.5,,,7/30/2026,Thu 09:40pm,pre_game,MLB,standard,https://assets.underdogfantasy.com/player-images/mlb/20260323_23-9deda06b-1928-4c58-acf0-717538f576f4.png,,,,,,,,,,,,,Giants @ Padres,2026-07-31T01:40:00Z,Thu 09:40pm,Petco Park,outdoor,,,,,,,,,No,SD,21.9,5.01,,,,0.00,,0,,0,,1.5,1.5,Push
Underdog,MLB,,Dylan Cease,SP,,Walks Allowed,2.5,,,7/31/2026,Fri 07:07pm,pre_game,MLB,standard,https://assets.underdogfantasy.com/player-images/mlb/20260225_17-6072398c-e2b4-405c-932a-aa05582114dc.png,,,,,,,,,,,,,Cardinals @ Blue Jays,2026-07-31T23:07:00Z,Fri 07:07pm,Rogers Centre,retractable,,,,,,,,,No,,,5,,,,0.00,,0,,0,,2.5,2.5,Push
Underdog,MLB,,Robbie Ray,SP,,Walks Allowed,2.5,,,7/30/2026,Thu 09:40pm,pre_game,MLB,standard,https://assets.underdogfantasy.com/player-images/mlb/20260323_23-9deda06b-1928-4c58-acf0-717538f576f4.png,,,,,,,,,,,,,Giants @ Padres,2026-07-31T01:40:00Z,Thu 09:40pm,Petco Park,outdoor,,,,,,,,,No,SD,21.9,5.01,,,,0.00,,0,,0,,1.5,1.5,Push
Underdog,MLB,,Julio Rodríguez,CF,,Hits,0.5,,,7/30/2026,Thu 10:10pm,pre_game,MLB,standard,https://assets.underdogfantasy.com/player-images/mlb/20260225_19-e750ccd5-7a24-44ef-b661-0d41baa17d1c.png,,0.5,64.39,35.61,-1.36,64.39,Over,https://www.freeiconspng.com/img/1934,2026-07-31T02:11:00Z,Yes,-1.50,8.7,Mariners @ Dodgers,2026-07-31T02:10:00Z,Thu 10:10pm,UNIQLO Field at Dodger Stadium,outdoor,MLB Network,-181.00,7/2/1899,,0.6439,,,,No,LAD,6.06,2.54,43.55762614,56.44,43.55762614,0.64,1,0.0447,over,0.64,0.688604,0.62,0.5,Good Bet
Underdog,MLB,,Julio Rodríguez,CF,,Runs,0.5,,,7/30/2026,Thu 10:10pm,pre_game,MLB,standard,https://assets.underdogfantasy.com/player-images/mlb/20260225_19-e750ccd5-7a24-44ef-b661-0d41baa17d1c.png,,0.5,41.7,58.3,-1.54,58.3,Under,https://www.freeiconspng.com/img/1934,2026-07-31T02:11:00Z,Yes,-1.50,8.7,Mariners @ Dodgers,2026-07-31T02:10:00Z,Thu 10:10pm,UNIQLO Field at Dodger Stadium,outdoor,MLB Network,-140.00,8/12/1899,,0.417,,,,No,LAD,6.06,2.54,36.77687185,63.22,36.77687185,0.42,2,0.0475,over,0.42,0.464498,0.45,0.5,Best Bet
Underdog,MLB,,Julio Rodríguez,CF,,RBIs,0.5,,,7/30/2026,Thu 10:10pm,pre_game,MLB,standard,https://assets.underdogfantasy.com/player-images/mlb/20260225_19-e750ccd5-7a24-44ef-b661-0d41baa17d1c.png,,0.5,34.49,65.51,-6.32,65.51,Under,https://www.freeiconspng.com/img/1934,2026-07-31T02:11:00Z,Yes,-1.50,8.7,Mariners @ Dodgers,2026-07-31T02:10:00Z,Thu 10:10pm,UNIQLO Field at Dodger Stadium,outdoor,MLB Network,-190.00,6/23/1899,,0.3449,,,,No,LAD,6.06,2.54,34.45609745,65.54,34.45609745,0.34,2,0.03861,over,0.34,0.383508,0.39,0.5,Best Bet
Underdog,MLB,,Julio Rodríguez,CF,,Singles,0.5,,,7/30/2026,Thu 10:10pm,pre_game,MLB,standard,https://assets.underdogfantasy.com/player-images/mlb/20260225_19-e750ccd5-7a24-44ef-b661-0d41baa17d1c.png,,0.5,48.39,51.61,-6.2,51.61,Under,https://www.freeiconspng.com/img/1934,2026-07-31T02:11:00Z,Yes,-1.50,8.7,Mariners @ Dodgers,2026-07-31T02:10:00Z,Thu 10:10pm,UNIQLO Field at Dodger Stadium,outdoor,MLB Network,-107.00,-107,,0.4839,,,,No,LAD,6.06,2.54,38.85670633,61.14,38.85670633,0.48,3,0.39929,over,0.48,0.883188,0.59,0.5,Great Bet
Underdog,MLB,,Julio Rodríguez,CF,,Batter Strikeouts,1.5,,,7/30/2026,Thu 10:10pm,pre_game,MLB,standard,https://assets.underdogfantasy.com/player-images/mlb/20260225_19-e750ccd5-7a24-44ef-b661-0d41baa17d1c.png,,1.5,36.29,63.71,-3.82,63.71,Under,https://www.freeiconspng.com/img/1934,2026-07-31T02:11:00Z,Yes,-1.50,8.7,Mariners @ Dodgers,2026-07-31T02:10:00Z,Thu 10:10pm,UNIQLO Field at Dodger Stadium,outdoor,MLB Network,-176.00,-176,,1.0887,,,,No,LAD,6.06,2.54,29.68310839,70.32,29.68310839,1.09,3,0.39929,over,1.09,1.487988,1.22,0,Push
Underdog,MLB,,Julio Rodríguez,CF,,Batter Walks,0.5,,,7/30/2026,Thu 10:10pm,pre_game,MLB,standard,https://assets.underdogfantasy.com/player-images/mlb/20260225_19-e750ccd5-7a24-44ef-b661-0d41baa17d1c.png,,0.5,26.48,73.52,-8.3,73.52,Under,https://www.freeiconspng.com/img/1934,2026-07-31T02:11:00Z,Yes,-1.50,8.7,Mariners @ Dodgers,2026-07-31T02:10:00Z,Thu 10:10pm,UNIQLO Field at Dodger Stadium,outdoor,MLB Network,-278.00,-278,,0.2648,,,,No,LAD,6.06,2.54,23.26405935,76.74,23.26405935,0.26,4,0.0381,over,0.26,0.3029,0.28,0,Push
Underdog,MLB,,Julio Rodríguez,CF,,Stolen Bases,0.5,,,7/30/2026,Thu 10:10pm,pre_game,MLB,standard,https://assets.underdogfantasy.com/player-images/mlb/20260225_19-e750ccd5-7a24-44ef-b661-0d41baa17d1c.png,,0.5,17.33,82.67,-2.09,82.67,Under,https://www.freeiconspng.com/img/1934,2026-07-31T02:11:00Z,Yes,-1.50,8.7,Mariners @ Dodgers,2026-07-31T02:10:00Z,Thu 10:10pm,UNIQLO Field at Dodger Stadium,outdoor,MLB Network,-477.00,-477,,0.1733,,,,No,LAD,6.06,2.54,28.58412483,71.42,28.58412483,0.17,29,-0.02134,under,0.17,0.151964,0.25,0.5,Best Bet
Underdog,MLB,,Julio Rodríguez,CF,,Doubles,0.5,,,7/30/2026,Thu 10:10pm,pre_game,MLB,standard,https://assets.underdogfantasy.com/player-images/mlb/20260225_19-e750ccd5-7a24-44ef-b661-0d41baa17d1c.png,,0.5,18.12,81.88,-8.12,81.88,Under,https://www.freeiconspng.com/img/1934,2026-07-31T02:11:00Z,Yes,-1.50,8.7,Mariners @ Dodgers,2026-07-31T02:10:00Z,Thu 10:10pm,UNIQLO Field at Dodger Stadium,outdoor,MLB Network,-452.00,-452,,0.1812,,,,No,LAD,6.06,2.54,28.86566113,71.13,28.86566113,0.18,8,0.00991,over,0.18,0.191106,0.26,0.5,Best Bet
Underdog,MLB,,Sonny Gray,SP,,Strikeouts,4.5,,,7/30/2026,Thu 09:40pm,pre_game,MLB,standard,https://assets.underdogfantasy.com/player-images/mlb/20260323_23-b004cc6c-f00c-4b5d-917a-ee1abf92179d.png,,,,,,,,,,,,,Red Sox @ Athletics,2026-07-31T01:40:00Z,Thu 09:40pm,Sutter Health Park,outdoor,NBCS-CA,,,,,,,,No,ATH,32.11,6.64,,,,0.00,,0,,0,,0,0,Push
Underdog,MLB,,Bryan Woo,SP,,Strikeouts,5.5,,,7/30/2026,Thu 10:10pm,pre_game,MLB,standard,https://assets.underdogfantasy.com/player-images/mlb/20260323_23-5f42fd84-97c3-4c95-bf35-ad67f4b08443.png,,,,,,,,,,,,,Mariners @ Dodgers,2026-07-31T02:10:00Z,Thu 10:10pm,UNIQLO Field at Dodger Stadium,outdoor,MLB Network,,,,,,,,No,LAD,28.37,6.23,,,,0.00,2,0.13893,over,0,0.138929,0,0,Push
Underdog,MLB,,Sonny Gray,SP,,Pitcher Fantasy Score,31.5,,,7/30/2026,Thu 09:40pm,pre_game,MLB,standard,https://assets.underdogfantasy.com/player-images/mlb/20260323_23-b004cc6c-f00c-4b5d-917a-ee1abf92179d.png,,,,,,,,,,,,,Red Sox @ Athletics,2026-07-31T01:40:00Z,Thu 09:40pm,Sutter Health Park,outdoor,NBCS-CA,,,,32.11,,,,No,ATH,32.11,6.64,50.48412698,49.52,50.48412698,32.11,,0,,35.66,,29.42,20.5,Great Bet
Underdog,MLB,,Bryan Woo,SP,,Pitcher Fantasy Score,27.5,,,7/30/2026,Thu 10:10pm,pre_game,MLB,standard,https://assets.underdogfantasy.com/player-images/mlb/20260323_23-5f42fd84-97c3-4c95-bf35-ad67f4b08443.png,,,,,,,,,,,,,Mariners @ Dodgers,2026-07-31T02:10:00Z,Thu 10:10pm,UNIQLO Field at Dodger Stadium,outdoor,MLB Network,,,,28.37,,,,No,LAD,28.37,6.23,50.79090909,49.21,50.79090909,28.37,1,-26.09311,under,30.4,2.276891,26.09,19.5,Good Bet
Underdog,MLB,,Bryan Woo,SP,,Pitching Outs,17.5,,,7/30/2026,Thu 10:10pm,pre_game,MLB,standard,https://assets.underdogfantasy.com/player-images/mlb/20260323_23-5f42fd84-97c3-4c95-bf35-ad67f4b08443.png,,,,,,,,,,,,,Mariners @ Dodgers,2026-07-31T02:10:00Z,Thu 10:10pm,UNIQLO Field at Dodger Stadium,outdoor,MLB Network,,,,,,,,No,LAD,28.37,6.23,,,,0.00,1,-26.09311,under,0,-26.093109,14.5,14.5,Push
Underdog,MLB,,Sonny Gray,SP,,Pitching Outs,17.5,,,7/30/2026,Thu 09:40pm,pre_game,MLB,standard,https://assets.underdogfantasy.com/player-images/mlb/20260323_23-b004cc6c-f00c-4b5d-917a-ee1abf92179d.png,,,,,,,,,,,,,Red Sox @ Athletics,2026-07-31T01:40:00Z,Thu 09:40pm,Sutter Health Park,outdoor,NBCS-CA,,,,,,,,No,ATH,32.11,6.64,,,,0.00,,0,,0,,20.5,20.5,Push
Underdog,MLB,,Sonny Gray,SP,,Hits Allowed,5.5,,,7/30/2026,Thu 09:40pm,pre_game,MLB,standard,https://assets.underdogfantasy.com/player-images/mlb/20260323_23-b004cc6c-f00c-4b5d-917a-ee1abf92179d.png,,,,,,,,,,,,,Red Sox @ Athletics,2026-07-31T01:40:00Z,Thu 09:40pm,Sutter Health Park,outdoor,NBCS-CA,,,,,,,,No,ATH,32.11,6.64,,,,0.00,,0,,0,,3.5,3.5,Push
Underdog,MLB,,Bryan Woo,SP,,Hits Allowed,5.5,,,7/30/2026,Thu 10:10pm,pre_game,MLB,standard,https://assets.underdogfantasy.com/player-images/mlb/20260323_23-5f42fd84-97c3-4c95-bf35-ad67f4b08443.png,,,,,,,,,,,,,Mariners @ Dodgers,2026-07-31T02:10:00Z,Thu 10:10pm,UNIQLO Field at Dodger Stadium,outdoor,MLB Network,,,,,,,,No,LAD,28.37,6.23,,,,0.00,27,0.81738,over,0,0.817376,3.5,3.5,Push
Underdog,MLB,,Sonny Gray,SP,,Earned Runs Allowed,2.5,,,7/30/2026,Thu 09:40pm,pre_game,MLB,standard,https://assets.underdogfantasy.com/player-images/mlb/20260323_23-b004cc6c-f00c-4b5d-917a-ee1abf92179d.png,,,,,,,,,,,,,Red Sox @ Athletics,2026-07-31T01:40:00Z,Thu 09:40pm,Sutter Health Park,outdoor,NBCS-CA,,,,,,,,No,ATH,32.11,6.64,,,,0.00,,0,,0,,0.5,0.5,Push
Underdog,MLB,,Bryan Woo,SP,,Earned Runs Allowed,2.5,,,7/30/2026,Thu 10:10pm,pre_game,MLB,standard,https://assets.underdogfantasy.com/player-images/mlb/20260323_23-5f42fd84-97c3-4c95-bf35-ad67f4b08443.png,,,,,,,,,,,,,Mariners @ Dodgers,2026-07-31T02:10:00Z,Thu 10:10pm,UNIQLO Field at Dodger Stadium,outdoor,MLB Network,,,,,,,,No,LAD,28.37,6.23,,,,0.00,30,8.83663,over,0,8.836632,5.17,1.5,Push
Underdog,MLB,,Sonny Gray,SP,,Walks Allowed,1.5,,,7/30/2026,Thu 09:40pm,pre_game,MLB,standard,https://assets.underdogfantasy.com/player-images/mlb/20260323_23-b004cc6c-f00c-4b5d-917a-ee1abf92179d.png,,,,,,,,,,,,,Red Sox @ Athletics,2026-07-31T01:40:00Z,Thu 09:40pm,Sutter Health Park,outdoor,NBCS-CA,,,,,,,,No,ATH,32.11,6.64,,,,0.00,,0,,0,,0.5,0.5,Push
Underdog,MLB,,Bryan Woo,SP,,Walks Allowed,1.5,,,7/30/2026,Thu 10:10pm,pre_game,MLB,standard,https://assets.underdogfantasy.com/player-images/mlb/20260323_23-5f42fd84-97c3-4c95-bf35-ad67f4b08443.png,,,,,,,,,,,,,Mariners @ Dodgers,2026-07-31T02:10:00Z,Thu 10:10pm,UNIQLO Field at Dodger Stadium,outdoor,MLB Network,,,,,,,,No,LAD,28.37,6.23,,,,0.00,25,0.79308,over,0,0.793079,0.65,0.5,Push
Underdog,MLB,,Sonny Gray,SP,,1st Inn. Strikeouts,0.5,,,7/30/2026,Thu 09:40pm,pre_game,MLB,standard,https://assets.underdogfantasy.com/player-images/mlb/20260323_23-b004cc6c-f00c-4b5d-917a-ee1abf92179d.png,,,,,,,,,,,,,Red Sox @ Athletics,2026-07-31T01:40:00Z,Thu 09:40pm,Sutter Health Park,outdoor,NBCS-CA,,,,,,,,No,ATH,32.11,6.64,,,,0.00,,0,,0,,0,0,Push
Underdog,MLB,,Bryan Woo,SP,,1st Inn. Strikeouts,0.5,,,7/30/2026,Thu 10:10pm,pre_game,MLB,standard,https://assets.underdogfantasy.com/player-images/mlb/20260323_23-5f42fd84-97c3-4c95-bf35-ad67f4b08443.png,,,,,,,,,,,,,Mariners @ Dodgers,2026-07-31T02:10:00Z,Thu 10:10pm,UNIQLO Field at Dodger Stadium,outdoor,MLB Network,,,,,,,,No,LAD,28.37,6.23,,,,0.00,2,0.13893,over,0,0.138929,0,0,Push
Underdog,MLB,,Sonny Gray,SP,,1st Inn. Runs Allowed,0.5,,,7/30/2026,Thu 09:40pm,pre_game,MLB,standard,https://assets.underdogfantasy.com/player-images/mlb/20260323_23-b004cc6c-f00c-4b5d-917a-ee1abf92179d.png,,,,,,,,,,,,,Red Sox @ Athletics,2026-07-31T01:40:00Z,Thu 09:40pm,Sutter Health Park,outdoor,NBCS-CA,,,,,,,,No,ATH,32.11,6.64,,,,0.00,,0,,0,,0,0,Push
Underdog,MLB,,Bryan Woo,SP,,1st Inn. Runs Allowed,0.5,,,7/30/2026,Thu 10:10pm,pre_game,MLB,standard,https://assets.underdogfantasy.com/player-images/mlb/20260323_23-5f42fd84-97c3-4c95-bf35-ad67f4b08443.png,,,,,,,,,,,,,Mariners @ Dodgers,2026-07-31T02:10:00Z,Thu 10:10pm,UNIQLO Field at Dodger Stadium,outdoor,MLB Network,,,,,,,,No,LAD,28.37,6.23,,,,0.00,1,-26.09311,under,0,-26.093109,0,0,Push
Underdog,MLB,,Sonny Gray,SP,,1st Inn. Pitch Count,19.5,,,7/30/2026,Thu 09:40pm,pre_game,MLB,standard,https://assets.underdogfantasy.com/player-images/mlb/20260323_23-b004cc6c-f00c-4b5d-917a-ee1abf92179d.png,,,,,,,,,,,,,Red Sox @ Athletics,2026-07-31T01:40:00Z,Thu 09:40pm,Sutter Health Park,outdoor,NBCS-CA,,,,,,,,No,ATH,32.11,6.64,,,,0.00,,0,,0,,0,0,Push
Underdog,MLB,,Bryan Woo,SP,,1st Inn. Pitch Count,14.5,,,7/30/2026,Thu 10:10pm,pre_game,MLB,standard,https://assets.underdogfantasy.com/player-images/mlb/20260323_23-5f42fd84-97c3-4c95-bf35-ad67f4b08443.png,,,,,,,,,,,,,Mariners @ Dodgers,2026-07-31T02:10:00Z,Thu 10:10pm,UNIQLO Field at Dodger Stadium,outdoor,MLB Network,,,,,,,,No,LAD,28.37,6.23,,,,0.00,1,-26.09311,under,0,-26.093109,0,0,Push
Underdog,MLB,,Sonny Gray,SP,,1st Inn. Batters Faced,3.5,,,7/30/2026,Thu 09:40pm,pre_game,MLB,standard,https://assets.underdogfantasy.com/player-images/mlb/20260323_23-b004cc6c-f00c-4b5d-917a-ee1abf92179d.png,,,,,,,,,,,,,Red Sox @ Athletics,2026-07-31T01:40:00Z,Thu 09:40pm,Sutter Health Park,outdoor,NBCS-CA,,,,,,,,No,ATH,32.11,6.64,,,,0.00,,0,,0,,0,0,Push
Underdog,MLB,,Bryan Woo,SP,,1st Inn. Batters Faced,3.5,,,7/30/2026,Thu 10:10pm,pre_game,MLB,standard,https://assets.underdogfantasy.com/player-images/mlb/20260323_23-5f42fd84-97c3-4c95-bf35-ad67f4b08443.png,,,,,,,,,,,,,Mariners @ Dodgers,2026-07-31T02:10:00Z,Thu 10:10pm,UNIQLO Field at Dodger Stadium,outdoor,MLB Network,,,,,,,,No,LAD,28.37,6.23,,,,0.00,30,8.83663,over,0,8.836632,8.84,0,Push
Underdog,MLB,,Sonny Gray,SP,,1st Inn. Hits Allowed,0.5,,,7/30/2026,Thu 09:40pm,pre_game,MLB,standard,https://assets.underdogfantasy.com/player-images/mlb/20260323_23-b004cc6c-f00c-4b5d-917a-ee1abf92179d.png,,,,,,,,,,,,,Red Sox @ Athletics,2026-07-31T01:40:00Z,Thu 09:40pm,Sutter Health Park,outdoor,NBCS-CA,,,,,,,,No,ATH,32.11,6.64,,,,0.00,,0,,0,,0,0,Push
Underdog,MLB,,Bryan Woo,SP,,1st Inn. Hits Allowed,0.5,,,7/30/2026,Thu 10:10pm,pre_game,MLB,standard,https://assets.underdogfantasy.com/player-images/mlb/20260323_23-5f42fd84-97c3-4c95-bf35-ad67f4b08443.png,,,,,,,,,,,,,Mariners @ Dodgers,2026-07-31T02:10:00Z,Thu 10:10pm,UNIQLO Field at Dodger Stadium,outdoor,MLB Network,,,,,,,,No,LAD,28.37,6.23,,,,0.00,27,0.81738,over,0,0.817376,0.82,0,Push
Underdog,MLB,,Junior Caminero,3B,,Hits + Runs + RBIs,1.5,,,7/31/2026,Fri 07:10pm,pre_game,MLB,standard,https://assets.underdogfantasy.com/player-images/mlb/20260424_14-0ee484f5-8f12-4715-9ce8-96659bcb8f63.png,,2.5,43.27,56.73,0.21,56.73,Under,https://www.freeiconspng.com/img/1934,,Yes,-1.40,8.1,White Sox @ Rays,2026-07-31T23:10:00Z,Fri 07:10pm,Tropicana Field,indoor,,-131.00,-131,7/31/2026,2.1635,,,,No,,,3.5,63.64436562,36.36,63.64436562,2.16,,0,,2.16,,2.16,0,Push
Underdog,MLB,,Teoscar Hernández,LF,,Hits + Runs + RBIs,1.5,,,7/30/2026,Thu 10:10pm,pre_game,MLB,standard,https://assets.underdogfantasy.com/player-images/mlb/20260406_16-19dc4d37-db3d-4289-bf15-4705ddb56d30.png,,1.5,45.58,54.42,,57.81,Over,https://www.freeiconspng.com/img/1934,2026-07-31T02:11:00Z,Yes,-1.50,8.7,Mariners @ Dodgers,2026-07-31T02:10:00Z,Thu 10:10pm,UNIQLO Field at Dodger Stadium,outdoor,MLB Network,-137.00,-137,,1.3674,,,,No,SEA,5.06,2,39.68610596,60.31,39.68610596,1.37,,0,,1.37,,1.37,0,Push
Underdog,MLB,,Teoscar Hernández,LF,,Home Runs,0.5,,,7/30/2026,Thu 10:10pm,pre_game,MLB,standard,https://assets.underdogfantasy.com/player-images/mlb/20260406_16-19dc4d37-db3d-4289-bf15-4705ddb56d30.png,,0.5,15.56,84.44,-1.03,84.44,Under,https://www.freeiconspng.com/img/1934,2026-07-31T02:11:00Z,Yes,-1.50,8.7,Mariners @ Dodgers,2026-07-31T02:10:00Z,Thu 10:10pm,UNIQLO Field at Dodger Stadium,outdoor,MLB Network,-543.00,-543,,0.1556,,,,No,SEA,5.06,2,27.94928933,72.05,27.94928933,0.16,,0,,0.16,,0.27,0.5,Push
Underdog,MLB,,Junior Caminero,3B,,Home Runs,0.5,,,7/31/2026,Fri 07:10pm,pre_game,MLB,standard,https://assets.underdogfantasy.com/player-images/mlb/20260424_14-0ee484f5-8f12-4715-9ce8-96659bcb8f63.png,,0.5,25.86,74.14,0.05,74.14,Under,https://www.freeiconspng.com/img/1934,,Yes,-1.40,8.1,White Sox @ Rays,2026-07-31T23:10:00Z,Fri 07:10pm,Tropicana Field,indoor,,-287.00,-287,7/31/2026,0.2586,,,,No,,,3.5,31.56597202,68.43,31.56597202,0.26,,0,,0.26,,0.34,0.5,Push
Underdog,MLB,,Junior Caminero,3B,,Total Bases,1.5,,,7/31/2026,Fri 07:10pm,pre_game,MLB,standard,https://assets.underdogfantasy.com/player-images/mlb/20260424_14-0ee484f5-8f12-4715-9ce8-96659bcb8f63.png,,1.5,49.91,50.09,-7.72,50.09,Under,https://www.freeiconspng.com/img/1934,,Yes,-1.40,8.1,White Sox @ Rays,2026-07-31T23:10:00Z,Fri 07:10pm,Tropicana Field,indoor,,-100.00,-100,7/31/2026,1.4973,,,,No,,,3.5,26.37444806,73.63,26.37444806,1.50,,0,,1.5,,1.16,0.5,Push
Underdog,MLB,,Teoscar Hernández,LF,,Hits,0.5,,,7/30/2026,Thu 10:10pm,pre_game,MLB,standard,https://assets.underdogfantasy.com/player-images/mlb/20260406_16-19dc4d37-db3d-4289-bf15-4705ddb56d30.png,,0.5,59.61,40.39,-0.23,59.61,Over,https://www.freeiconspng.com/img/1934,2026-07-31T02:11:00Z,Yes,-1.50,8.7,Mariners @ Dodgers,2026-07-31T02:10:00Z,Thu 10:10pm,UNIQLO Field at Dodger Stadium,outdoor,MLB Network,-148.00,-148,,0.5961,,,,No,SEA,5.06,2,42.19240399,57.81,42.19240399,0.60,,0,,0.6,,0.56,0.5,Good Bet
Underdog,MLB,,Junior Caminero,3B,,Hits,1.5,,,7/31/2026,Fri 07:10pm,pre_game,MLB,standard,https://assets.underdogfantasy.com/player-images/mlb/20260424_14-0ee484f5-8f12-4715-9ce8-96659bcb8f63.png,,1.5,31.67,68.33,0.28,68.33,Under,https://www.freeiconspng.com/img/1934,,Yes,-1.40,8.1,White Sox @ Rays,2026-07-31T23:10:00Z,Fri 07:10pm,Tropicana Field,indoor,,-216.00,-216,7/31/2026,0.9501,,,,No,,,3.5,16.45576755,83.54,16.45576755,0.95,,0,,0.95,,0.8,0.5,Push
Underdog,MLB,,Junior Caminero,3B,,Runs,0.5,,,7/31/2026,Fri 07:10pm,pre_game,MLB,standard,https://assets.underdogfantasy.com/player-images/mlb/20260424_14-0ee484f5-8f12-4715-9ce8-96659bcb8f63.png,,0.5,49.78,50.22,-7.59,50.22,Under,https://www.freeiconspng.com/img/1934,,Yes,-1.40,8.1,White Sox @ Rays,2026-07-31T23:10:00Z,Fri 07:10pm,Tropicana Field,indoor,,-101.00,-101,7/31/2026,0.4978,,,,No,,,3.5,39.28017895,60.72,39.28017895,0.50,,0,,0.5,,0.5,0.5,Push
Underdog,MLB,,Teoscar Hernández,LF,,Runs,0.5,,,7/30/2026,Thu 10:10pm,pre_game,MLB,standard,https://assets.underdogfantasy.com/player-images/mlb/20260406_16-19dc4d37-db3d-4289-bf15-4705ddb56d30.png,,0.5,38.25,61.75,-1.49,61.75,Under,https://www.freeiconspng.com/img/1934,2026-07-31T02:11:00Z,Yes,-1.50,8.7,Mariners @ Dodgers,2026-07-31T02:10:00Z,Thu 10:10pm,UNIQLO Field at Dodger Stadium,outdoor,MLB Network,-161.00,-161,,0.3825,,,,No,SEA,5.06,2,35.67681215,64.32,35.67681215,0.38,,0,,0.38,,0.42,0.5,Push
Underdog,MLB,,Teoscar Hernández,LF,,RBIs,0.5,,,7/30/2026,Thu 10:10pm,pre_game,MLB,standard,https://assets.underdogfantasy.com/player-images/mlb/20260406_16-19dc4d37-db3d-4289-bf15-4705ddb56d30.png,,0.5,31.77,68.23,-6.77,68.23,Under,https://www.freeiconspng.com/img/1934,2026-07-31T02:11:00Z,Yes,-1.50,8.7,Mariners @ Dodgers,2026-07-31T02:10:00Z,Thu 10:10pm,UNIQLO Field at Dodger Stadium,outdoor,MLB Network,-215.00,-215,,0.3177,,,,No,SEA,5.06,2,33.55861131,66.44,33.55861131,0.32,,0,,0.32,,0.38,0.5,Push
Underdog,MLB,,Junior Caminero,3B,,RBIs,0.5,,,7/31/2026,Fri 07:10pm,pre_game,MLB,standard,https://assets.underdogfantasy.com/player-images/mlb/20260424_14-0ee484f5-8f12-4715-9ce8-96659bcb8f63.png,,,,,,,,,,,,,White Sox @ Rays,2026-07-31T23:10:00Z,Fri 07:10pm,Tropicana Field,indoor,,,,,,,,,No,,,3.5,,,,0.00,,0,,0,,0.5,0.5,Push
Underdog,MLB,,Teoscar Hernández,LF,,Singles,0.5,,,7/30/2026,Thu 10:10pm,pre_game,MLB,standard,https://assets.underdogfantasy.com/player-images/mlb/20260406_16-19dc4d37-db3d-4289-bf15-4705ddb56d30.png,,0.5,43.63,56.37,,57.81,Over,https://www.freeiconspng.com/img/1934,2026-07-31T02:11:00Z,Yes,-1.50,8.7,Mariners @ Dodgers,2026-07-31T02:10:00Z,Thu 10:10pm,UNIQLO Field at Dodger Stadium,outdoor,MLB Network,-137.00,-137,,0.4363,,,,No,SEA,5.06,2,37.38404073,62.62,37.38404073,0.44,,0,,0.44,,0.46,0.5,Push
Underdog,MLB,,Teoscar Hernández,LF,,Batter Strikeouts,1.5,,,7/30/2026,Thu 10:10pm,pre_game,MLB,standard,https://assets.underdogfantasy.com/player-images/mlb/20260406_16-19dc4d37-db3d-4289-bf15-4705ddb56d30.png,,1.5,29.08,70.92,-4.57,70.92,Under,https://www.freeiconspng.com/img/1934,2026-07-31T02:11:00Z,Yes,-1.50,8.7,Mariners @ Dodgers,2026-07-31T02:10:00Z,Thu 10:10pm,UNIQLO Field at Dodger Stadium,outdoor,MLB Network,-244.00,-244,,0.8724,,,,No,SEA,5.06,2,21.74355295,78.26,21.74355295,0.87,,0,,0.87,,0.87,0,Push
Underdog,MLB,,Teoscar Hernández,LF,,Batter Walks,0.5,,,7/30/2026,Thu 10:10pm,pre_game,MLB,standard,https://assets.underdogfantasy.com/player-images/mlb/20260406_16-19dc4d37-db3d-4289-bf15-4705ddb56d30.png,,0.5,26.38,73.62,-8.99,73.62,Under,https://www.freeiconspng.com/img/1934,2026-07-31T02:11:00Z,Yes,-1.50,8.7,Mariners @ Dodgers,2026-07-31T02:10:00Z,Thu 10:10pm,UNIQLO Field at Dodger Stadium,outdoor,MLB Network,-279.00,-279,,0.2638,,,,No,SEA,5.06,2,23.18728503,76.81,23.18728503,0.26,,0,,0.26,,0.26,0,Push
Underdog,MLB,,Junior Caminero,3B,,Batter Walks,0.5,,,7/31/2026,Fri 07:10pm,pre_game,MLB,standard,https://assets.underdogfantasy.com/player-images/mlb/20260424_14-0ee484f5-8f12-4715-9ce8-96659bcb8f63.png,,0.5,35.07,64.93,-7.67,64.93,Under,https://www.freeiconspng.com/img/1934,,Yes,-1.40,8.1,White Sox @ Rays,2026-07-31T23:10:00Z,Fri 07:10pm,Tropicana Field,indoor,,-185.00,-185,7/31/2026,0.3507,,,,No,,,3.5,29.58050193,70.42,29.58050193,0.35,,0,,0.35,,0.35,0,Push
Underdog,MLB,,Teoscar Hernández,LF,,Doubles,0.5,,,7/30/2026,Thu 10:10pm,pre_game,MLB,standard,https://assets.underdogfantasy.com/player-images/mlb/20260406_16-19dc4d37-db3d-4289-bf15-4705ddb56d30.png,,0.5,18.06,81.94,-4.73,81.94,Under,https://www.freeiconspng.com/img/1934,2026-07-31T02:11:00Z,Yes,-1.50,8.7,Mariners @ Dodgers,2026-07-31T02:10:00Z,Thu 10:10pm,UNIQLO Field at Dodger Stadium,outdoor,MLB Network,-454.00,-454,,0.1806,,,,No,SEA,5.06,2,28.84431763,71.16,28.84431763,0.18,,0,,0.18,,0.29,0.5,Push
Underdog,MLB,,Jung Hoo Lee,RF,,Hits + Runs + RBIs,1.5,,,7/30/2026,Thu 09:40pm,pre_game,MLB,standard,https://assets.underdogfantasy.com/player-images/mlb/20260328_05-b5f88674-e70f-42eb-9a7e-cd09616f7066.png,,1.5,46.65,53.35,-3.17,53.35,Under,https://www.freeiconspng.com/img/1934,2026-07-31T01:41:00Z,Yes,-1.50,8.3,Giants @ Padres,2026-07-31T01:40:00Z,Thu 09:40pm,Petco Park,outdoor,,-114.00,-114,7/30/2026,1.3995,,,,No,SD,5.23,2.37,40.79946563,59.20,40.79946563,1.40,,0,,1.4,,1.4,0,Push
Underdog,MLB,,Lawrence Butler,RF,,Hits + Runs + RBIs,1.5,,,7/30/2026,Thu 09:40pm,pre_game,MLB,standard,https://assets.underdogfantasy.com/player-images/mlb/20260325_03-2e7c7804-504d-45f6-ace4-9b53b511217c.png,,1.5,42.46,57.54,-3.24,57.54,Under,https://www.freeiconspng.com/img/1934,,No,1.50,10,Red Sox @ Athletics,2026-07-31T01:40:00Z,Thu 09:40pm,Sutter Health Park,outdoor,NBCS-CA,-136.00,-136,7/30/2026,1.2738,,,,No,,,3.5,36.38669626,63.61,36.38669626,1.27,,0,,1.27,,1.27,0,Push
Underdog,MLB,,Luis Arraez,2B,,Hits + Runs + RBIs,1.5,,,7/30/2026,Thu 09:40pm,pre_game,MLB,standard,https://assets.underdogfantasy.com/player-images/mlb/20260323_23-b8261ada-763e-4d7e-8ac5-0636c87d1ac1.png,,1.5,54.25,45.75,-6.53,54.25,Over,https://www.freeiconspng.com/img/1934,2026-07-31T01:41:00Z,Yes,-1.50,8.3,Giants @ Padres,2026-07-31T01:40:00Z,Thu 09:40pm,Petco Park,outdoor,,-119.00,-119,7/30/2026,1.6275,,,,No,SD,5.74,2.53,48.39064215,51.61,48.39064215,1.63,,0,,1.63,,1.63,0,Great Bet
Underdog,MLB,,Tyler Soderstrom,LF,,Hits + Runs + RBIs,1.5,,,7/30/2026,Thu 09:40pm,pre_game,MLB,standard,https://assets.underdogfantasy.com/player-images/mlb/20260330_04-50f70155-b48c-49d9-ab32-09340f5c1880.png,,1.5,51.25,48.75,-6.2,51.25,Over,https://www.freeiconspng.com/img/1934,,No,1.50,10,Red Sox @ Athletics,2026-07-31T01:40:00Z,Thu 09:40pm,Sutter Health Park,outdoor,NBCS-CA,-105.00,-105,7/30/2026,1.5375,,,,No,,,3.5,45.46462736,54.54,45.46462736,1.54,,0,,1.54,,1.54,0,Great Bet
Underdog,MLB,,Jarren Duran,LF,,Hits + Runs + RBIs,1.5,,,7/30/2026,Thu 09:40pm,pre_game,MLB,standard,https://assets.underdogfantasy.com/player-images/mlb/20260323_23-b8124420-b124-4e28-a719-c7a124917735.png,,1.5,54.18,45.82,-4.15,54.18,Over,https://www.freeiconspng.com/img/1934,2026-07-31T01:41:00Z,No,1.50,10,Red Sox @ Athletics,2026-07-31T01:40:00Z,Thu 09:40pm,Sutter Health Park,outdoor,NBCS-CA,-118.00,-118,7/30/2026,1.6254,,,,No,ATH,7.06,2.6,48.32348353,51.68,48.32348353,1.63,,0,,1.63,,1.63,0,Great Bet
Underdog,MLB,,Luis Arraez,2B,,Home Runs,0.5,,,7/30/2026,Thu 09:40pm,pre_game,MLB,standard,https://assets.underdogfantasy.com/player-images/mlb/20260323_23-b8261ada-763e-4d7e-8ac5-0636c87d1ac1.png,,0.5,7.49,92.51,,5,Over,https://www.freeiconspng.com/img/1934,2026-07-31T01:41:00Z,Yes,-1.50,8.3,Giants @ Padres,2026-07-31T01:40:00Z,Thu 09:40pm,Petco Park,outdoor,,"1,900.00",3/14/1905,7/30/2026,0.0749,,,,No,SD,5.74,2.53,24.98259255,75.02,24.98259255,0.07,,0,,0.07,,0.22,0.5,Push
Underdog,MLB,,Jung Hoo Lee,RF,,Home Runs,0.5,,,7/30/2026,Thu 09:40pm,pre_game,MLB,standard,https://assets.underdogfantasy.com/player-images/mlb/20260328_05-b5f88674-e70f-42eb-9a7e-cd09616f7066.png,,0.5,7.33,92.67,0.08,92.67,Under,https://www.freeiconspng.com/img/1934,2026-07-31T01:41:00Z,Yes,-1.50,8.3,Giants @ Padres,2026-07-31T01:40:00Z,Thu 09:40pm,Petco Park,outdoor,,"-1,264.00",7/14/1896,7/30/2026,0.0733,,,,No,SD,5.23,2.37,24.92255461,75.08,24.92255461,0.07,,0,,0.07,,0.22,0.5,Push
Underdog,MLB,,Tyler Soderstrom,LF,,Home Runs,0.5,,,7/30/2026,Thu 09:40pm,pre_game,MLB,standard,https://assets.underdogfantasy.com/player-images/mlb/20260330_04-50f70155-b48c-49d9-ab32-09340f5c1880.png,,0.5,19.42,80.58,-4.18,80.58,Under,https://www.freeiconspng.com/img/1934,,No,1.50,10,Red Sox @ Athletics,2026-07-31T01:40:00Z,Thu 09:40pm,Sutter Health Park,outdoor,NBCS-CA,-415.00,-415,7/30/2026,0.1942,,,,No,,,3.5,29.32653487,70.67,29.32653487,0.19,,0,,0.19,,0.3,0.5,Push
Underdog,MLB,,Jarren Duran,LF,,Home Runs,0.5,,,7/30/2026,Thu 09:40pm,pre_game,MLB,standard,https://assets.underdogfantasy.com/player-images/mlb/20260323_23-b8124420-b124-4e28-a719-c7a124917735.png,,0.5,17.19,82.81,-0.52,82.81,Under,https://www.freeiconspng.com/img/1934,2026-07-31T01:41:00Z,No,1.50,10,Red Sox @ Athletics,2026-07-31T01:40:00Z,Thu 09:40pm,Sutter Health Park,outdoor,NBCS-CA,-482.00,9/4/1898,7/30/2026,0.1719,,,,No,ATH,7.06,2.6,28.53411621,71.47,28.53411621,0.17,,0,,0.17,,0.28,0.5,Push
Underdog,MLB,,Lawrence Butler,RF,,Home Runs,0.5,,,7/30/2026,Thu 09:40pm,pre_game,MLB,standard,https://assets.underdogfantasy.com/player-images/mlb/20260325_03-2e7c7804-504d-45f6-ace4-9b53b511217c.png,,0.5,13.45,86.55,-2.73,86.55,Under,https://www.freeiconspng.com/img/1934,,No,1.50,10,Red Sox @ Athletics,2026-07-31T01:40:00Z,Thu 09:40pm,Sutter Health Park,outdoor,NBCS-CA,-643.00,3/27/1898,7/30/2026,0.1345,,,,No,,,3.5,27.18513048,72.81,27.18513048,0.13,,0,,0.13,,0.26,0.5,Push
Underdog,MLB,,Tyler Soderstrom,LF,,Total Bases,1.5,,,7/30/2026,Thu 09:40pm,pre_game,MLB,standard,https://assets.underdogfantasy.com/player-images/mlb/20260330_04-50f70155-b48c-49d9-ab32-09340f5c1880.png,,1.5,42.41,57.59,-3.8,57.59,Under,https://www.freeiconspng.com/img/1934,,No,1.50,10,Red Sox @ Athletics,2026-07-31T01:40:00Z,Thu 09:40pm,Sutter Health Park,outdoor,NBCS-CA,-136.00,-136,7/30/2026,1.2723,,,,No,,,3.5,22.24538545,77.75,22.24538545,1.27,,0,,1.27,,1.01,0.5,Push
Underdog,MLB,,Jung Hoo Lee,RF,,Total Bases,1.5,,,7/30/2026,Thu 09:40pm,pre_game,MLB,standard,https://assets.underdogfantasy.com/player-images/mlb/20260328_05-b5f88674-e70f-42eb-9a7e-cd09616f7066.png,,1.5,36.54,63.46,-5.48,63.46,Under,https://www.freeiconspng.com/img/1934,2026-07-31T01:41:00Z,Yes,-1.50,8.3,Giants @ Padres,2026-07-31T01:40:00Z,Thu 09:40pm,Petco Park,outdoor,,-174.00,7/9/1899,7/30/2026,1.0962,,,,No,SD,5.23,2.37,19.05250474,80.95,19.05250474,1.10,,0,,1.1,,0.9,0.5,Push
Underdog,MLB,,Jarren Duran,LF,,Total Bases,1.5,,,7/30/2026,Thu 09:40pm,pre_game,MLB,standard,https://assets.underdogfantasy.com/player-images/mlb/20260323_23-b8124420-b124-4e28-a719-c7a124917735.png,,1.5,43.02,56.98,-3.96,56.98,Under,https://www.freeiconspng.com/img/1934,2026-07-31T01:41:00Z,No,1.50,10,Red Sox @ Athletics,2026-07-31T01:40:00Z,Thu 09:40pm,Sutter Health Park,outdoor,NBCS-CA,-132.00,8/20/1899,7/30/2026,1.2906,,,,No,ATH,7.06,2.6,22.57983136,77.42,22.57983136,1.29,,0,,1.29,,1.03,0.5,Push
Underdog,MLB,,Luis Arraez,2B,,Total Bases,1.5,,,7/30/2026,Thu 09:40pm,pre_game,MLB,standard,https://assets.underdogfantasy.com/player-images/mlb/20260323_23-b8261ada-763e-4d7e-8ac5-0636c87d1ac1.png,,1.5,42.85,57.15,-4.54,57.15,Under,https://www.freeiconspng.com/img/1934,2026-07-31T01:41:00Z,Yes,-1.50,8.3,Giants @ Padres,2026-07-31T01:40:00Z,Thu 09:40pm,Petco Park,outdoor,,-133.00,8/19/1899,7/30/2026,1.2855,,,,No,SD,5.74,2.53,22.48658765,77.51,22.48658765,1.29,,0,,1.29,,1.02,0.5,Push
Underdog,MLB,,Tyler Soderstrom,LF,,Hitter Fantasy Score,6.5,,,7/30/2026,Thu 09:40pm,pre_game,MLB,standard,https://assets.underdogfantasy.com/player-images/mlb/20260330_04-50f70155-b48c-49d9-ab32-09340f5c1880.png,,,,,,,,,,,,,Red Sox @ Athletics,2026-07-31T01:40:00Z,Thu 09:40pm,Sutter Health Park,outdoor,NBCS-CA,,,,,,,,No,,,3.5,,,,0.00,,0,,8.68,,6.09,3.5,Push
Underdog,MLB,,Jung Hoo Lee,RF,,Hitter Fantasy Score,5.5,,,7/30/2026,Thu 09:40pm,pre_game,MLB,standard,https://assets.underdogfantasy.com/player-images/mlb/20260328_05-b5f88674-e70f-42eb-9a7e-cd09616f7066.png,,,,,,,,,,,,,Giants @ Padres,2026-07-31T01:40:00Z,Thu 09:40pm,Petco Park,outdoor,,,,,5.23,,,,No,SD,5.23,2.37,65.54495003,34.46,34.45504997,5.23,,0,,5.1,,4.28,2.5,Push
Underdog,MLB,,Luis Arraez,2B,,Hitter Fantasy Score,7.5,,,7/30/2026,Thu 09:40pm,pre_game,MLB,standard,https://assets.underdogfantasy.com/player-images/mlb/20260323_23-b8261ada-763e-4d7e-8ac5-0636c87d1ac1.png,,,,,,,,,,,,,Giants @ Padres,2026-07-31T01:40:00Z,Thu 09:40pm,Petco Park,outdoor,,,,,5.74,,,,No,SD,5.74,2.53,44.13333333,55.87,55.86666667,5.74,,0,,5.67,,4.97,3.5,Push
Underdog,MLB,,Lawrence Butler,RF,,Hitter Fantasy Score,5.5,,,7/30/2026,Thu 09:40pm,pre_game,MLB,standard,https://assets.underdogfantasy.com/player-images/mlb/20260325_03-2e7c7804-504d-45f6-ace4-9b53b511217c.png,,,,,,,,,,,,,Red Sox @ Athletics,2026-07-31T01:40:00Z,Thu 09:40pm,Sutter Health Park,outdoor,NBCS-CA,,,,,,,,No,,,3.5,,,,0.00,,0,,6.83,,4.16,1.5,Push
Underdog,MLB,,Jarren Duran,LF,,Hitter Fantasy Score,7.5,,,7/30/2026,Thu 09:40pm,pre_game,MLB,standard,https://assets.underdogfantasy.com/player-images/mlb/20260323_23-b8124420-b124-4e28-a719-c7a124917735.png,,,,,,,,,,,,,Red Sox @ Athletics,2026-07-31T01:40:00Z,Thu 09:40pm,Sutter Health Park,outdoor,NBCS-CA,,,,7.06,,,,No,ATH,7.06,2.6,48.53333333,51.47,51.46666667,7.06,,0,,5.2,,4.92,2.5,Push
Underdog,MLB,,Jarren Duran,LF,,Hits,0.5,,,7/30/2026,Thu 09:40pm,pre_game,MLB,standard,https://assets.underdogfantasy.com/player-images/mlb/20260323_23-b8124420-b124-4e28-a719-c7a124917735.png,,0.5,64.76,35.24,-4.18,64.76,Over,https://www.freeiconspng.com/img/1934,2026-07-31T01:41:00Z,No,1.50,10,Red Sox @ Athletics,2026-07-31T01:40:00Z,Thu 09:40pm,Sutter Health Park,outdoor,NBCS-CA,-184.00,6/29/1899,7/30/2026,0.6476,,,,No,ATH,7.06,2.6,43.661948,56.34,43.661948,0.65,,0,,0.65,,0.6,0.5,Good Bet
Underdog,MLB,,Jung Hoo Lee,RF,,Hits,0.5,,,7/30/2026,Thu 09:40pm,pre_game,MLB,standard,https://assets.underdogfantasy.com/player-images/mlb/20260328_05-b5f88674-e70f-42eb-9a7e-cd09616f7066.png,,0.5,64.28,35.72,-4.17,64.28,Over,https://www.freeiconspng.com/img/1934,2026-07-31T01:41:00Z,Yes,-1.50,8.3,Giants @ Padres,2026-07-31T01:40:00Z,Thu 09:40pm,Petco Park,outdoor,,-180.00,7/3/1899,7/30/2026,0.6428,,,,No,SD,5.23,2.37,43.5265743,56.47,43.5265743,0.64,,0,,0.64,,0.6,0.5,Good Bet
Underdog,MLB,,Tyler Soderstrom,LF,,Hits,0.5,,,7/30/2026,Thu 09:40pm,pre_game,MLB,standard,https://assets.underdogfantasy.com/player-images/mlb/20260330_04-50f70155-b48c-49d9-ab32-09340f5c1880.png,,0.5,65.06,34.94,-4.36,65.06,Over,https://www.freeiconspng.com/img/1934,,No,1.50,10,Red Sox @ Athletics,2026-07-31T01:40:00Z,Thu 09:40pm,Sutter Health Park,outdoor,NBCS-CA,-186.00,6/27/1899,7/30/2026,0.6506,,,,No,,,3.5,43.74639173,56.25,43.74639173,0.65,,0,,0.65,,0.6,0.5,Good Bet
Underdog,MLB,,Luis Arraez,2B,,Hits,1.5,,,7/30/2026,Thu 09:40pm,pre_game,MLB,standard,https://assets.underdogfantasy.com/player-images/mlb/20260323_23-b8261ada-763e-4d7e-8ac5-0636c87d1ac1.png,,1.5,35.66,64.34,-5.08,64.34,Under,https://www.freeiconspng.com/img/1934,2026-07-31T01:41:00Z,Yes,-1.50,8.3,Giants @ Padres,2026-07-31T01:40:00Z,Thu 09:40pm,Petco Park,outdoor,,-180.00,-180,7/30/2026,1.0698,,,,No,SD,5.74,2.53,18.57905274,81.42,18.57905274,1.07,,0,,1.07,,0.88,0.5,Push
Underdog,MLB,,Lawrence Butler,RF,,Hits,0.5,,,7/30/2026,Thu 09:40pm,pre_game,MLB,standard,https://assets.underdogfantasy.com/player-images/mlb/20260325_03-2e7c7804-504d-45f6-ace4-9b53b511217c.png,,0.5,55.65,44.35,-3.86,55.65,Over,https://www.freeiconspng.com/img/1934,,No,1.50,10,Red Sox @ Athletics,2026-07-31T01:40:00Z,Thu 09:40pm,Sutter Health Park,outdoor,NBCS-CA,-125.00,8/27/1899,7/30/2026,0.5565,,,,No,,,3.5,41.03640698,58.96,41.03640698,0.56,,0,,0.56,,0.54,0.5,Good Bet
Underdog,MLB,,Lawrence Butler,RF,,Runs,0.5,,,7/30/2026,Thu 09:40pm,pre_game,MLB,standard,https://assets.underdogfantasy.com/player-images/mlb/20260325_03-2e7c7804-504d-45f6-ace4-9b53b511217c.png,,0.5,38.46,61.54,-5.13,61.54,Under,https://www.freeiconspng.com/img/1934,,No,1.50,10,Red Sox @ Athletics,2026-07-31T01:40:00Z,Thu 09:40pm,Sutter Health Park,outdoor,NBCS-CA,-160.00,7/23/1899,7/30/2026,0.3846,,,,No,,,3.5,35.74431605,64.26,35.74431605,0.38,,0,,0.38,,0.42,0.5,Push
Underdog,MLB,,Jung Hoo Lee,RF,,Runs,0.5,,,7/30/2026,Thu 09:40pm,pre_game,MLB,standard,https://assets.underdogfantasy.com/player-images/mlb/20260328_05-b5f88674-e70f-42eb-9a7e-cd09616f7066.png,,0.5,34.49,65.51,-3.24,65.51,Under,https://www.freeiconspng.com/img/1934,2026-07-31T01:41:00Z,Yes,-1.50,8.3,Giants @ Padres,2026-07-31T01:40:00Z,Thu 09:40pm,Petco Park,outdoor,,-190.00,-190,7/30/2026,0.3449,,,,No,SD,5.23,2.37,34.45609745,65.54,34.45609745,0.34,,0,,0.34,,0.4,0.5,Push
Underdog,MLB,,Luis Arraez,2B,,Runs,0.5,,,7/30/2026,Thu 09:40pm,pre_game,MLB,standard,https://assets.underdogfantasy.com/player-images/mlb/20260323_23-b8261ada-763e-4d7e-8ac5-0636c87d1ac1.png,,0.5,40.93,59.07,-5.84,59.07,Under,https://www.freeiconspng.com/img/1934,2026-07-31T01:41:00Z,Yes,-1.50,8.3,Giants @ Padres,2026-07-31T01:40:00Z,Thu 09:40pm,Petco Park,outdoor,,-144.00,8/8/1899,7/30/2026,0.4093,,,,No,SD,5.74,2.53,36.53299364,63.47,36.53299364,0.41,,0,,0.41,,0.44,0.5,Push
Underdog,MLB,,Tyler Soderstrom,LF,,Runs,0.5,,,7/30/2026,Thu 09:40pm,pre_game,MLB,standard,https://assets.underdogfantasy.com/player-images/mlb/20260330_04-50f70155-b48c-49d9-ab32-09340f5c1880.png,,0.5,45.3,54.7,-6.08,54.7,Under,https://www.freeiconspng.com/img/1934,,No,1.50,10,Red Sox @ Athletics,2026-07-31T01:40:00Z,Thu 09:40pm,Sutter Health Park,outdoor,NBCS-CA,-121.00,8/31/1899,7/30/2026,0.453,,,,No,,,3.5,37.90470718,62.10,37.90470718,0.45,,0,,0.45,,0.47,0.5,Push
Underdog,MLB,,Jarren Duran,LF,,Runs,0.5,,,7/30/2026,Thu 09:40pm,pre_game,MLB,standard,https://assets.underdogfantasy.com/player-images/mlb/20260323_23-b8124420-b124-4e28-a719-c7a124917735.png,,0.5,46.81,53.19,-4.26,53.19,Under,https://www.freeiconspng.com/img/1934,2026-07-31T01:41:00Z,No,1.50,10,Red Sox @ Athletics,2026-07-31T01:40:00Z,Thu 09:40pm,Sutter Health Park,outdoor,NBCS-CA,-114.00,9/7/1899,7/30/2026,0.4681,,,,No,ATH,7.06,2.6,62.62058372,37.38,62.62058372,0.47,,0,,0.47,,0.81,1.5,Great Bet
Underdog,MLB,,Luis Arraez,2B,,RBIs,0.5,,,7/30/2026,Thu 09:40pm,pre_game,MLB,standard,https://assets.underdogfantasy.com/player-images/mlb/20260323_23-b8261ada-763e-4d7e-8ac5-0636c87d1ac1.png,,0.5,25.94,74.06,-2.41,74.06,Under,https://www.freeiconspng.com/img/1934,2026-07-31T01:41:00Z,Yes,-1.50,8.3,Giants @ Padres,2026-07-31T01:40:00Z,Thu 09:40pm,Petco Park,outdoor,,-286.00,-286,7/30/2026,0.2594,,,,No,SD,5.74,2.53,31.59334016,68.41,31.59334016,0.26,,0,,0.26,,0.34,0.5,Push
Underdog,MLB,,Jarren Duran,LF,,RBIs,0.5,,,7/30/2026,Thu 09:40pm,pre_game,MLB,standard,https://assets.underdogfantasy.com/player-images/mlb/20260323_23-b8124420-b124-4e28-a719-c7a124917735.png,,0.5,38.74,61.26,-4.26,61.26,Under,https://www.freeiconspng.com/img/1934,2026-07-31T01:41:00Z,No,1.50,10,Red Sox @ Athletics,2026-07-31T01:40:00Z,Thu 09:40pm,Sutter Health Park,outdoor,NBCS-CA,-158.00,7/25/1899,7/30/2026,0.3874,,,,No,ATH,7.06,2.6,35.83421107,64.17,35.83421107,0.39,,0,,0.39,,0.42,0.5,Push
Underdog,MLB,,Lawrence Butler,RF,,RBIs,0.5,,,7/30/2026,Thu 09:40pm,pre_game,MLB,standard,https://assets.underdogfantasy.com/player-images/mlb/20260325_03-2e7c7804-504d-45f6-ace4-9b53b511217c.png,,0.5,29.21,70.79,-4.21,70.79,Under,https://www.freeiconspng.com/img/1934,,No,1.50,10,Red Sox @ Athletics,2026-07-31T01:40:00Z,Thu 09:40pm,Sutter Health Park,outdoor,NBCS-CA,-242.00,-242,7/30/2026,0.2921,,,,No,,,3.5,32.70269536,67.30,32.70269536,0.29,,0,,0.29,,0.36,0.5,Push
Underdog,MLB,,Jung Hoo Lee,RF,,RBIs,0.5,,,7/30/2026,Thu 09:40pm,pre_game,MLB,standard,https://assets.underdogfantasy.com/player-images/mlb/20260328_05-b5f88674-e70f-42eb-9a7e-cd09616f7066.png,,0.5,28.22,71.78,-2.9,71.78,Under,https://www.freeiconspng.com/img/1934,2026-07-31T01:41:00Z,Yes,-1.50,8.3,Giants @ Padres,2026-07-31T01:40:00Z,Thu 09:40pm,Petco Park,outdoor,,-254.00,-254,7/30/2026,0.2822,,,,No,SD,5.23,2.37,32.36874786,67.63,32.36874786,0.28,,0,,0.28,,0.35,0.5,Push
Underdog,MLB,,Tyler Soderstrom,LF,,RBIs,0.5,,,7/30/2026,Thu 09:40pm,pre_game,MLB,standard,https://assets.underdogfantasy.com/player-images/mlb/20260330_04-50f70155-b48c-49d9-ab32-09340f5c1880.png,,0.5,36.67,63.33,-3.34,63.33,Under,https://www.freeiconspng.com/img/1934,,No,1.50,10,Red Sox @ Athletics,2026-07-31T01:40:00Z,Thu 09:40pm,Sutter Health Park,outdoor,NBCS-CA,-173.00,-173,7/30/2026,0.3667,,,,No,,,3.5,35.16664646,64.83,35.16664646,0.37,,0,,0.37,,0.41,0.5,Push
Underdog,MLB,,Jarren Duran,LF,,Singles,0.5,,,7/30/2026,Thu 09:40pm,pre_game,MLB,standard,https://assets.underdogfantasy.com/player-images/mlb/20260323_23-b8124420-b124-4e28-a719-c7a124917735.png,,0.5,45.09,54.91,-5.09,54.91,Under,https://www.freeiconspng.com/img/1934,2026-07-31T01:41:00Z,No,1.50,10,Red Sox @ Athletics,2026-07-31T01:40:00Z,Thu 09:40pm,Sutter Health Park,outdoor,NBCS-CA,-122.00,-122,7/30/2026,0.4509,,,,No,ATH,7.06,2.6,37.83947289,62.16,37.83947289,0.45,,0,,0.45,,0.47,0.5,Push
Underdog,MLB,,Tyler Soderstrom,LF,,Singles,0.5,,,7/30/2026,Thu 09:40pm,pre_game,MLB,standard,https://assets.underdogfantasy.com/player-images/mlb/20260330_04-50f70155-b48c-49d9-ab32-09340f5c1880.png,,0.5,48.5,51.5,-4.06,51.5,Under,https://www.freeiconspng.com/img/1934,,No,1.50,10,Red Sox @ Athletics,2026-07-31T01:40:00Z,Thu 09:40pm,Sutter Health Park,outdoor,NBCS-CA,-106.00,-106,7/30/2026,0.485,,,,No,,,3.5,38.89032589,61.11,38.89032589,0.48,,0,,0.48,,0.49,0.5,Push
Underdog,MLB,,Jung Hoo Lee,RF,,Singles,0.5,,,7/30/2026,Thu 09:40pm,pre_game,MLB,standard,https://assets.underdogfantasy.com/player-images/mlb/20260328_05-b5f88674-e70f-42eb-9a7e-cd09616f7066.png,,0.5,52.54,47.46,-3.02,52.54,Over,https://www.freeiconspng.com/img/1934,2026-07-31T01:41:00Z,Yes,-1.50,8.3,Giants @ Padres,2026-07-31T01:40:00Z,Thu 09:40pm,Petco Park,outdoor,,-111.00,-111,7/30/2026,0.5254,,,,No,SD,5.23,2.37,40.11235724,59.89,40.11235724,0.53,,0,,0.53,,0.52,0.5,Good Bet
Underdog,MLB,,Lawrence Butler,RF,,Singles,0.5,,,7/30/2026,Thu 09:40pm,pre_game,MLB,standard,https://assets.underdogfantasy.com/player-images/mlb/20260325_03-2e7c7804-504d-45f6-ace4-9b53b511217c.png,,0.5,41.5,58.5,-7.02,58.5,Under,https://www.freeiconspng.com/img/1934,,No,1.50,10,Red Sox @ Athletics,2026-07-31T01:40:00Z,Thu 09:40pm,Sutter Health Park,outdoor,NBCS-CA,-141.00,-141,7/30/2026,0.415,,,,No,,,3.5,36.7136171,63.29,36.7136171,0.41,,0,,0.41,,0.44,0.5,Push
Underdog,MLB,,Luis Arraez,2B,,Singles,0.5,,,7/30/2026,Thu 09:40pm,pre_game,MLB,standard,https://assets.underdogfantasy.com/player-images/mlb/20260323_23-b8261ada-763e-4d7e-8ac5-0636c87d1ac1.png,,0.5,62.39,37.61,-2.52,62.39,Over,https://www.freeiconspng.com/img/1934,2026-07-31T01:41:00Z,Yes,-1.50,8.3,Giants @ Padres,2026-07-31T01:40:00Z,Thu 09:40pm,Petco Park,outdoor,,-166.00,-166,7/30/2026,0.6239,,,,No,SD,5.74,2.53,42.99037085,57.01,42.99037085,0.62,,0,,0.62,,0.58,0.5,Good Bet
Underdog,MLB,,Lawrence Butler,RF,,Batter Strikeouts,0.5,,,7/30/2026,Thu 09:40pm,pre_game,MLB,standard,https://assets.underdogfantasy.com/player-images/mlb/20260325_03-2e7c7804-504d-45f6-ace4-9b53b511217c.png,,0.5,62.46,37.54,-4.1,62.46,Over,https://www.freeiconspng.com/img/1934,,No,1.50,10,Red Sox @ Athletics,2026-07-31T01:40:00Z,Thu 09:40pm,Sutter Health Park,outdoor,NBCS-CA,-166.00,-166,7/30/2026,0.6246,,,,No,,,3.5,46.45244241,53.55,46.45244241,0.62,,0,,0.62,,0.62,0,Great Bet
Underdog,MLB,,Jung Hoo Lee,RF,,Batter Strikeouts,0.5,,,7/30/2026,Thu 09:40pm,pre_game,MLB,standard,https://assets.underdogfantasy.com/player-images/mlb/20260328_05-b5f88674-e70f-42eb-9a7e-cd09616f7066.png,,0.5,42.91,57.09,,57.81,Over,https://www.freeiconspng.com/img/1934,2026-07-31T01:41:00Z,Yes,-1.50,8.3,Giants @ Padres,2026-07-31T01:40:00Z,Thu 09:40pm,Petco Park,outdoor,,-137.00,-137,7/30/2026,0.4291,,,,No,SD,5.23,2.37,34.89051836,65.11,34.89051836,0.43,,0,,0.43,,0.43,0,Push
Underdog,MLB,,Tyler Soderstrom,LF,,Batter Strikeouts,0.5,,,7/30/2026,Thu 09:40pm,pre_game,MLB,standard,https://assets.underdogfantasy.com/player-images/mlb/20260330_04-50f70155-b48c-49d9-ab32-09340f5c1880.png,,0.5,60.87,39.13,-3.67,60.87,Over,https://www.freeiconspng.com/img/1934,,No,1.50,10,Red Sox @ Athletics,2026-07-31T01:40:00Z,Thu 09:40pm,Sutter Health Park,outdoor,NBCS-CA,-156.00,-156,7/30/2026,0.6087,,,,No,,,3.5,45.59423155,54.41,45.59423155,0.61,,0,,0.61,,0.61,0,Great Bet
Underdog,MLB,,Jarren Duran,LF,,Batter Strikeouts,0.5,,,7/30/2026,Thu 09:40pm,pre_game,MLB,standard,https://assets.underdogfantasy.com/player-images/mlb/20260323_23-b8124420-b124-4e28-a719-c7a124917735.png,,1.5,30.02,69.98,-4.51,69.98,Under,https://www.freeiconspng.com/img/1934,2026-07-31T01:41:00Z,No,1.50,10,Red Sox @ Athletics,2026-07-31T01:40:00Z,Thu 09:40pm,Sutter Health Park,outdoor,NBCS-CA,-233.00,-233,7/30/2026,0.9006,,,,No,ATH,7.06,2.6,59.36742089,40.63,59.36742089,0.90,,0,,0.9,,0.9,0,Push
Underdog,MLB,,Luis Arraez,2B,,Batter Strikeouts,0.5,,,7/30/2026,Thu 09:40pm,pre_game,MLB,standard,https://assets.underdogfantasy.com/player-images/mlb/20260323_23-b8261ada-763e-4d7e-8ac5-0636c87d1ac1.png,,0.5,32.99,67.01,-4,67.01,Under,https://www.freeiconspng.com/img/1934,2026-07-31T01:41:00Z,Yes,-1.50,8.3,Giants @ Padres,2026-07-31T01:40:00Z,Thu 09:40pm,Petco Park,outdoor,,-203.00,-203,7/30/2026,0.3299,,,,No,SD,5.74,2.53,28.10043706,71.90,28.10043706,0.33,,0,,0.33,,0.33,0,Push
Underdog,MLB,,Luis Arraez,2B,,Batter Walks,0.5,,,7/30/2026,Thu 09:40pm,pre_game,MLB,standard,https://assets.underdogfantasy.com/player-images/mlb/20260323_23-b8261ada-763e-4d7e-8ac5-0636c87d1ac1.png,,0.5,23.18,76.82,-6.51,76.82,Under,https://www.freeiconspng.com/img/1934,2026-07-31T01:41:00Z,Yes,-1.50,8.3,Giants @ Padres,2026-07-31T01:40:00Z,Thu 09:40pm,Petco Park,outdoor,,-331.00,-331,7/30/2026,0.2318,,,,No,SD,5.74,2.53,20.68952716,79.31,20.68952716,0.23,,0,,0.23,,0.23,0,Push
Underdog,MLB,,Jung Hoo Lee,RF,,Batter Walks,0.5,,,7/30/2026,Thu 09:40pm,pre_game,MLB,standard,https://assets.underdogfantasy.com/player-images/mlb/20260328_05-b5f88674-e70f-42eb-9a7e-cd09616f7066.png,,0.5,24.38,75.62,-6.99,75.62,Under,https://www.freeiconspng.com/img/1934,2026-07-31T01:41:00Z,Yes,-1.50,8.3,Giants @ Padres,2026-07-31T01:40:00Z,Thu 09:40pm,Petco Park,outdoor,,-310.00,-310,7/30/2026,0.2438,,,,No,SD,5.23,2.37,21.63556525,78.36,21.63556525,0.24,,0,,0.24,,0.24,0,Push
Underdog,MLB,,Lawrence Butler,RF,,Batter Walks,0.5,,,7/30/2026,Thu 09:40pm,pre_game,MLB,standard,https://assets.underdogfantasy.com/player-images/mlb/20260325_03-2e7c7804-504d-45f6-ace4-9b53b511217c.png,,0.5,29.75,70.25,-4.75,70.25,Under,https://www.freeiconspng.com/img/1934,,No,1.50,10,Red Sox @ Athletics,2026-07-31T01:40:00Z,Thu 09:40pm,Sutter Health Park,outdoor,NBCS-CA,-236.00,-236,7/30/2026,0.2975,,,,No,,,3.5,25.73274168,74.27,25.73274168,0.30,,0,,0.3,,0.3,0,Push
Underdog,MLB,,Tyler Soderstrom,LF,,Batter Walks,0.5,,,7/30/2026,Thu 09:40pm,pre_game,MLB,standard,https://assets.underdogfantasy.com/player-images/mlb/20260330_04-50f70155-b48c-49d9-ab32-09340f5c1880.png,,0.5,35.13,64.87,-5.72,64.87,Under,https://www.freeiconspng.com/img/1934,,No,1.50,10,Red Sox @ Athletics,2026-07-31T01:40:00Z,Thu 09:40pm,Sutter Health Park,outdoor,NBCS-CA,-185.00,-185,7/30/2026,0.3513,,,,No,,,3.5,29.62274096,70.38,29.62274096,0.35,,0,,0.35,,0.35,0,Push
Underdog,MLB,,Jarren Duran,LF,,Batter Walks,0.5,,,7/30/2026,Thu 09:40pm,pre_game,MLB,standard,https://assets.underdogfantasy.com/player-images/mlb/20260323_23-b8124420-b124-4e28-a719-c7a124917735.png,,0.5,35.42,64.58,-8.39,64.58,Under,https://www.freeiconspng.com/img/1934,2026-07-31T01:41:00Z,No,1.50,10,Red Sox @ Athletics,2026-07-31T01:40:00Z,Thu 09:40pm,Sutter Health Park,outdoor,NBCS-CA,-182.00,-182,7/30/2026,0.3542,,,,No,ATH,7.06,2.6,29.82653936,70.17,29.82653936,0.35,,0,,0.35,,0.35,0,Push
Underdog,MLB,,Luis Arraez,2B,,Stolen Bases,0.5,,,7/30/2026,Thu 09:40pm,pre_game,MLB,standard,https://assets.underdogfantasy.com/player-images/mlb/20260323_23-b8261ada-763e-4d7e-8ac5-0636c87d1ac1.png,,0.5,10.58,89.42,-5.82,89.42,Under,https://www.freeiconspng.com/img/1934,2026-07-31T01:41:00Z,Yes,-1.50,8.3,Giants @ Padres,2026-07-31T01:40:00Z,Thu 09:40pm,Petco Park,outdoor,,-845.00,-845,7/30/2026,0.1058,,,,No,SD,5.74,2.53,26.132704,73.87,26.132704,0.11,,0,,0.11,,0.24,0.5,Push
Underdog,MLB,,Jarren Duran,LF,,Stolen Bases,0.5,,,7/30/2026,Thu 09:40pm,pre_game,MLB,standard,https://assets.underdogfantasy.com/player-images/mlb/20260323_23-b8124420-b124-4e28-a719-c7a124917735.png,,0.5,16.98,83.02,-7.89,83.02,Under,https://www.freeiconspng.com/img/1934,2026-07-31T01:41:00Z,No,1.50,10,Red Sox @ Athletics,2026-07-31T01:40:00Z,Thu 09:40pm,Sutter Health Park,outdoor,NBCS-CA,-489.00,-489,7/30/2026,0.1698,,,,No,ATH,7.06,2.6,28.45903763,71.54,28.45903763,0.17,,0,,0.17,,0.28,0.5,Push
Underdog,MLB,,Lawrence Butler,RF,,Stolen Bases,0.5,,,7/30/2026,Thu 09:40pm,pre_game,MLB,standard,https://assets.underdogfantasy.com/player-images/mlb/20260325_03-2e7c7804-504d-45f6-ace4-9b53b511217c.png,,0.5,11.67,88.33,-7.82,88.33,Under,https://www.freeiconspng.com/img/1934,,No,1.50,10,Red Sox @ Athletics,2026-07-31T01:40:00Z,Thu 09:40pm,Sutter Health Park,outdoor,NBCS-CA,-757.00,-757,7/30/2026,0.1167,,,,No,,,3.5,26.53418573,73.47,26.53418573,0.12,,0,,0.12,,0.24,0.5,Push
Underdog,MLB,,Jarren Duran,LF,,Doubles,0.5,,,7/30/2026,Thu 09:40pm,pre_game,MLB,standard,https://assets.underdogfantasy.com/player-images/mlb/20260323_23-b8124420-b124-4e28-a719-c7a124917735.png,,0.5,21.78,78.22,-3.6,78.22,Under,https://www.freeiconspng.com/img/1934,2026-07-31T01:41:00Z,No,1.50,10,Red Sox @ Athletics,2026-07-31T01:40:00Z,Thu 09:40pm,Sutter Health Park,outdoor,NBCS-CA,-359.00,-359,7/30/2026,0.2178,,,,No,ATH,7.06,2.6,30.15558077,69.84,30.15558077,0.22,,0,,0.22,,0.31,0.5,Push
Underdog,MLB,,Tyler Soderstrom,LF,,Doubles,0.5,,,7/30/2026,Thu 09:40pm,pre_game,MLB,standard,https://assets.underdogfantasy.com/player-images/mlb/20260330_04-50f70155-b48c-49d9-ab32-09340f5c1880.png,,0.5,19.99,80.01,-5.7,80.01,Under,https://www.freeiconspng.com/img/1934,,No,1.50,10,Red Sox @ Athletics,2026-07-31T01:40:00Z,Thu 09:40pm,Sutter Health Park,outdoor,NBCS-CA,-400.00,-400,7/30/2026,0.1999,,,,No,,,3.5,29.5276675,70.47,29.5276675,0.20,,0,,0.2,,0.3,0.5,Push
Underdog,MLB,,Luis Arraez,2B,,Doubles,0.5,,,7/30/2026,Thu 09:40pm,pre_game,MLB,standard,https://assets.underdogfantasy.com/player-images/mlb/20260323_23-b8261ada-763e-4d7e-8ac5-0636c87d1ac1.png,,0.5,20.37,79.63,-4.37,79.63,Under,https://www.freeiconspng.com/img/1934,2026-07-31T01:41:00Z,Yes,-1.50,8.3,Giants @ Padres,2026-07-31T01:40:00Z,Thu 09:40pm,Petco Park,outdoor,,-391.00,-391,7/30/2026,0.2037,,,,No,SD,5.74,2.53,29.66143781,70.34,29.66143781,0.20,,0,,0.2,,0.3,0.5,Push
Underdog,MLB,,Jung Hoo Lee,RF,,Doubles,0.5,,,7/30/2026,Thu 09:40pm,pre_game,MLB,standard,https://assets.underdogfantasy.com/player-images/mlb/20260328_05-b5f88674-e70f-42eb-9a7e-cd09616f7066.png,,0.5,19.54,80.46,-5.25,80.46,Under,https://www.freeiconspng.com/img/1934,2026-07-31T01:41:00Z,Yes,-1.50,8.3,Giants @ Padres,2026-07-31T01:40:00Z,Thu 09:40pm,Petco Park,outdoor,,-412.00,-412,7/30/2026,0.1954,,,,No,SD,5.23,2.37,29.36892623,70.63,29.36892623,0.20,,0,,0.2,,0.3,0.5,Push
Underdog,MLB,,Lawrence Butler,RF,,Doubles,0.5,,,7/30/2026,Thu 09:40pm,pre_game,MLB,standard,https://assets.underdogfantasy.com/player-images/mlb/20260325_03-2e7c7804-504d-45f6-ace4-9b53b511217c.png,,0.5,16.12,83.88,-5.01,83.88,Under,https://www.freeiconspng.com/img/1934,,No,1.50,10,Red Sox @ Athletics,2026-07-31T01:40:00Z,Thu 09:40pm,Sutter Health Park,outdoor,NBCS-CA,-520.00,-520,7/30/2026,0.1612,,,,No,,,3.5,28.15074914,71.85,28.15074914,0.16,,0,,0.16,,0.27,0.5,Push
Underdog,MLB,,Josh Naylor,1B,,Hits + Runs + RBIs,1.5,,,7/30/2026,Thu 10:10pm,pre_game,MLB,standard,https://assets.underdogfantasy.com/player-images/mlb/20260403_04-cdad7ebb-4b31-4e40-a6af-e63206766801.png,,1.5,45.81,54.19,,57.81,Over,https://www.freeiconspng.com/img/1934,2026-07-31T02:11:00Z,Yes,-1.50,8.7,Mariners @ Dodgers,2026-07-31T02:10:00Z,Thu 10:10pm,UNIQLO Field at Dodger Stadium,outdoor,MLB Network,-137.00,-137,7/30/2026,1.3743,,,,No,LAD,5.8,2.71,39.92625786,60.07,39.92625786,1.37,2,0.04119,over,1.37,1.415492,1.39,0,Push
Underdog,MLB,,Josh Naylor,1B,,Home Runs,0.5,,,7/30/2026,Thu 10:10pm,pre_game,MLB,standard,https://assets.underdogfantasy.com/player-images/mlb/20260403_04-cdad7ebb-4b31-4e40-a6af-e63206766801.png,,0.5,14.08,85.92,-2.57,85.92,Under,https://www.freeiconspng.com/img/1934,2026-07-31T02:11:00Z,Yes,-1.50,8.7,Mariners @ Dodgers,2026-07-31T02:10:00Z,Thu 10:10pm,UNIQLO Field at Dodger Stadium,outdoor,MLB Network,-610.00,-610,7/30/2026,0.1408,,,,No,LAD,5.8,2.71,27.41413645,72.59,27.41413645,0.14,7,0.0103,over,0.14,0.151098,0.23,0.5,Best Bet
Underdog,MLB,,Josh Naylor,1B,,Hitter Fantasy Score,6.5,,,7/30/2026,Thu 10:10pm,pre_game,MLB,standard,https://assets.underdogfantasy.com/player-images/mlb/20260403_04-cdad7ebb-4b31-4e40-a6af-e63206766801.png,,,,,,,,,,,,,Mariners @ Dodgers,2026-07-31T02:10:00Z,Thu 10:10pm,UNIQLO Field at Dodger Stadium,outdoor,MLB Network,,,,5.8,,,,No,LAD,5.8,2.71,47.30769231,52.69,52.69230769,5.80,3,0.42601,over,5.47,6.226012,5,2.5,Push
Underdog,MLB,,Josh Naylor,1B,,Hits,0.5,,,7/30/2026,Thu 10:10pm,pre_game,MLB,standard,https://assets.underdogfantasy.com/player-images/mlb/20260403_04-cdad7ebb-4b31-4e40-a6af-e63206766801.png,,0.5,61.47,38.53,0.84,61.47,Over,https://www.freeiconspng.com/img/1934,2026-07-31T02:11:00Z,Yes,-1.50,8.7,Mariners @ Dodgers,2026-07-31T02:10:00Z,Thu 10:10pm,UNIQLO Field at Dodger Stadium,outdoor,MLB Network,-160.00,-160,7/30/2026,0.6147,,,,No,LAD,5.8,2.71,42.72752247,57.27,42.72752247,0.61,1,0.0477,over,0.61,0.662396,0.6,0.5,Good Bet
Underdog,MLB,,Josh Naylor,1B,,Runs,0.5,,,7/30/2026,Thu 10:10pm,pre_game,MLB,standard,https://assets.underdogfantasy.com/player-images/mlb/20260403_04-cdad7ebb-4b31-4e40-a6af-e63206766801.png,,0.5,38.24,61.76,-1.88,61.76,Under,https://www.freeiconspng.com/img/1934,2026-07-31T02:11:00Z,Yes,-1.50,8.7,Mariners @ Dodgers,2026-07-31T02:10:00Z,Thu 10:10pm,UNIQLO Field at Dodger Stadium,outdoor,MLB Network,-162.00,-162,7/30/2026,0.3824,,,,No,LAD,5.8,2.71,35.67359591,64.33,35.67359591,0.38,2,0.05068,over,0.38,0.433077,0.42,0.5,Best Bet
Underdog,MLB,,Josh Naylor,1B,,RBIs,0.5,,,7/30/2026,Thu 10:10pm,pre_game,MLB,standard,https://assets.underdogfantasy.com/player-images/mlb/20260403_04-cdad7ebb-4b31-4e40-a6af-e63206766801.png,,0.5,31.28,68.72,-5.96,68.72,Under,https://www.freeiconspng.com/img/1934,2026-07-31T02:11:00Z,Yes,-1.50,8.7,Mariners @ Dodgers,2026-07-31T02:10:00Z,Thu 10:10pm,UNIQLO Field at Dodger Stadium,outdoor,MLB Network,-220.00,-220,7/30/2026,0.3128,,,,No,LAD,5.8,2.71,33.39563033,66.60,33.39563033,0.31,2,0.04119,over,0.31,0.353992,0.37,0.5,Best Bet
Underdog,MLB,,Josh Naylor,1B,,Singles,0.5,,,7/30/2026,Thu 10:10pm,pre_game,MLB,standard,https://assets.underdogfantasy.com/player-images/mlb/20260403_04-cdad7ebb-4b31-4e40-a6af-e63206766801.png,,0.5,47.39,52.61,,57.81,Over,https://www.freeiconspng.com/img/1934,2026-07-31T02:11:00Z,Yes,-1.50,8.7,Mariners @ Dodgers,2026-07-31T02:10:00Z,Thu 10:10pm,UNIQLO Field at Dodger Stadium,outdoor,MLB Network,-137.00,-137,7/30/2026,0.4739,,,,No,LAD,5.8,2.71,38.55022429,61.45,38.55022429,0.47,3,0.42601,over,0.47,0.899912,0.59,0.5,Great Bet
Underdog,MLB,,Josh Naylor,1B,,Batter Strikeouts,0.5,,,7/30/2026,Thu 10:10pm,pre_game,MLB,standard,https://assets.underdogfantasy.com/player-images/mlb/20260403_04-cdad7ebb-4b31-4e40-a6af-e63206766801.png,,0.5,54.43,45.57,-3.55,54.43,Over,https://www.freeiconspng.com/img/1934,2026-07-31T02:11:00Z,Yes,-1.50,8.7,Mariners @ Dodgers,2026-07-31T02:10:00Z,Thu 10:10pm,UNIQLO Field at Dodger Stadium,outdoor,MLB Network,-119.00,-119,7/30/2026,0.5443,,,,No,LAD,5.8,2.71,41.97521853,58.02,41.97521853,0.54,3,0.42601,over,0.54,0.970312,0.69,0,Great Bet
Underdog,MLB,,Josh Naylor,1B,,Batter Walks,0.5,,,7/30/2026,Thu 10:10pm,pre_game,MLB,standard,https://assets.underdogfantasy.com/player-images/mlb/20260403_04-cdad7ebb-4b31-4e40-a6af-e63206766801.png,,0.5,30.34,69.66,-5.34,69.66,Under,https://www.freeiconspng.com/img/1934,2026-07-31T02:11:00Z,Yes,-1.50,8.7,Mariners @ Dodgers,2026-07-31T02:10:00Z,Thu 10:10pm,UNIQLO Field at Dodger Stadium,outdoor,MLB Network,-230.00,-230,7/30/2026,0.3034,,,,No,LAD,5.8,2.71,26.16962842,73.83,26.16962842,0.30,4,0.04065,over,0.3,0.34405,0.32,0,Push
Underdog,MLB,,Josh Naylor,1B,,Stolen Bases,0.5,,,7/30/2026,Thu 10:10pm,pre_game,MLB,standard,https://assets.underdogfantasy.com/player-images/mlb/20260403_04-cdad7ebb-4b31-4e40-a6af-e63206766801.png,,0.5,16.79,83.21,-1.55,83.21,Under,https://www.freeiconspng.com/img/1934,2026-07-31T02:11:00Z,Yes,-1.50,8.7,Mariners @ Dodgers,2026-07-31T02:10:00Z,Thu 10:10pm,UNIQLO Field at Dodger Stadium,outdoor,MLB Network,-496.00,-496,7/30/2026,0.1679,,,,No,LAD,5.8,2.71,28.39104142,71.61,28.39104142,0.17,29,-0.02276,under,0.17,0.145136,0.28,0.5,Best Bet
Underdog,MLB,,Josh Naylor,1B,,Doubles,0.5,,,7/30/2026,Thu 10:10pm,pre_game,MLB,standard,https://assets.underdogfantasy.com/player-images/mlb/20260403_04-cdad7ebb-4b31-4e40-a6af-e63206766801.png,,0.5,16.68,83.32,-6.15,83.32,Under,https://www.freeiconspng.com/img/1934,2026-07-31T02:11:00Z,Yes,-1.50,8.7,Mariners @ Dodgers,2026-07-31T02:10:00Z,Thu 10:10pm,UNIQLO Field at Dodger Stadium,outdoor,MLB Network,-500.00,-500,7/30/2026,0.1668,,,,No,LAD,5.8,2.71,28.35164566,71.65,28.35164566,0.17,8,0.01057,over,0.17,0.177369,0.25,0.5,Best Bet
Underdog,MLB,,JP Sears,SP,,Strikeouts,3.5,,,7/30/2026,Thu 09:40pm,pre_game,MLB,standard,https://assets.underdogfantasy.com/player-images/mlb/20260730_12-9879d57f-6e61-4d12-be21-25c2b7328947.png,,,,,,,,,,,,,Giants @ Padres,2026-07-31T01:40:00Z,Thu 09:40pm,Petco Park,outdoor,,,,,,,,,No,SF,18.27,4.19,,,,0.00,,0,,0,,0,0,Push
Underdog,MLB,,Randy Arozarena,LF,,Hits + Runs + RBIs,1.5,,,7/30/2026,Thu 10:10pm,pre_game,MLB,standard,https://assets.underdogfantasy.com/player-images/mlb/20260325_02-7057e7fa-6d96-451e-9546-2e43d5e116d6.png,,1.5,48.5,51.5,-6.31,51.5,Under,https://www.freeiconspng.com/img/1934,2026-07-31T02:11:00Z,Yes,-1.50,8.7,Mariners @ Dodgers,2026-07-31T02:10:00Z,Thu 10:10pm,UNIQLO Field at Dodger Stadium,outdoor,MLB Network,-106.00,-106,7/30/2026,1.455,,,,No,LAD,4.84,1.39,42.70021066,57.30,42.70021066,1.46,2,0.02113,over,1.46,1.476128,1.46,0,Push
Underdog,MLB,,Heliot Ramos,LF,,Hits + Runs + RBIs,1.5,,,7/30/2026,Thu 09:40pm,pre_game,MLB,standard,https://assets.underdogfantasy.com/player-images/mlb/20260403_04-9374f764-2b83-4b88-a71f-c7563e9bb863.png,,1.5,50.66,49.34,-5.86,50.66,Over,https://www.freeiconspng.com/img/1934,2026-07-31T01:41:00Z,Yes,-1.50,8.3,Giants @ Padres,2026-07-31T01:40:00Z,Thu 09:40pm,Petco Park,outdoor,,-103.00,-103,7/30/2026,1.5198,,,,No,SD,6.25,2.58,44.87795542,55.12,44.87795542,1.52,,0,,1.52,,1.52,0,Great Bet
Underdog,MLB,,Heliot Ramos,LF,,Home Runs,0.5,,,7/30/2026,Thu 09:40pm,pre_game,MLB,standard,https://assets.underdogfantasy.com/player-images/mlb/20260403_04-9374f764-2b83-4b88-a71f-c7563e9bb863.png,,0.5,18.76,81.24,-0.07,81.24,Under,https://www.freeiconspng.com/img/1934,2026-07-31T01:41:00Z,Yes,-1.50,8.3,Giants @ Padres,2026-07-31T01:40:00Z,Thu 09:40pm,Petco Park,outdoor,,-433.00,-433,7/30/2026,0.1876,,,,No,SD,6.25,2.58,29.0929272,70.91,29.0929272,0.19,,0,,0.19,,0.29,0.5,Push
Underdog,MLB,,Randy Arozarena,LF,,Home Runs,0.5,,,7/30/2026,Thu 10:10pm,pre_game,MLB,standard,https://assets.underdogfantasy.com/player-images/mlb/20260325_02-7057e7fa-6d96-451e-9546-2e43d5e116d6.png,,0.5,16.12,83.88,-1.59,83.88,Under,https://www.freeiconspng.com/img/1934,2026-07-31T02:11:00Z,Yes,-1.50,8.7,Mariners @ Dodgers,2026-07-31T02:10:00Z,Thu 10:10pm,UNIQLO Field at Dodger Stadium,outdoor,MLB Network,-520.00,-520,7/30/2026,0.1612,,,,No,LAD,4.84,1.39,28.15074914,71.85,28.15074914,0.16,7,0.00528,over,0.16,0.166482,0.25,0.5,Best Bet
Underdog,MLB,,Heliot Ramos,LF,,Total Bases,1.5,,,7/30/2026,Thu 09:40pm,pre_game,MLB,standard,https://assets.underdogfantasy.com/player-images/mlb/20260403_04-9374f764-2b83-4b88-a71f-c7563e9bb863.png,,1.5,43.13,56.87,-4.07,56.87,Under,https://www.freeiconspng.com/img/1934,2026-07-31T01:41:00Z,Yes,-1.50,8.3,Giants @ Padres,2026-07-31T01:40:00Z,Thu 09:40pm,Petco Park,outdoor,,-132.00,-132,7/30/2026,1.2939,,,,No,SD,6.25,2.58,22.6401804,77.36,22.6401804,1.29,,0,,1.29,,1.03,0.5,Push
Underdog,MLB,,Heliot Ramos,LF,,Hitter Fantasy Score,6.5,,,7/30/2026,Thu 09:40pm,pre_game,MLB,standard,https://assets.underdogfantasy.com/player-images/mlb/20260403_04-9374f764-2b83-4b88-a71f-c7563e9bb863.png,,,,,,,,,,,,,Giants @ Padres,2026-07-31T01:40:00Z,Thu 09:40pm,Petco Park,outdoor,,,,,6.25,,,,No,SD,6.25,2.58,49.03846154,50.96,50.96153846,6.25,,0,,5.44,,4.73,2.5,Push
Underdog,MLB,,Randy Arozarena,LF,,Hitter Fantasy Score,6.5,,,7/30/2026,Thu 10:10pm,pre_game,MLB,standard,https://assets.underdogfantasy.com/player-images/mlb/20260325_02-7057e7fa-6d96-451e-9546-2e43d5e116d6.png,,,,,,,,,,,,,Mariners @ Dodgers,2026-07-31T02:10:00Z,Thu 10:10pm,UNIQLO Field at Dodger Stadium,outdoor,MLB Network,,,,4.84,,,,No,LAD,4.84,1.39,43.61538462,56.38,56.38461538,4.84,3,0.21851,over,3.71,5.058508,4.03,2.5,Push
Underdog,MLB,,JP Sears,SP,,Pitching Outs,12.5,,,7/30/2026,Thu 09:40pm,pre_game,MLB,standard,https://assets.underdogfantasy.com/player-images/mlb/20260730_12-9879d57f-6e61-4d12-be21-25c2b7328947.png,,,,,,,,,,,,,Giants @ Padres,2026-07-31T01:40:00Z,Thu 09:40pm,Petco Park,outdoor,,,,,,,,,No,SF,18.27,4.19,,,,0.00,,0,,0,,0,0,Push
Underdog,MLB,,JP Sears,SP,,Hits Allowed,3.5,,,7/30/2026,Thu 09:40pm,pre_game,MLB,standard,https://assets.underdogfantasy.com/player-images/mlb/20260730_12-9879d57f-6e61-4d12-be21-25c2b7328947.png,,,,,,,,,,,,,Giants @ Padres,2026-07-31T01:40:00Z,Thu 09:40pm,Petco Park,outdoor,,,,,,,,,No,SF,18.27,4.19,,,,0.00,,0,,0,,2.5,2.5,Push
Underdog,MLB,,JP Sears,SP,,Earned Runs Allowed,1.5,,,7/30/2026,Thu 09:40pm,pre_game,MLB,standard,https://assets.underdogfantasy.com/player-images/mlb/20260730_12-9879d57f-6e61-4d12-be21-25c2b7328947.png,,,,,,,,,,,,,Giants @ Padres,2026-07-31T01:40:00Z,Thu 09:40pm,Petco Park,outdoor,,,,,,,,,No,SF,18.27,4.19,,,,0.00,,0,,0,,0.5,0.5,Push
Underdog,MLB,,JP Sears,SP,,Walks Allowed,1.5,,,7/30/2026,Thu 09:40pm,pre_game,MLB,standard,https://assets.underdogfantasy.com/player-images/mlb/20260730_12-9879d57f-6e61-4d12-be21-25c2b7328947.png,,,,,,,,,,,,,Giants @ Padres,2026-07-31T01:40:00Z,Thu 09:40pm,Petco Park,outdoor,,,,,,,,,No,SF,18.27,4.19,,,,0.00,,0,,0,,0.5,0.5,Push
Underdog,MLB,,Randy Arozarena,LF,,Hits,0.5,,,7/30/2026,Thu 10:10pm,pre_game,MLB,standard,https://assets.underdogfantasy.com/player-images/mlb/20260325_02-7057e7fa-6d96-451e-9546-2e43d5e116d6.png,,0.5,62.18,37.82,2.67,62.18,Over,https://www.freeiconspng.com/img/1934,2026-07-31T02:11:00Z,Yes,-1.50,8.7,Mariners @ Dodgers,2026-07-31T02:10:00Z,Thu 10:10pm,UNIQLO Field at Dodger Stadium,outdoor,MLB Network,-164.00,-164,7/30/2026,0.6218,,,,No,LAD,4.84,1.39,42.9304793,57.07,42.9304793,0.62,1,0.02446,over,0.62,0.646264,0.6,0.5,Good Bet
Underdog,MLB,,Heliot Ramos,LF,,Hits,0.5,,,7/30/2026,Thu 09:40pm,pre_game,MLB,standard,https://assets.underdogfantasy.com/player-images/mlb/20260403_04-9374f764-2b83-4b88-a71f-c7563e9bb863.png,,0.5,65.93,34.07,-4.04,65.93,Over,https://www.freeiconspng.com/img/1934,2026-07-31T01:41:00Z,Yes,-1.50,8.3,Giants @ Padres,2026-07-31T01:40:00Z,Thu 09:40pm,Petco Park,outdoor,,-194.00,-194,7/30/2026,0.6593,,,,No,SD,6.25,2.58,43.99056347,56.01,43.99056347,0.66,,0,,0.66,,0.61,0.5,Good Bet
Underdog,MLB,,Heliot Ramos,LF,,Runs,0.5,,,7/30/2026,Thu 09:40pm,pre_game,MLB,standard,https://assets.underdogfantasy.com/player-images/mlb/20260403_04-9374f764-2b83-4b88-a71f-c7563e9bb863.png,,0.5,44.3,55.7,-2.63,55.7,Under,https://www.freeiconspng.com/img/1934,2026-07-31T01:41:00Z,Yes,-1.50,8.3,Giants @ Padres,2026-07-31T01:40:00Z,Thu 09:40pm,Petco Park,outdoor,,-126.00,-126,7/30/2026,0.443,,,,No,SD,6.25,2.58,37.59345323,62.41,37.59345323,0.44,,0,,0.44,,0.46,0.5,Push
Underdog,MLB,,Randy Arozarena,LF,,Runs,0.5,,,7/30/2026,Thu 10:10pm,pre_game,MLB,standard,https://assets.underdogfantasy.com/player-images/mlb/20260325_02-7057e7fa-6d96-451e-9546-2e43d5e116d6.png,,0.5,44.86,55.14,,57.81,Over,https://www.freeiconspng.com/img/1934,2026-07-31T02:11:00Z,Yes,-1.50,8.7,Mariners @ Dodgers,2026-07-31T02:10:00Z,Thu 10:10pm,UNIQLO Field at Dodger Stadium,outdoor,MLB Network,-137.00,-137,7/30/2026,0.4486,,,,No,LAD,4.84,1.39,37.76794716,62.23,37.76794716,0.45,2,0.02599,over,0.45,0.474593,0.47,0.5,Best Bet
Underdog,MLB,,Heliot Ramos,LF,,RBIs,0.5,,,7/30/2026,Thu 09:40pm,pre_game,MLB,standard,https://assets.underdogfantasy.com/player-images/mlb/20260403_04-9374f764-2b83-4b88-a71f-c7563e9bb863.png,,0.5,33.88,66.12,-4.03,66.12,Under,https://www.freeiconspng.com/img/1934,2026-07-31T01:41:00Z,Yes,-1.50,8.3,Giants @ Padres,2026-07-31T01:40:00Z,Thu 09:40pm,Petco Park,outdoor,,-195.00,-195,7/30/2026,0.3388,,,,No,SD,6.25,2.58,34.25588338,65.74,34.25588338,0.34,,0,,0.34,,0.39,0.5,Push
Underdog,MLB,,Randy Arozarena,LF,,RBIs,0.5,,,7/30/2026,Thu 10:10pm,pre_game,MLB,standard,https://assets.underdogfantasy.com/player-images/mlb/20260325_02-7057e7fa-6d96-451e-9546-2e43d5e116d6.png,,0.5,29.85,70.15,-4.53,70.15,Under,https://www.freeiconspng.com/img/1934,2026-07-31T02:11:00Z,Yes,-1.50,8.7,Mariners @ Dodgers,2026-07-31T02:10:00Z,Thu 10:10pm,UNIQLO Field at Dodger Stadium,outdoor,MLB Network,-235.00,-235,7/30/2026,0.2985,,,,No,LAD,4.84,1.39,32.91770254,67.08,32.91770254,0.30,2,0.02113,over,0.3,0.319628,0.35,0.5,Best Bet
Underdog,MLB,,Heliot Ramos,LF,,Singles,0.5,,,7/30/2026,Thu 09:40pm,pre_game,MLB,standard,https://assets.underdogfantasy.com/player-images/mlb/20260403_04-9374f764-2b83-4b88-a71f-c7563e9bb863.png,,0.5,49.3,50.7,-4.86,50.7,Under,https://www.freeiconspng.com/img/1934,2026-07-31T01:41:00Z,Yes,-1.50,8.3,Giants @ Padres,2026-07-31T01:40:00Z,Thu 09:40pm,Petco Park,outdoor,,-103.00,-103,7/30/2026,0.493,,,,No,SD,6.25,2.58,39.13427636,60.87,39.13427636,0.49,,0,,0.49,,0.5,0.5,Push
Underdog,MLB,,Heliot Ramos,LF,,Batter Strikeouts,1.5,,,7/30/2026,Thu 09:40pm,pre_game,MLB,standard,https://assets.underdogfantasy.com/player-images/mlb/20260403_04-9374f764-2b83-4b88-a71f-c7563e9bb863.png,,1.5,30.02,69.98,-4.51,69.98,Under,https://www.freeiconspng.com/img/1934,2026-07-31T01:41:00Z,Yes,-1.50,8.3,Giants @ Padres,2026-07-31T01:40:00Z,Thu 09:40pm,Petco Park,outdoor,,-233.00,-233,7/30/2026,0.9006,,,,No,SD,6.25,2.58,22.77372014,77.23,22.77372014,0.90,,0,,0.9,,0.9,0,Push
Underdog,MLB,,Heliot Ramos,LF,,Batter Walks,0.5,,,7/30/2026,Thu 09:40pm,pre_game,MLB,standard,https://assets.underdogfantasy.com/player-images/mlb/20260403_04-9374f764-2b83-4b88-a71f-c7563e9bb863.png,,0.5,28.6,71.4,-6.38,71.4,Under,https://www.freeiconspng.com/img/1934,2026-07-31T01:41:00Z,Yes,-1.50,8.3,Giants @ Padres,2026-07-31T01:40:00Z,Thu 09:40pm,Petco Park,outdoor,,-250.00,-250,7/30/2026,0.286,,,,No,SD,6.25,2.58,24.87373841,75.13,24.87373841,0.29,,0,,0.29,,0.29,0,Push
Underdog,MLB,,Randy Arozarena,LF,,Batter Walks,0.5,,,7/30/2026,Thu 10:10pm,pre_game,MLB,standard,https://assets.underdogfantasy.com/player-images/mlb/20260325_02-7057e7fa-6d96-451e-9546-2e43d5e116d6.png,,0.5,37.11,62.89,-5.36,62.89,Under,https://www.freeiconspng.com/img/1934,2026-07-31T02:11:00Z,Yes,-1.50,8.7,Mariners @ Dodgers,2026-07-31T02:10:00Z,Thu 10:10pm,UNIQLO Field at Dodger Stadium,outdoor,MLB Network,-169.00,-169,7/30/2026,0.3711,,,,No,LAD,4.84,1.39,31.00250594,69.00,31.00250594,0.37,4,0.02085,over,0.37,0.39195,0.38,0,Push
Underdog,MLB,,Randy Arozarena,LF,,Stolen Bases,0.5,,,7/30/2026,Thu 10:10pm,pre_game,MLB,standard,https://assets.underdogfantasy.com/player-images/mlb/20260325_02-7057e7fa-6d96-451e-9546-2e43d5e116d6.png,,0.5,17.59,82.41,,20,Over,https://www.freeiconspng.com/img/1934,2026-07-31T02:11:00Z,Yes,-1.50,8.7,Mariners @ Dodgers,2026-07-31T02:10:00Z,Thu 10:10pm,UNIQLO Field at Dodger Stadium,outdoor,MLB Network,400.00,400,7/30/2026,0.1759,,,,No,LAD,4.84,1.39,28.67690514,71.32,28.67690514,0.18,29,-0.01168,under,0.18,0.164224,0.25,0.5,Best Bet
Underdog,MLB,,JP Sears,SP,,1st Inn. Strikeouts,0.5,,,7/30/2026,Thu 09:40pm,pre_game,MLB,standard,https://assets.underdogfantasy.com/player-images/mlb/20260730_12-9879d57f-6e61-4d12-be21-25c2b7328947.png,,,,,,,,,,,,,Giants @ Padres,2026-07-31T01:40:00Z,Thu 09:40pm,Petco Park,outdoor,,,,,,,,,No,SF,18.27,4.19,,,,0.00,,0,,0,,0,0,Push
Underdog,MLB,,JP Sears,SP,,1st Inn. Runs Allowed,0.5,,,7/30/2026,Thu 09:40pm,pre_game,MLB,standard,https://assets.underdogfantasy.com/player-images/mlb/20260730_12-9879d57f-6e61-4d12-be21-25c2b7328947.png,,,,,,,,,,,,,Giants @ Padres,2026-07-31T01:40:00Z,Thu 09:40pm,Petco Park,outdoor,,,,,,,,,No,SF,18.27,4.19,,,,0.00,,0,,0,,0,0,Push
Underdog,MLB,,JP Sears,SP,,1st Inn. Pitch Count,19.5,,,7/30/2026,Thu 09:40pm,pre_game,MLB,standard,https://assets.underdogfantasy.com/player-images/mlb/20260730_12-9879d57f-6e61-4d12-be21-25c2b7328947.png,,,,,,,,,,,,,Giants @ Padres,2026-07-31T01:40:00Z,Thu 09:40pm,Petco Park,outdoor,,,,,,,,,No,SF,18.27,4.19,,,,0.00,,0,,0,,0,0,Push
Underdog,MLB,,JP Sears,SP,,1st Inn. Batters Faced,4.5,,,7/30/2026,Thu 09:40pm,pre_game,MLB,standard,https://assets.underdogfantasy.com/player-images/mlb/20260730_12-9879d57f-6e61-4d12-be21-25c2b7328947.png,,,,,,,,,,,,,Giants @ Padres,2026-07-31T01:40:00Z,Thu 09:40pm,Petco Park,outdoor,,,,,,,,,No,SF,18.27,4.19,,,,0.00,,0,,0,,0,0,Push
Underdog,MLB,,JP Sears,SP,,1st Inn. Hits Allowed,0.5,,,7/30/2026,Thu 09:40pm,pre_game,MLB,standard,https://assets.underdogfantasy.com/player-images/mlb/20260730_12-9879d57f-6e61-4d12-be21-25c2b7328947.png,,,,,,,,,,,,,Giants @ Padres,2026-07-31T01:40:00Z,Thu 09:40pm,Petco Park,outdoor,,,,,,,,,No,SF,18.27,4.19,,,,0.00,,0,,0,,0,0,Push
Underdog,MLB,,Heliot Ramos,LF,,Doubles,0.5,,,7/30/2026,Thu 09:40pm,pre_game,MLB,standard,https://assets.underdogfantasy.com/player-images/mlb/20260403_04-9374f764-2b83-4b88-a71f-c7563e9bb863.png,,0.5,19.46,80.54,-5.17,80.54,Under,https://www.freeiconspng.com/img/1934,2026-07-31T01:41:00Z,Yes,-1.50,8.3,Giants @ Padres,2026-07-31T01:40:00Z,Thu 09:40pm,Petco Park,outdoor,,-414.00,-414,7/30/2026,0.1946,,,,No,SD,6.25,2.58,29.34066815,70.66,29.34066815,0.19,,0,,0.19,,0.3,0.5,Push
Underdog,MLB,,Jackson Merrill,CF,,Hits + Runs + RBIs,1.5,,,7/30/2026,Thu 09:40pm,pre_game,MLB,standard,https://assets.underdogfantasy.com/player-images/mlb/20260324_03-4028a6dd-65e8-42f7-a6b4-222b1e846134.png,,1.5,49.5,50.5,-3.99,50.5,Under,https://www.freeiconspng.com/img/1934,2026-07-31T01:41:00Z,Yes,-1.50,8.3,Giants @ Padres,2026-07-31T01:40:00Z,Thu 09:40pm,Petco Park,outdoor,,-102.00,-102,7/30/2026,1.485,,,,No,SF,6.17,2.5,43.71416834,56.29,43.71416834,1.49,,0,,1.49,,1.49,0,Push
Underdog,MLB,,Jackson Merrill,CF,,Home Runs,0.5,,,7/30/2026,Thu 09:40pm,pre_game,MLB,standard,https://assets.underdogfantasy.com/player-images/mlb/20260324_03-4028a6dd-65e8-42f7-a6b4-222b1e846134.png,,0.5,13.37,86.63,-0.33,86.63,Under,https://www.freeiconspng.com/img/1934,2026-07-31T01:41:00Z,Yes,-1.50,8.3,Giants @ Padres,2026-07-31T01:40:00Z,Thu 09:40pm,Petco Park,outdoor,,-648.00,-648,7/30/2026,0.1337,,,,No,SF,6.17,2.5,27.15599871,72.84,27.15599871,0.13,,0,,0.13,,0.26,0.5,Push
Underdog,MLB,,Jackson Merrill,CF,,Total Bases,1.5,,,7/30/2026,Thu 09:40pm,pre_game,MLB,standard,https://assets.underdogfantasy.com/player-images/mlb/20260324_03-4028a6dd-65e8-42f7-a6b4-222b1e846134.png,,1.5,39.21,60.79,-4.61,60.79,Under,https://www.freeiconspng.com/img/1934,2026-07-31T01:41:00Z,Yes,-1.50,8.3,Giants @ Padres,2026-07-31T01:40:00Z,Thu 09:40pm,Petco Park,outdoor,,-155.00,-155,7/30/2026,1.1763,,,,No,SF,6.17,2.5,20.49818775,79.50,20.49818775,1.18,,0,,1.18,,0.95,0.5,Push
Underdog,MLB,,Jackson Merrill,CF,,Hitter Fantasy Score,6.5,,,7/30/2026,Thu 09:40pm,pre_game,MLB,standard,https://assets.underdogfantasy.com/player-images/mlb/20260324_03-4028a6dd-65e8-42f7-a6b4-222b1e846134.png,,,,,,,,,,,,,Giants @ Padres,2026-07-31T01:40:00Z,Thu 09:40pm,Petco Park,outdoor,,,,,6.17,,,,No,SF,6.17,2.5,48.73076923,51.27,51.26923077,6.17,,0,,5.5,,5.83,0,Push
Underdog,MLB,,Jackson Merrill,CF,,Hits,0.5,,,7/30/2026,Thu 09:40pm,pre_game,MLB,standard,https://assets.underdogfantasy.com/player-images/mlb/20260324_03-4028a6dd-65e8-42f7-a6b4-222b1e846134.png,,0.5,63.46,36.54,-4.07,63.46,Over,https://www.freeiconspng.com/img/1934,2026-07-31T01:41:00Z,Yes,-1.50,8.3,Giants @ Padres,2026-07-31T01:40:00Z,Thu 09:40pm,Petco Park,outdoor,,-174.00,-174,7/30/2026,0.6346,,,,No,SF,6.17,2.5,43.29455794,56.71,43.29455794,0.63,,0,,0.63,,0.59,0.5,Good Bet
Underdog,MLB,,Jackson Merrill,CF,,Runs,0.5,,,7/30/2026,Thu 09:40pm,pre_game,MLB,standard,https://assets.underdogfantasy.com/player-images/mlb/20260324_03-4028a6dd-65e8-42f7-a6b4-222b1e846134.png,,0.5,41.78,58.22,-2.56,58.22,Under,https://www.freeiconspng.com/img/1934,2026-07-31T01:41:00Z,Yes,-1.50,8.3,Giants @ Padres,2026-07-31T01:40:00Z,Thu 09:40pm,Petco Park,outdoor,,-139.00,-139,7/30/2026,0.4178,,,,No,SF,6.17,2.5,36.80215604,63.20,36.80215604,0.42,,0,,0.42,,0.45,0.5,Push
Underdog,MLB,,Jackson Merrill,CF,,RBIs,0.5,,,7/30/2026,Thu 09:40pm,pre_game,MLB,standard,https://assets.underdogfantasy.com/player-images/mlb/20260324_03-4028a6dd-65e8-42f7-a6b4-222b1e846134.png,,0.5,32.15,67.85,-3.58,67.85,Under,https://www.freeiconspng.com/img/1934,2026-07-31T01:41:00Z,Yes,-1.50,8.3,Giants @ Padres,2026-07-31T01:40:00Z,Thu 09:40pm,Petco Park,outdoor,,-211.00,-211,7/30/2026,0.3215,,,,No,SF,6.17,2.5,33.68473009,66.32,33.68473009,0.32,,0,,0.32,,0.38,0.5,Push
Underdog,MLB,,Jackson Merrill,CF,,Singles,0.5,,,7/30/2026,Thu 09:40pm,pre_game,MLB,standard,https://assets.underdogfantasy.com/player-images/mlb/20260324_03-4028a6dd-65e8-42f7-a6b4-222b1e846134.png,,0.5,47.72,52.28,-5.17,52.28,Under,https://www.freeiconspng.com/img/1934,2026-07-31T01:41:00Z,Yes,-1.50,8.3,Giants @ Padres,2026-07-31T01:40:00Z,Thu 09:40pm,Petco Park,outdoor,,-110.00,-110,7/30/2026,0.4772,,,,No,SF,6.17,2.5,38.65153282,61.35,38.65153282,0.48,,0,,0.48,,0.48,0.5,Push
Underdog,MLB,,Jackson Merrill,CF,,Batter Strikeouts,0.5,,,7/30/2026,Thu 09:40pm,pre_game,MLB,standard,https://assets.underdogfantasy.com/player-images/mlb/20260324_03-4028a6dd-65e8-42f7-a6b4-222b1e846134.png,,0.5,61.81,38.19,-3.71,61.81,Over,https://www.freeiconspng.com/img/1934,2026-07-31T01:41:00Z,Yes,-1.50,8.3,Giants @ Padres,2026-07-31T01:40:00Z,Thu 09:40pm,Petco Park,outdoor,,-162.00,-162,7/30/2026,0.6181,,,,No,SF,6.17,2.5,46.10324964,53.90,46.10324964,0.62,,0,,0.62,,0.62,0,Great Bet
Underdog,MLB,,Jackson Merrill,CF,,Batter Walks,0.5,,,7/30/2026,Thu 09:40pm,pre_game,MLB,standard,https://assets.underdogfantasy.com/player-images/mlb/20260324_03-4028a6dd-65e8-42f7-a6b4-222b1e846134.png,,0.5,28.07,71.93,-5.85,71.93,Under,https://www.freeiconspng.com/img/1934,2026-07-31T01:41:00Z,Yes,-1.50,8.3,Giants @ Padres,2026-07-31T01:40:00Z,Thu 09:40pm,Petco Park,outdoor,,-256.00,-256,7/30/2026,0.2807,,,,No,SF,6.17,2.5,24.4745122,75.53,24.4745122,0.28,,0,,0.28,,0.28,0,Push
Underdog,MLB,,Jackson Merrill,CF,,Stolen Bases,0.5,,,7/30/2026,Thu 09:40pm,pre_game,MLB,standard,https://assets.underdogfantasy.com/player-images/mlb/20260324_03-4028a6dd-65e8-42f7-a6b4-222b1e846134.png,,0.5,18.83,81.17,-7.07,81.17,Under,https://www.freeiconspng.com/img/1934,2026-07-31T01:41:00Z,Yes,-1.50,8.3,Giants @ Padres,2026-07-31T01:40:00Z,Thu 09:40pm,Petco Park,outdoor,,-431.00,-431,7/30/2026,0.1883,,,,No,SF,6.17,2.5,29.11774033,70.88,29.11774033,0.19,,0,,0.19,,0.29,0.5,Push
Underdog,MLB,,Jackson Merrill,CF,,Doubles,0.5,,,7/30/2026,Thu 09:40pm,pre_game,MLB,standard,https://assets.underdogfantasy.com/player-images/mlb/20260324_03-4028a6dd-65e8-42f7-a6b4-222b1e846134.png,,0.5,18.99,81.01,-5.66,81.01,Under,https://www.freeiconspng.com/img/1934,2026-07-31T01:41:00Z,Yes,-1.50,8.3,Giants @ Padres,2026-07-31T01:40:00Z,Thu 09:40pm,Petco Park,outdoor,,-427.00,-427,7/30/2026,0.1899,,,,No,SF,6.17,2.5,29.17442346,70.83,29.17442346,0.19,,0,,0.19,,0.29,0.5,Push
Underdog,MLB,,Willy Adames,SS,,Hits + Runs + RBIs,1.5,,,7/30/2026,Thu 09:40pm,pre_game,MLB,standard,https://assets.underdogfantasy.com/player-images/mlb/20260324_02-81af51ef-1387-495a-bef2-57f219415370.png,,1.5,43.35,56.65,-2.53,56.65,Under,https://www.freeiconspng.com/img/1934,2026-07-31T01:41:00Z,Yes,-1.50,8.3,Giants @ Padres,2026-07-31T01:40:00Z,Thu 09:40pm,Petco Park,outdoor,,-131.00,-131,7/30/2026,1.3005,,,,No,SD,5.03,2.15,37.33540115,62.66,37.33540115,1.30,,0,,1.3,,1.3,0,Push
Underdog,MLB,,Andy Pages,CF,,Hits + Runs + RBIs,1.5,,,7/30/2026,Thu 10:10pm,pre_game,MLB,standard,https://assets.underdogfantasy.com/player-images/mlb/20260404_19-a5dfaeb4-1481-4f31-af49-f0892a3135d2.png,,1.5,50.56,49.44,-8.37,50.56,Over,https://www.freeiconspng.com/img/1934,2026-07-31T02:11:00Z,Yes,-1.50,8.7,Mariners @ Dodgers,2026-07-31T02:10:00Z,Thu 10:10pm,UNIQLO Field at Dodger Stadium,outdoor,MLB Network,-102.00,-102,7/30/2026,1.5168,,,,No,SEA,5.91,2.45,44.77816485,55.22,44.77816485,1.52,,0,,1.52,,1.52,0,Great Bet
Underdog,MLB,,Andy Pages,CF,,Home Runs,0.5,,,7/30/2026,Thu 10:10pm,pre_game,MLB,standard,https://assets.underdogfantasy.com/player-images/mlb/20260404_19-a5dfaeb4-1481-4f31-af49-f0892a3135d2.png,,0.5,16.73,83.27,-1.49,83.27,Under,https://www.freeiconspng.com/img/1934,2026-07-31T02:11:00Z,Yes,-1.50,8.7,Mariners @ Dodgers,2026-07-31T02:10:00Z,Thu 10:10pm,UNIQLO Field at Dodger Stadium,outdoor,MLB Network,-498.00,-498,7/30/2026,0.1673,,,,No,SEA,5.91,2.45,28.36955551,71.63,28.36955551,0.17,,0,,0.17,,0.28,0.5,Push
Underdog,MLB,,Willy Adames,SS,,Home Runs,0.5,,,7/30/2026,Thu 09:40pm,pre_game,MLB,standard,https://assets.underdogfantasy.com/player-images/mlb/20260324_02-81af51ef-1387-495a-bef2-57f219415370.png,,0.5,17.55,82.45,0.47,82.45,Under,https://www.freeiconspng.com/img/1934,2026-07-31T01:41:00Z,Yes,-1.50,8.3,Giants @ Padres,2026-07-31T01:40:00Z,Thu 09:40pm,Petco Park,outdoor,,-470.00,-470,7/30/2026,0.1755,,,,No,SD,5.03,2.15,28.6626391,71.34,28.6626391,0.18,,0,,0.18,,0.28,0.5,Push
Underdog,MLB,,Andy Pages,CF,,Total Bases,1.5,,,7/30/2026,Thu 10:10pm,pre_game,MLB,standard,https://assets.underdogfantasy.com/player-images/mlb/20260404_19-a5dfaeb4-1481-4f31-af49-f0892a3135d2.png,,1.5,41.09,58.91,-0.93,58.91,Under,https://www.freeiconspng.com/img/1934,2026-07-31T02:11:00Z,Yes,-1.50,8.7,Mariners @ Dodgers,2026-07-31T02:10:00Z,Thu 10:10pm,UNIQLO Field at Dodger Stadium,outdoor,MLB Network,-143.00,-143,7/30/2026,1.2327,,,,No,SEA,5.91,2.45,21.52305889,78.48,21.52305889,1.23,,0,,1.23,,0.99,0.5,Push
Underdog,MLB,,Andy Pages,CF,,Hitter Fantasy Score,5.5,,,7/30/2026,Thu 10:10pm,pre_game,MLB,standard,https://assets.underdogfantasy.com/player-images/mlb/20260404_19-a5dfaeb4-1481-4f31-af49-f0892a3135d2.png,,,,,,,,,,,,,Mariners @ Dodgers,2026-07-31T02:10:00Z,Thu 10:10pm,UNIQLO Field at Dodger Stadium,outdoor,MLB Network,,,,5.91,,,,No,SEA,5.91,2.45,62.02288622,37.98,37.97711378,5.91,,0,,6.2,,4.87,2.5,Great Bet
Underdog,MLB,,Willy Adames,SS,,Hitter Fantasy Score,5.5,,,7/30/2026,Thu 09:40pm,pre_game,MLB,standard,https://assets.underdogfantasy.com/player-images/mlb/20260324_02-81af51ef-1387-495a-bef2-57f219415370.png,,,,,,,,,,,,,Giants @ Padres,2026-07-31T01:40:00Z,Thu 09:40pm,Petco Park,outdoor,,,,,5.03,,,,No,SD,5.03,2.15,69.9375567,30.06,30.0624433,5.03,,0,,4.62,,3.72,1.5,Push
Underdog,MLB,,Willy Adames,SS,,Hits,0.5,,,7/30/2026,Thu 09:40pm,pre_game,MLB,standard,https://assets.underdogfantasy.com/player-images/mlb/20260324_02-81af51ef-1387-495a-bef2-57f219415370.png,,0.5,56.72,43.28,-3.6,56.72,Over,https://www.freeiconspng.com/img/1934,2026-07-31T01:41:00Z,Yes,-1.50,8.3,Giants @ Padres,2026-07-31T01:40:00Z,Thu 09:40pm,Petco Park,outdoor,,-131.00,-131,7/30/2026,0.5672,,,,No,SD,5.03,2.15,41.35101986,58.65,41.35101986,0.57,,0,,0.57,,0.54,0.5,Good Bet
Underdog,MLB,,Andy Pages,CF,,Hits,0.5,,,7/30/2026,Thu 10:10pm,pre_game,MLB,standard,https://assets.underdogfantasy.com/player-images/mlb/20260404_19-a5dfaeb4-1481-4f31-af49-f0892a3135d2.png,,0.5,64.04,35.96,-1.71,64.04,Over,https://www.freeiconspng.com/img/1934,2026-07-31T02:11:00Z,Yes,-1.50,8.7,Mariners @ Dodgers,2026-07-31T02:10:00Z,Thu 10:10pm,UNIQLO Field at Dodger Stadium,outdoor,MLB Network,-178.00,-178,7/30/2026,0.6404,,,,No,SEA,5.91,2.45,43.45876551,56.54,43.45876551,0.64,,0,,0.64,,0.59,0.5,Good Bet
Underdog,MLB,,Andy Pages,CF,,Runs,0.5,,,7/30/2026,Thu 10:10pm,pre_game,MLB,standard,https://assets.underdogfantasy.com/player-images/mlb/20260404_19-a5dfaeb4-1481-4f31-af49-f0892a3135d2.png,,0.5,45.64,54.36,,57.81,Over,https://www.freeiconspng.com/img/1934,2026-07-31T02:11:00Z,Yes,-1.50,8.7,Mariners @ Dodgers,2026-07-31T02:10:00Z,Thu 10:10pm,UNIQLO Field at Dodger Stadium,outdoor,MLB Network,-137.00,-137,7/30/2026,0.4564,,,,No,SEA,5.91,2.45,38.01017951,61.99,38.01017951,0.46,,0,,0.46,,0.47,0.5,Push
Underdog,MLB,,Willy Adames,SS,,Runs,0.5,,,7/30/2026,Thu 09:40pm,pre_game,MLB,standard,https://assets.underdogfantasy.com/player-images/mlb/20260324_02-81af51ef-1387-495a-bef2-57f219415370.png,,0.5,38.2,61.8,-4.87,61.8,Under,https://www.freeiconspng.com/img/1934,2026-07-31T01:41:00Z,Yes,-1.50,8.3,Giants @ Padres,2026-07-31T01:40:00Z,Thu 09:40pm,Petco Park,outdoor,,-162.00,-162,7/30/2026,0.382,,,,No,SD,5.03,2.15,35.66072934,64.34,35.66072934,0.38,,0,,0.38,,0.42,0.5,Push
Underdog,MLB,,Andy Pages,CF,,RBIs,0.5,,,7/30/2026,Thu 10:10pm,pre_game,MLB,standard,https://assets.underdogfantasy.com/player-images/mlb/20260404_19-a5dfaeb4-1481-4f31-af49-f0892a3135d2.png,,0.5,32.03,67.97,-5.36,67.97,Under,https://www.freeiconspng.com/img/1934,2026-07-31T02:11:00Z,Yes,-1.50,8.7,Mariners @ Dodgers,2026-07-31T02:10:00Z,Thu 10:10pm,UNIQLO Field at Dodger Stadium,outdoor,MLB Network,-212.00,-212,7/30/2026,0.3203,,,,No,SEA,5.91,2.45,33.64492899,66.36,33.64492899,0.32,,0,,0.32,,0.38,0.5,Push
Underdog,MLB,,Willy Adames,SS,,RBIs,0.5,,,7/30/2026,Thu 09:40pm,pre_game,MLB,standard,https://assets.underdogfantasy.com/player-images/mlb/20260324_02-81af51ef-1387-495a-bef2-57f219415370.png,,0.5,32.55,67.45,-3.98,67.45,Under,https://www.freeiconspng.com/img/1934,2026-07-31T01:41:00Z,Yes,-1.50,8.3,Giants @ Padres,2026-07-31T01:40:00Z,Thu 09:40pm,Petco Park,outdoor,,-207.00,-207,7/30/2026,0.3255,,,,No,SD,5.03,2.15,33.81722809,66.18,33.81722809,0.33,,0,,0.33,,0.38,0.5,Push
Underdog,MLB,,Andy Pages,CF,,Singles,0.5,,,7/30/2026,Thu 10:10pm,pre_game,MLB,standard,https://assets.underdogfantasy.com/player-images/mlb/20260404_19-a5dfaeb4-1481-4f31-af49-f0892a3135d2.png,,0.5,48.62,51.38,-6.43,51.38,Under,https://www.freeiconspng.com/img/1934,2026-07-31T02:11:00Z,Yes,-1.50,8.7,Mariners @ Dodgers,2026-07-31T02:10:00Z,Thu 10:10pm,UNIQLO Field at Dodger Stadium,outdoor,MLB Network,-106.00,-106,7/30/2026,0.4862,,,,No,SEA,5.91,2.45,38.9269807,61.07,38.9269807,0.49,,0,,0.49,,0.49,0.5,Push
Underdog,MLB,,Andy Pages,CF,,Batter Strikeouts,0.5,,,7/30/2026,Thu 10:10pm,pre_game,MLB,standard,https://assets.underdogfantasy.com/player-images/mlb/20260404_19-a5dfaeb4-1481-4f31-af49-f0892a3135d2.png,,0.5,65.24,34.76,-4.27,65.24,Over,https://www.freeiconspng.com/img/1934,2026-07-31T02:11:00Z,Yes,-1.50,8.7,Mariners @ Dodgers,2026-07-31T02:10:00Z,Thu 10:10pm,UNIQLO Field at Dodger Stadium,outdoor,MLB Network,-188.00,-188,7/30/2026,0.6524,,,,No,SEA,5.91,2.45,47.92056308,52.08,47.92056308,0.65,,0,,0.65,,0.65,0,Great Bet
Underdog,MLB,,Willy Adames,SS,,Batter Walks,0.5,,,7/30/2026,Thu 09:40pm,pre_game,MLB,standard,https://assets.underdogfantasy.com/player-images/mlb/20260324_02-81af51ef-1387-495a-bef2-57f219415370.png,,0.5,32.51,67.49,-6.19,67.49,Under,https://www.freeiconspng.com/img/1934,2026-07-31T01:41:00Z,Yes,-1.50,8.3,Giants @ Padres,2026-07-31T01:40:00Z,Thu 09:40pm,Petco Park,outdoor,,-208.00,-208,7/30/2026,0.3251,,,,No,SD,5.03,2.15,27.75448955,72.25,27.75448955,0.33,,0,,0.33,,0.33,0,Push
Underdog,MLB,,Andy Pages,CF,,Batter Walks,0.5,,,7/30/2026,Thu 10:10pm,pre_game,MLB,standard,https://assets.underdogfantasy.com/player-images/mlb/20260404_19-a5dfaeb4-1481-4f31-af49-f0892a3135d2.png,,0.5,29.19,70.81,-10.14,70.81,Under,https://www.freeiconspng.com/img/1934,2026-07-31T02:11:00Z,Yes,-1.50,8.7,Mariners @ Dodgers,2026-07-31T02:10:00Z,Thu 10:10pm,UNIQLO Field at Dodger Stadium,outdoor,MLB Network,-243.00,-243,7/30/2026,0.2919,,,,No,SEA,5.91,2.45,25.31567834,74.68,25.31567834,0.29,,0,,0.29,,0.29,0,Push
Underdog,MLB,,Andy Pages,CF,,Stolen Bases,0.5,,,7/30/2026,Thu 10:10pm,pre_game,MLB,standard,https://assets.underdogfantasy.com/player-images/mlb/20260404_19-a5dfaeb4-1481-4f31-af49-f0892a3135d2.png,,0.5,12.35,87.65,-1.63,87.65,Under,https://www.freeiconspng.com/img/1934,2026-07-31T02:11:00Z,Yes,-1.50,8.7,Mariners @ Dodgers,2026-07-31T02:10:00Z,Thu 10:10pm,UNIQLO Field at Dodger Stadium,outdoor,MLB Network,-710.00,-710,7/30/2026,0.1235,,,,No,SEA,5.91,2.45,26.78354535,73.22,26.78354535,0.12,,0,,0.12,,0.25,0.5,Push
Underdog,MLB,,Willy Adames,SS,,Stolen Bases,0.5,,,7/30/2026,Thu 09:40pm,pre_game,MLB,standard,https://assets.underdogfantasy.com/player-images/mlb/20260324_02-81af51ef-1387-495a-bef2-57f219415370.png,,0.5,11.47,88.53,-10.48,88.53,Under,https://www.freeiconspng.com/img/1934,2026-07-31T01:41:00Z,Yes,-1.50,8.3,Giants @ Padres,2026-07-31T01:40:00Z,Thu 09:40pm,Petco Park,outdoor,,-772.00,-772,7/30/2026,0.1147,,,,No,SD,5.03,2.15,26.46068317,73.54,26.46068317,0.11,,0,,0.11,,0.24,0.5,Push
Underdog,MLB,,Andy Pages,CF,,Doubles,0.5,,,7/30/2026,Thu 10:10pm,pre_game,MLB,standard,https://assets.underdogfantasy.com/player-images/mlb/20260404_19-a5dfaeb4-1481-4f31-af49-f0892a3135d2.png,,0.5,19.01,80.99,-7.9,80.99,Under,https://www.freeiconspng.com/img/1934,2026-07-31T02:11:00Z,Yes,-1.50,8.7,Mariners @ Dodgers,2026-07-31T02:10:00Z,Thu 10:10pm,UNIQLO Field at Dodger Stadium,outdoor,MLB Network,-426.00,-426,7/30/2026,0.1901,,,,No,SEA,5.91,2.45,29.18150567,70.82,29.18150567,0.19,,0,,0.19,,0.29,0.5,Push
Underdog,MLB,,Yandy Díaz,DH,,Hits + Runs + RBIs,1.5,,,7/31/2026,Fri 07:10pm,pre_game,MLB,standard,https://assets.underdogfantasy.com/player-images/mlb/20260424_14-c91b7458-14bf-4a62-b147-c47ad2f19396.png,,1.5,57.48,42.52,-1.03,57.48,Over,https://www.freeiconspng.com/img/1934,,Yes,-1.40,8.1,White Sox @ Rays,2026-07-31T23:10:00Z,Fri 07:10pm,Tropicana Field,indoor,,-135.00,-135,,1.7244,,,,No,,,3.5,51.42940016,48.57,51.42940016,1.72,,0,,1.72,,1.72,0,Great Bet
Underdog,MLB,,Jacob Wilson,SS,,Hits + Runs + RBIs,1.5,,,7/30/2026,Thu 09:40pm,pre_game,MLB,standard,https://assets.underdogfantasy.com/player-images/mlb/20260329_17-f65ad89f-00e0-4e19-8d51-a404c5137dca.png,,1.5,58.24,41.76,-4.02,58.24,Over,https://www.freeiconspng.com/img/1934,,No,1.50,10,Red Sox @ Athletics,2026-07-31T01:40:00Z,Thu 09:40pm,Sutter Health Park,outdoor,NBCS-CA,-139.00,-139,7/30/2026,1.7472,,,,No,,,3.5,52.12696525,47.87,52.12696525,1.75,,0,,1.75,,1.75,0,Great Bet
Underdog,MLB,,Jacob Wilson,SS,,Home Runs,0.5,,,7/30/2026,Thu 09:40pm,pre_game,MLB,standard,https://assets.underdogfantasy.com/player-images/mlb/20260329_17-f65ad89f-00e0-4e19-8d51-a404c5137dca.png,,0.5,8.52,91.48,-1.98,91.48,Under,https://www.freeiconspng.com/img/1934,,No,1.50,10,Red Sox @ Athletics,2026-07-31T01:40:00Z,Thu 09:40pm,Sutter Health Park,outdoor,NBCS-CA,"-1,074.00",-1074,7/30/2026,0.0852,,,,No,,,3.5,25.36793908,74.63,25.36793908,0.09,,0,,0.09,,0.22,0.5,Push
Underdog,MLB,,Yandy Díaz,DH,,Home Runs,0.5,,,7/31/2026,Fri 07:10pm,pre_game,MLB,standard,https://assets.underdogfantasy.com/player-images/mlb/20260424_14-c91b7458-14bf-4a62-b147-c47ad2f19396.png,,0.5,11.66,88.34,0.63,88.34,Under,https://www.freeiconspng.com/img/1934,,Yes,-1.40,8.1,White Sox @ Rays,2026-07-31T23:10:00Z,Fri 07:10pm,Tropicana Field,indoor,,-758.00,-758,,0.1166,,,,No,,,3.5,26.53051235,73.47,26.53051235,0.12,,0,,0.12,,0.24,0.5,Push
Underdog,MLB,,Jacob Wilson,SS,,Total Bases,1.5,,,7/30/2026,Thu 09:40pm,pre_game,MLB,standard,https://assets.underdogfantasy.com/player-images/mlb/20260329_17-f65ad89f-00e0-4e19-8d51-a404c5137dca.png,,1.5,46.78,53.22,-3.3,53.22,Under,https://www.freeiconspng.com/img/1934,,No,1.50,10,Red Sox @ Athletics,2026-07-31T01:40:00Z,Thu 09:40pm,Sutter Health Park,outdoor,NBCS-CA,-114.00,-114,7/30/2026,1.4034,,,,No,,,3.5,24.64796186,75.35,24.64796186,1.40,,0,,1.4,,1.1,0.5,Push
Underdog,MLB,,Yandy Díaz,DH,,Total Bases,1.5,,,7/31/2026,Fri 07:10pm,pre_game,MLB,standard,https://assets.underdogfantasy.com/player-images/mlb/20260424_14-c91b7458-14bf-4a62-b147-c47ad2f19396.png,,1.5,44.73,55.27,0.11,55.27,Under,https://www.freeiconspng.com/img/1934,,Yes,-1.40,8.1,White Sox @ Rays,2026-07-31T23:10:00Z,Fri 07:10pm,Tropicana Field,indoor,,-124.00,-124,,1.3419,,,,No,,,3.5,23.51917611,76.48,23.51917611,1.34,,0,,1.34,,1.06,0.5,Push
Underdog,MLB,,Jacob Wilson,SS,,Hitter Fantasy Score,5.5,,,7/30/2026,Thu 09:40pm,pre_game,MLB,standard,https://assets.underdogfantasy.com/player-images/mlb/20260329_17-f65ad89f-00e0-4e19-8d51-a404c5137dca.png,,,,,,,,,,,,,Red Sox @ Athletics,2026-07-31T01:40:00Z,Thu 09:40pm,Sutter Health Park,outdoor,NBCS-CA,,,,,,,,No,,,3.5,,,,0.00,,0,,6.72,,5.11,3.5,Push
Underdog,MLB,,Jacob Wilson,SS,,Hits,1.5,,,7/30/2026,Thu 09:40pm,pre_game,MLB,standard,https://assets.underdogfantasy.com/player-images/mlb/20260329_17-f65ad89f-00e0-4e19-8d51-a404c5137dca.png,,1.5,37.73,62.27,-2.64,62.27,Under,https://www.freeiconspng.com/img/1934,,No,1.50,10,Red Sox @ Athletics,2026-07-31T01:40:00Z,Thu 09:40pm,Sutter Health Park,outdoor,NBCS-CA,-165.00,-165,7/30/2026,1.1319,,,,No,,,3.5,19.69523712,80.30,19.69523712,1.13,,0,,1.13,,0.92,0.5,Push
Underdog,MLB,,Yandy Díaz,DH,,Hits,1.5,,,7/31/2026,Fri 07:10pm,pre_game,MLB,standard,https://assets.underdogfantasy.com/player-images/mlb/20260424_14-c91b7458-14bf-4a62-b147-c47ad2f19396.png,,1.5,33.71,66.29,0.07,66.29,Under,https://www.freeiconspng.com/img/1934,,Yes,-1.40,8.1,White Sox @ Rays,2026-07-31T23:10:00Z,Fri 07:10pm,Tropicana Field,indoor,,-197.00,-197,,1.0113,,,,No,,,3.5,17.53620532,82.46,17.53620532,1.01,,0,,1.01,,0.84,0.5,Push
Underdog,MLB,,Yandy Díaz,DH,,Runs,0.5,,,7/31/2026,Fri 07:10pm,pre_game,MLB,standard,https://assets.underdogfantasy.com/player-images/mlb/20260424_14-c91b7458-14bf-4a62-b147-c47ad2f19396.png,,0.5,49.14,50.86,-6.95,50.86,Under,https://www.freeiconspng.com/img/1934,,Yes,-1.40,8.1,White Sox @ Rays,2026-07-31T23:10:00Z,Fri 07:10pm,Tropicana Field,indoor,,-104.00,-104,,0.4914,,,,No,,,3.5,39.0855643,60.91,39.0855643,0.49,,0,,0.49,,0.49,0.5,Push
Underdog,MLB,,Jacob Wilson,SS,,Runs,0.5,,,7/30/2026,Thu 09:40pm,pre_game,MLB,standard,https://assets.underdogfantasy.com/player-images/mlb/20260329_17-f65ad89f-00e0-4e19-8d51-a404c5137dca.png,,0.5,45.77,54.23,-0.32,54.23,Under,https://www.freeiconspng.com/img/1934,,No,1.50,10,Red Sox @ Athletics,2026-07-31T01:40:00Z,Thu 09:40pm,Sutter Health Park,outdoor,NBCS-CA,-118.00,-118,7/30/2026,0.4577,,,,No,,,3.5,38.0504598,61.95,38.0504598,0.46,,0,,0.46,,0.47,0.5,Push
Underdog,MLB,,Yandy Díaz,DH,,RBIs,0.5,,,7/31/2026,Fri 07:10pm,pre_game,MLB,standard,https://assets.underdogfantasy.com/player-images/mlb/20260424_14-c91b7458-14bf-4a62-b147-c47ad2f19396.png,,,,,,,,,,,,,White Sox @ Rays,2026-07-31T23:10:00Z,Fri 07:10pm,Tropicana Field,indoor,,,,,,,,,No,,,3.5,,,,0.00,,0,,0,,0.5,0.5,Push
Underdog,MLB,,Jacob Wilson,SS,,RBIs,0.5,,,7/30/2026,Thu 09:40pm,pre_game,MLB,standard,https://assets.underdogfantasy.com/player-images/mlb/20260329_17-f65ad89f-00e0-4e19-8d51-a404c5137dca.png,,0.5,31.44,68.56,-1.59,68.56,Under,https://www.freeiconspng.com/img/1934,,No,1.50,10,Red Sox @ Athletics,2026-07-31T01:40:00Z,Thu 09:40pm,Sutter Health Park,outdoor,NBCS-CA,-218.00,-218,7/30/2026,0.3144,,,,No,,,3.5,33.44889252,66.55,33.44889252,0.31,,0,,0.31,,0.38,0.5,Push
Underdog,MLB,,Jacob Wilson,SS,,Singles,0.5,,,7/30/2026,Thu 09:40pm,pre_game,MLB,standard,https://assets.underdogfantasy.com/player-images/mlb/20260329_17-f65ad89f-00e0-4e19-8d51-a404c5137dca.png,,0.5,63.81,36.19,-1.1,63.81,Over,https://www.freeiconspng.com/img/1934,,No,1.50,10,Red Sox @ Athletics,2026-07-31T01:40:00Z,Thu 09:40pm,Sutter Health Park,outdoor,NBCS-CA,-176.00,-176,7/30/2026,0.6381,,,,No,,,3.5,43.39370569,56.61,43.39370569,0.64,,0,,0.64,,0.59,0.5,Good Bet
Underdog,MLB,,Jacob Wilson,SS,,Batter Strikeouts,0.5,,,7/30/2026,Thu 09:40pm,pre_game,MLB,standard,https://assets.underdogfantasy.com/player-images/mlb/20260329_17-f65ad89f-00e0-4e19-8d51-a404c5137dca.png,,0.5,40.21,59.79,,57.81,Over,https://www.freeiconspng.com/img/1934,,No,1.50,10,Red Sox @ Athletics,2026-07-31T01:40:00Z,Thu 09:40pm,Sutter Health Park,outdoor,NBCS-CA,-137.00,-137,7/30/2026,0.4021,,,,No,,,3.5,33.1086149,66.89,33.1086149,0.40,,0,,0.4,,0.4,0,Push
Underdog,MLB,,Yandy Díaz,DH,,Batter Walks,0.5,,,7/31/2026,Fri 07:10pm,pre_game,MLB,standard,https://assets.underdogfantasy.com/player-images/mlb/20260424_14-c91b7458-14bf-4a62-b147-c47ad2f19396.png,,0.5,35.77,64.23,-7.6,64.23,Under,https://www.freeiconspng.com/img/1934,,Yes,-1.40,8.1,White Sox @ Rays,2026-07-31T23:10:00Z,Fri 07:10pm,Tropicana Field,indoor,,-180.00,-180,,0.3577,,,,No,,,3.5,30.07171716,69.93,30.07171716,0.36,,0,,0.36,,0.36,0,Push
Underdog,MLB,,Jacob Wilson,SS,,Doubles,0.5,,,7/30/2026,Thu 09:40pm,pre_game,MLB,standard,https://assets.underdogfantasy.com/player-images/mlb/20260329_17-f65ad89f-00e0-4e19-8d51-a404c5137dca.png,,0.5,22.6,77.4,-4.42,77.4,Under,https://www.freeiconspng.com/img/1934,,No,1.50,10,Red Sox @ Athletics,2026-07-31T01:40:00Z,Thu 09:40pm,Sutter Health Park,outdoor,NBCS-CA,-342.00,-342,7/30/2026,0.226,,,,No,,,3.5,30.44135665,69.56,30.44135665,0.23,,0,,0.23,,0.32,0.5,Push
Underdog,MLB,,Max Muncy,3B,,Hits + Runs + RBIs,1.5,,,7/30/2026,Thu 10:10pm,pre_game,MLB,standard,https://assets.underdogfantasy.com/player-images/mlb/20260325_03-d692c6b5-5895-4b72-8a46-d9b9594defb6.png,,1.5,50.63,49.37,-8.44,50.63,Over,https://www.freeiconspng.com/img/1934,2026-07-31T02:11:00Z,Yes,-1.50,8.7,Mariners @ Dodgers,2026-07-31T02:10:00Z,Thu 10:10pm,UNIQLO Field at Dodger Stadium,outdoor,MLB Network,-103.00,-103,7/30/2026,1.5189,,,,No,SEA,6.28,2.51,44.84802898,55.15,44.84802898,1.52,,0,,1.52,,1.52,0,Great Bet
Underdog,MLB,,George Springer,DH,,Hits + Runs + RBIs,1.5,,,7/31/2026,Fri 07:07pm,pre_game,MLB,standard,https://assets.underdogfantasy.com/player-images/mlb/20260401_18-7f92278a-91c4-4c25-9e75-eaff3aed89b3.png,,1.5,54.42,45.58,0.08,54.42,Over,https://www.freeiconspng.com/img/1934,,Yes,-1.40,7.6,Cardinals @ Blue Jays,2026-07-31T23:07:00Z,Fri 07:07pm,Rogers Centre,retractable,,-119.00,-119,7/31/2026,1.6326,,,,No,,,3.5,48.55351522,51.45,48.55351522,1.63,,0,,1.63,,1.63,0,Great Bet
Underdog,MLB,,Willson Contreras,1B,,Hits + Runs + RBIs,2.5,,,7/30/2026,Thu 09:40pm,pre_game,MLB,standard,https://assets.underdogfantasy.com/player-images/mlb/20260323_23-9d93f121-f032-407d-bb30-ad3593641db9.png,,2.5,45.44,54.56,-3.77,54.56,Under,https://www.freeiconspng.com/img/1934,2026-07-31T01:41:00Z,No,1.50,10,Red Sox @ Athletics,2026-07-31T01:40:00Z,Thu 09:40pm,Sutter Health Park,outdoor,NBCS-CA,-120.00,-120,7/30/2026,2.272,,,,No,ATH,7.76,3.56,39.65227986,60.35,39.65227986,2.27,,0,,2.27,,2.27,0,Push
Underdog,MLB,,Max Muncy,3B,,Home Runs,0.5,,,7/30/2026,Thu 10:10pm,pre_game,MLB,standard,https://assets.underdogfantasy.com/player-images/mlb/20260325_03-d692c6b5-5895-4b72-8a46-d9b9594defb6.png,,0.5,25.17,74.83,-2.08,74.83,Under,https://www.freeiconspng.com/img/1934,2026-07-31T02:11:00Z,Yes,-1.50,8.7,Mariners @ Dodgers,2026-07-31T02:10:00Z,Thu 10:10pm,UNIQLO Field at Dodger Stadium,outdoor,MLB Network,-297.00,-297,7/30/2026,0.2517,,,,No,SEA,6.28,2.51,31.32946689,68.67,31.32946689,0.25,,0,,0.25,,0.33,0.5,Push
Underdog,MLB,,Willson Contreras,1B,,Home Runs,0.5,,,7/30/2026,Thu 09:40pm,pre_game,MLB,standard,https://assets.underdogfantasy.com/player-images/mlb/20260323_23-9d93f121-f032-407d-bb30-ad3593641db9.png,,0.5,23.81,76.19,-1.34,76.19,Under,https://www.freeiconspng.com/img/1934,2026-07-31T01:41:00Z,No,1.50,10,Red Sox @ Athletics,2026-07-31T01:40:00Z,Thu 09:40pm,Sutter Health Park,outdoor,NBCS-CA,-320.00,-320,7/30/2026,0.2381,,,,No,ATH,7.76,3.56,30.860916,69.14,30.860916,0.24,,0,,0.24,,0.33,0.5,Push
Underdog,MLB,,George Springer,DH,,Home Runs,0.5,,,7/31/2026,Fri 07:07pm,pre_game,MLB,standard,https://assets.underdogfantasy.com/player-images/mlb/20260401_18-7f92278a-91c4-4c25-9e75-eaff3aed89b3.png,,0.5,18.41,81.59,0.28,81.59,Under,https://www.freeiconspng.com/img/1934,,Yes,-1.40,7.6,Cardinals @ Blue Jays,2026-07-31T23:07:00Z,Fri 07:07pm,Rogers Centre,retractable,,-443.00,-443,7/31/2026,0.1841,,,,No,,,3.5,28.96873118,71.03,28.96873118,0.18,,0,,0.18,,0.29,0.5,Push
Underdog,MLB,,Willson Contreras,1B,,Total Bases,1.5,,,7/30/2026,Thu 09:40pm,pre_game,MLB,standard,https://assets.underdogfantasy.com/player-images/mlb/20260323_23-9d93f121-f032-407d-bb30-ad3593641db9.png,,1.5,49.57,50.43,-4.52,50.43,Under,https://www.freeiconspng.com/img/1934,2026-07-31T01:41:00Z,No,1.50,10,Red Sox @ Athletics,2026-07-31T01:40:00Z,Thu 09:40pm,Sutter Health Park,outdoor,NBCS-CA,-102.00,-102,7/30/2026,1.4871,,,,No,ATH,7.76,3.56,26.18683118,73.81,26.18683118,1.49,,0,,1.49,,1.16,0.5,Push
Underdog,MLB,,Max Muncy,3B,,Total Bases,1.5,,,7/30/2026,Thu 10:10pm,pre_game,MLB,standard,https://assets.underdogfantasy.com/player-images/mlb/20260325_03-d692c6b5-5895-4b72-8a46-d9b9594defb6.png,,1.5,42.26,57.74,,57.81,Over,https://www.freeiconspng.com/img/1934,2026-07-31T02:11:00Z,Yes,-1.50,8.7,Mariners @ Dodgers,2026-07-31T02:10:00Z,Thu 10:10pm,UNIQLO Field at Dodger Stadium,outdoor,MLB Network,-137.00,-137,7/30/2026,1.2678,,,,No,SEA,6.28,2.51,22.16320349,77.84,22.16320349,1.27,,0,,1.27,,1.01,0.5,Push
Underdog,MLB,,George Springer,DH,,Total Bases,1.5,,,7/31/2026,Fri 07:07pm,pre_game,MLB,standard,https://assets.underdogfantasy.com/player-images/mlb/20260401_18-7f92278a-91c4-4c25-9e75-eaff3aed89b3.png,,1.5,42.09,57.91,0.1,57.91,Under,https://www.freeiconspng.com/img/1934,,Yes,-1.40,7.6,Cardinals @ Blue Jays,2026-07-31T23:07:00Z,Fri 07:07pm,Rogers Centre,retractable,,-138.00,-138,7/31/2026,1.2627,,,,No,,,3.5,22.07009333,77.93,22.07009333,1.26,,0,,1.26,,1.01,0.5,Push
Underdog,MLB,,Max Muncy,3B,,Hitter Fantasy Score,6.5,,,7/30/2026,Thu 10:10pm,pre_game,MLB,standard,https://assets.underdogfantasy.com/player-images/mlb/20260325_03-d692c6b5-5895-4b72-8a46-d9b9594defb6.png,,,,,,,,,,,,,Mariners @ Dodgers,2026-07-31T02:10:00Z,Thu 10:10pm,UNIQLO Field at Dodger Stadium,outdoor,MLB Network,,,,6.28,,,,No,SEA,6.28,2.51,49.15384615,50.85,50.84615385,6.28,,0,,5.52,,4.77,2.5,Push
Underdog,MLB,,Willson Contreras,1B,,Hitter Fantasy Score,8.5,,,7/30/2026,Thu 09:40pm,pre_game,MLB,standard,https://assets.underdogfantasy.com/player-images/mlb/20260323_23-9d93f121-f032-407d-bb30-ad3593641db9.png,,,,,,,,,,,,,Red Sox @ Athletics,2026-07-31T01:40:00Z,Thu 09:40pm,Sutter Health Park,outdoor,NBCS-CA,,,,7.76,,,,No,ATH,7.76,3.56,47.82352941,52.18,52.17647059,7.76,,0,,10.29,,6.85,2.5,Great Bet
Underdog,MLB,,Max Muncy,3B,,Hits,0.5,,,7/30/2026,Thu 10:10pm,pre_game,MLB,standard,https://assets.underdogfantasy.com/player-images/mlb/20260325_03-d692c6b5-5895-4b72-8a46-d9b9594defb6.png,,0.5,60.66,39.34,-2.98,60.66,Over,https://www.freeiconspng.com/img/1934,2026-07-31T02:11:00Z,Yes,-1.50,8.7,Mariners @ Dodgers,2026-07-31T02:10:00Z,Thu 10:10pm,UNIQLO Field at Dodger Stadium,outdoor,MLB Network,-154.00,-154,7/30/2026,0.6066,,,,No,SEA,6.28,2.51,42.4950986,57.50,42.4950986,0.61,,0,,0.61,,0.57,0.5,Good Bet
Underdog,MLB,,George Springer,DH,,Hits,0.5,,,7/31/2026,Fri 07:07pm,pre_game,MLB,standard,https://assets.underdogfantasy.com/player-images/mlb/20260401_18-7f92278a-91c4-4c25-9e75-eaff3aed89b3.png,,0.5,67.74,32.26,0.21,67.74,Over,https://www.freeiconspng.com/img/1934,,Yes,-1.40,7.6,Cardinals @ Blue Jays,2026-07-31T23:07:00Z,Fri 07:07pm,Rogers Centre,retractable,,-210.00,-210,7/31/2026,0.6774,,,,No,,,3.5,44.49516212,55.50,44.49516212,0.68,,0,,0.68,,0.62,0.5,Good Bet
Underdog,MLB,,Willson Contreras,1B,,Hits,0.5,,,7/30/2026,Thu 09:40pm,pre_game,MLB,standard,https://assets.underdogfantasy.com/player-images/mlb/20260323_23-9d93f121-f032-407d-bb30-ad3593641db9.png,,1.5,33.55,66.45,-4.98,66.45,Under,https://www.freeiconspng.com/img/1934,2026-07-31T01:41:00Z,No,1.50,10,Red Sox @ Athletics,2026-07-31T01:40:00Z,Thu 09:40pm,Sutter Health Park,outdoor,NBCS-CA,-198.00,-198,7/30/2026,1.0065,,,,No,ATH,7.76,3.56,52.91661466,47.08,52.91661466,1.01,,0,,1.01,,0.84,0.5,Great Bet
Underdog,MLB,,Willson Contreras,1B,,Runs,0.5,,,7/30/2026,Thu 09:40pm,pre_game,MLB,standard,https://assets.underdogfantasy.com/player-images/mlb/20260323_23-9d93f121-f032-407d-bb30-ad3593641db9.png,,0.5,55.12,44.88,-2.33,55.12,Over,https://www.freeiconspng.com/img/1934,2026-07-31T01:41:00Z,No,1.50,10,Red Sox @ Athletics,2026-07-31T01:40:00Z,Thu 09:40pm,Sutter Health Park,outdoor,NBCS-CA,-123.00,-123,7/30/2026,0.5512,,,,No,ATH,7.76,3.56,40.87994624,59.12,40.87994624,0.55,,0,,0.55,,0.53,0.5,Good Bet
Underdog,MLB,,Max Muncy,3B,,Runs,0.5,,,7/30/2026,Thu 10:10pm,pre_game,MLB,standard,https://assets.underdogfantasy.com/player-images/mlb/20260325_03-d692c6b5-5895-4b72-8a46-d9b9594defb6.png,,0.5,48.46,51.54,-6.27,51.54,Under,https://www.freeiconspng.com/img/1934,2026-07-31T02:11:00Z,Yes,-1.50,8.7,Mariners @ Dodgers,2026-07-31T02:10:00Z,Thu 10:10pm,UNIQLO Field at Dodger Stadium,outdoor,MLB Network,-106.00,-106,7/30/2026,0.4846,,,,No,SEA,6.28,2.51,38.87810274,61.12,38.87810274,0.48,,0,,0.48,,0.49,0.5,Push
Underdog,MLB,,George Springer,DH,,Runs,0.5,,,7/31/2026,Fri 07:07pm,pre_game,MLB,standard,https://assets.underdogfantasy.com/player-images/mlb/20260401_18-7f92278a-91c4-4c25-9e75-eaff3aed89b3.png,,0.5,48.69,51.31,-6.5,51.31,Under,https://www.freeiconspng.com/img/1934,,Yes,-1.40,7.6,Cardinals @ Blue Jays,2026-07-31T23:07:00Z,Fri 07:07pm,Rogers Centre,retractable,,-105.00,-105,7/31/2026,0.4869,,,,No,,,3.5,38.94835252,61.05,38.94835252,0.49,,0,,0.49,,0.49,0.5,Push
Underdog,MLB,,Max Muncy,3B,,RBIs,0.5,,,7/30/2026,Thu 10:10pm,pre_game,MLB,standard,https://assets.underdogfantasy.com/player-images/mlb/20260325_03-d692c6b5-5895-4b72-8a46-d9b9594defb6.png,,0.5,39.47,60.53,-6.68,60.53,Under,https://www.freeiconspng.com/img/1934,2026-07-31T02:11:00Z,Yes,-1.50,8.7,Mariners @ Dodgers,2026-07-31T02:10:00Z,Thu 10:10pm,UNIQLO Field at Dodger Stadium,outdoor,MLB Network,-153.00,-153,7/30/2026,0.3947,,,,No,SEA,6.28,2.51,36.06798929,63.93,36.06798929,0.39,,0,,0.39,,0.43,0.5,Push
Underdog,MLB,,Willson Contreras,1B,,RBIs,0.5,,,7/30/2026,Thu 09:40pm,pre_game,MLB,standard,https://assets.underdogfantasy.com/player-images/mlb/20260323_23-9d93f121-f032-407d-bb30-ad3593641db9.png,,0.5,44.77,55.23,-3.1,55.23,Under,https://www.freeiconspng.com/img/1934,2026-07-31T01:41:00Z,No,1.50,10,Red Sox @ Athletics,2026-07-31T01:40:00Z,Thu 09:40pm,Sutter Health Park,outdoor,NBCS-CA,-123.00,-123,7/30/2026,0.4477,,,,No,ATH,7.76,3.56,37.73993643,62.26,37.73993643,0.45,,0,,0.45,,0.47,0.5,Push
Underdog,MLB,,George Springer,DH,,RBIs,0.5,,,7/31/2026,Fri 07:07pm,pre_game,MLB,standard,https://assets.underdogfantasy.com/player-images/mlb/20260401_18-7f92278a-91c4-4c25-9e75-eaff3aed89b3.png,,,,,,,,,,,,,Cardinals @ Blue Jays,2026-07-31T23:07:00Z,Fri 07:07pm,Rogers Centre,retractable,,,,,,,,,No,,,3.5,,,,0.00,,0,,0,,0.5,0.5,Push
Underdog,MLB,,Max Muncy,3B,,Singles,0.5,,,7/30/2026,Thu 10:10pm,pre_game,MLB,standard,https://assets.underdogfantasy.com/player-images/mlb/20260325_03-d692c6b5-5895-4b72-8a46-d9b9594defb6.png,,0.5,38.83,61.17,-7.58,61.17,Under,https://www.freeiconspng.com/img/1934,2026-07-31T02:11:00Z,Yes,-1.50,8.7,Mariners @ Dodgers,2026-07-31T02:10:00Z,Thu 10:10pm,UNIQLO Field at Dodger Stadium,outdoor,MLB Network,-158.00,-158,7/30/2026,0.3883,,,,No,SEA,6.28,2.51,35.86307918,64.14,35.86307918,0.39,,0,,0.39,,0.43,0.5,Push
Underdog,MLB,,Willson Contreras,1B,,Singles,0.5,,,7/30/2026,Thu 09:40pm,pre_game,MLB,standard,https://assets.underdogfantasy.com/player-images/mlb/20260323_23-9d93f121-f032-407d-bb30-ad3593641db9.png,,0.5,48.49,51.51,-5.01,51.51,Under,https://www.freeiconspng.com/img/1934,2026-07-31T01:41:00Z,No,1.50,10,Red Sox @ Athletics,2026-07-31T01:40:00Z,Thu 09:40pm,Sutter Health Park,outdoor,NBCS-CA,-106.00,-106,7/30/2026,0.4849,,,,No,ATH,7.76,3.56,38.88727033,61.11,38.88727033,0.48,,0,,0.48,,0.49,0.5,Push
Underdog,MLB,,Max Muncy,3B,,Batter Strikeouts,0.5,,,7/30/2026,Thu 10:10pm,pre_game,MLB,standard,https://assets.underdogfantasy.com/player-images/mlb/20260325_03-d692c6b5-5895-4b72-8a46-d9b9594defb6.png,,0.5,63.71,36.29,-3.82,63.71,Over,https://www.freeiconspng.com/img/1934,2026-07-31T02:11:00Z,Yes,-1.50,8.7,Mariners @ Dodgers,2026-07-31T02:10:00Z,Thu 10:10pm,UNIQLO Field at Dodger Stadium,outdoor,MLB Network,-176.00,-176,7/30/2026,0.6371,,,,No,SEA,6.28,2.51,47.11762085,52.88,47.11762085,0.64,,0,,0.64,,0.64,0,Great Bet
Underdog,MLB,,Willson Contreras,1B,,Batter Strikeouts,1.5,,,7/30/2026,Thu 09:40pm,pre_game,MLB,standard,https://assets.underdogfantasy.com/player-images/mlb/20260323_23-9d93f121-f032-407d-bb30-ad3593641db9.png,,1.5,27.7,72.3,-4.71,72.3,Under,https://www.freeiconspng.com/img/1934,2026-07-31T01:41:00Z,No,1.50,10,Red Sox @ Athletics,2026-07-31T01:40:00Z,Thu 09:40pm,Sutter Health Park,outdoor,NBCS-CA,-261.00,-261,7/30/2026,0.831,,,,No,ATH,7.76,3.56,20.23917639,79.76,20.23917639,0.83,,0,,0.83,,0.83,0,Push
Underdog,MLB,,George Springer,DH,,Batter Walks,0.5,,,7/31/2026,Fri 07:07pm,pre_game,MLB,standard,https://assets.underdogfantasy.com/player-images/mlb/20260401_18-7f92278a-91c4-4c25-9e75-eaff3aed89b3.png,,0.5,34.51,65.49,-7.48,65.49,Under,https://www.freeiconspng.com/img/1934,,Yes,-1.40,7.6,Cardinals @ Blue Jays,2026-07-31T23:07:00Z,Fri 07:07pm,Rogers Centre,retractable,,-190.00,-190,7/31/2026,0.3451,,,,No,,,3.5,29.1850465,70.81,29.1850465,0.35,,0,,0.35,,0.35,0,Push
Underdog,MLB,,Willson Contreras,1B,,Batter Walks,0.5,,,7/30/2026,Thu 09:40pm,pre_game,MLB,standard,https://assets.underdogfantasy.com/player-images/mlb/20260323_23-9d93f121-f032-407d-bb30-ad3593641db9.png,,0.5,45.48,54.52,-6.26,54.52,Under,https://www.freeiconspng.com/img/1934,2026-07-31T01:41:00Z,No,1.50,10,Red Sox @ Athletics,2026-07-31T01:40:00Z,Thu 09:40pm,Sutter Health Park,outdoor,NBCS-CA,-120.00,-120,7/30/2026,0.4548,,,,No,ATH,7.76,3.56,36.54251298,63.46,36.54251298,0.45,,0,,0.45,,0.45,0,Push
Underdog,MLB,,Max Muncy,3B,,Batter Walks,0.5,,,7/30/2026,Thu 10:10pm,pre_game,MLB,standard,https://assets.underdogfantasy.com/player-images/mlb/20260325_03-d692c6b5-5895-4b72-8a46-d9b9594defb6.png,,0.5,39.46,60.54,-7.2,60.54,Under,https://www.freeiconspng.com/img/1934,2026-07-31T02:11:00Z,Yes,-1.50,8.7,Mariners @ Dodgers,2026-07-31T02:10:00Z,Thu 10:10pm,UNIQLO Field at Dodger Stadium,outdoor,MLB Network,-153.00,-153,7/30/2026,0.3946,,,,No,SEA,6.28,2.51,32.60504348,67.39,32.60504348,0.39,,0,,0.39,,0.39,0,Push
Underdog,MLB,,George Springer,DH,,Stolen Bases,0.5,,,7/31/2026,Fri 07:07pm,pre_game,MLB,standard,https://assets.underdogfantasy.com/player-images/mlb/20260401_18-7f92278a-91c4-4c25-9e75-eaff3aed89b3.png,,0.5,8.65,91.35,0.44,91.35,Under,https://www.freeiconspng.com/img/1934,,Yes,-1.40,7.6,Cardinals @ Blue Jays,2026-07-31T23:07:00Z,Fri 07:07pm,Rogers Centre,retractable,,"-1,056.00",-1056,7/31/2026,0.0865,,,,No,,,3.5,25.41643415,74.58,25.41643415,0.09,,0,,0.09,,0.22,0.5,Push
Underdog,MLB,,Max Muncy,3B,,Doubles,0.5,,,7/30/2026,Thu 10:10pm,pre_game,MLB,standard,https://assets.underdogfantasy.com/player-images/mlb/20260325_03-d692c6b5-5895-4b72-8a46-d9b9594defb6.png,,0.5,17.24,82.76,-5.34,82.76,Under,https://www.freeiconspng.com/img/1934,2026-07-31T02:11:00Z,Yes,-1.50,8.7,Mariners @ Dodgers,2026-07-31T02:10:00Z,Thu 10:10pm,UNIQLO Field at Dodger Stadium,outdoor,MLB Network,-480.00,-480,7/30/2026,0.1724,,,,No,SEA,6.28,2.51,28.55198045,71.45,28.55198045,0.17,,0,,0.17,,0.28,0.5,Push
Underdog,MLB,,Willson Contreras,1B,,Doubles,0.5,,,7/30/2026,Thu 09:40pm,pre_game,MLB,standard,https://assets.underdogfantasy.com/player-images/mlb/20260323_23-9d93f121-f032-407d-bb30-ad3593641db9.png,,0.5,23.08,76.92,-6.41,76.92,Under,https://www.freeiconspng.com/img/1934,2026-07-31T01:41:00Z,No,1.50,10,Red Sox @ Athletics,2026-07-31T01:40:00Z,Thu 09:40pm,Sutter Health Park,outdoor,NBCS-CA,-333.00,-333,7/30/2026,0.2308,,,,No,ATH,7.76,3.56,30.60809723,69.39,30.60809723,0.23,,0,,0.23,,0.32,0.5,Push
Underdog,MLB,,Tomoyuki Sugano,SP,,Strikeouts,3.5,,,7/31/2026,Fri 08:40pm,pre_game,MLB,standard,https://assets.underdogfantasy.com/player-images/mlb/20260330_04-b34ad145-1a14-4fd6-9dc4-27483ad14418.png,,,,,,,,,,,,,Royals @ Rockies,2026-08-01T00:40:00Z,Fri 08:40pm,Coors Field,outdoor,,,,,,,,,No,,,5,,,,0.00,,0,,0,,0,0,Push
Underdog,MLB,,Michael Wacha,SP,,Strikeouts,4.5,,,7/31/2026,Fri 08:40pm,pre_game,MLB,standard,https://assets.underdogfantasy.com/player-images/mlb/20260323_23-db6ced3d-7838-4a7c-92a5-50d0b63dac3b.png,,,,,,,,,,,,,Royals @ Rockies,2026-08-01T00:40:00Z,Fri 08:40pm,Coors Field,outdoor,,,,,,,,,No,,,5,,,,0.00,,0,,0,,0,0,Push
Underdog,MLB,,Salvador Perez,DH,,Hits + Runs + RBIs,2.5,,,7/31/2026,Fri 08:40pm,pre_game,MLB,standard,https://assets.underdogfantasy.com/player-images/mlb/20260330_04-9baf07d4-b1cb-4494-8c95-600d9e8de1a9.png,,2.5,45.43,54.57,0.23,54.57,Under,https://www.freeiconspng.com/img/1934,,No,1.40,10.9,Royals @ Rockies,2026-08-01T00:40:00Z,Fri 08:40pm,Coors Field,outdoor,,-120.00,-120,7/31/2026,2.2715,,,,No,,,3.5,39.63897371,60.36,39.63897371,2.27,,0,,2.27,,2.27,0,Push
Underdog,MLB,,Bryce Eldridge,DH,,Hits + Runs + RBIs,1.5,,,7/30/2026,Thu 09:40pm,pre_game,MLB,standard,https://assets.underdogfantasy.com/player-images/mlb/20260505_16-60f671cb-74c0-4c99-ab48-df42d9b35510.png,,1.5,45.16,54.84,-0.72,54.84,Under,https://www.freeiconspng.com/img/1934,2026-07-31T01:41:00Z,Yes,-1.50,8.3,Giants @ Padres,2026-07-31T01:40:00Z,Thu 09:40pm,Petco Park,outdoor,,-121.00,-121,7/30/2026,1.3548,,,,No,SD,5.49,2.48,39.2464216,60.75,39.2464216,1.35,,0,,1.35,,1.35,0,Push
Underdog,MLB,,Salvador Perez,DH,,Home Runs,0.5,,,7/31/2026,Fri 08:40pm,pre_game,MLB,standard,https://assets.underdogfantasy.com/player-images/mlb/20260330_04-9baf07d4-b1cb-4494-8c95-600d9e8de1a9.png,,0.5,21.77,78.23,0.11,78.23,Under,https://www.freeiconspng.com/img/1934,,No,1.40,10.9,Royals @ Rockies,2026-08-01T00:40:00Z,Fri 08:40pm,Coors Field,outdoor,,-359.00,-359,7/31/2026,0.2177,,,,No,,,3.5,30.15208846,69.85,30.15208846,0.22,,0,,0.22,,0.31,0.5,Push
Underdog,MLB,,Bryce Eldridge,DH,,Home Runs,0.5,,,7/30/2026,Thu 09:40pm,pre_game,MLB,standard,https://assets.underdogfantasy.com/player-images/mlb/20260505_16-60f671cb-74c0-4c99-ab48-df42d9b35510.png,,0.5,16.16,83.84,-0.19,83.84,Under,https://www.freeiconspng.com/img/1934,2026-07-31T01:41:00Z,Yes,-1.50,8.3,Giants @ Padres,2026-07-31T01:40:00Z,Thu 09:40pm,Petco Park,outdoor,,-519.00,-519,7/30/2026,0.1616,,,,No,SD,5.49,2.48,28.16511756,71.83,28.16511756,0.16,,0,,0.16,,0.27,0.5,Push
Underdog,MLB,,Salvador Perez,DH,,Total Bases,1.5,,,7/31/2026,Fri 08:40pm,pre_game,MLB,standard,https://assets.underdogfantasy.com/player-images/mlb/20260330_04-9baf07d4-b1cb-4494-8c95-600d9e8de1a9.png,,1.5,50.49,49.51,-8.3,50.49,Over,https://www.freeiconspng.com/img/1934,,No,1.40,10.9,Royals @ Rockies,2026-08-01T00:40:00Z,Fri 08:40pm,Coors Field,outdoor,,-102.00,-102,7/31/2026,1.5147,,,,No,,,3.5,26.69450073,73.31,26.69450073,1.51,,0,,1.51,,1.18,0.5,Good Bet
Underdog,MLB,,Bryce Eldridge,DH,,Hitter Fantasy Score,6.5,,,7/30/2026,Thu 09:40pm,pre_game,MLB,standard,https://assets.underdogfantasy.com/player-images/mlb/20260505_16-60f671cb-74c0-4c99-ab48-df42d9b35510.png,,,,,,,,,,,,,Giants @ Padres,2026-07-31T01:40:00Z,Thu 09:40pm,Petco Park,outdoor,,,,,5.49,,,,No,SD,5.49,2.48,46.11538462,53.88,53.88461538,5.49,,0,,5.93,,4.64,2.5,Push
Underdog,MLB,,Tomoyuki Sugano,SP,,Pitching Outs,15.5,,,7/31/2026,Fri 08:40pm,pre_game,MLB,standard,https://assets.underdogfantasy.com/player-images/mlb/20260330_04-b34ad145-1a14-4fd6-9dc4-27483ad14418.png,,,,,,,,,,,,,Royals @ Rockies,2026-08-01T00:40:00Z,Fri 08:40pm,Coors Field,outdoor,,,,,,,,,No,,,5,,,,0.00,,0,,0,,0,0,Push
Underdog,MLB,,Michael Wacha,SP,,Pitching Outs,17.5,,,7/31/2026,Fri 08:40pm,pre_game,MLB,standard,https://assets.underdogfantasy.com/player-images/mlb/20260323_23-db6ced3d-7838-4a7c-92a5-50d0b63dac3b.png,,,,,,,,,,,,,Royals @ Rockies,2026-08-01T00:40:00Z,Fri 08:40pm,Coors Field,outdoor,,,,,,,,,No,,,5,,,,0.00,,0,,0,,0,0,Push
Underdog,MLB,,Tomoyuki Sugano,SP,,Hits Allowed,6.5,,,7/31/2026,Fri 08:40pm,pre_game,MLB,standard,https://assets.underdogfantasy.com/player-images/mlb/20260330_04-b34ad145-1a14-4fd6-9dc4-27483ad14418.png,,,,,,,,,,,,,Royals @ Rockies,2026-08-01T00:40:00Z,Fri 08:40pm,Coors Field,outdoor,,,,,,,,,No,,,5,,,,0.00,,0,,0,,6.5,6.5,Push
Underdog,MLB,,Michael Wacha,SP,,Hits Allowed,6.5,,,7/31/2026,Fri 08:40pm,pre_game,MLB,standard,https://assets.underdogfantasy.com/player-images/mlb/20260323_23-db6ced3d-7838-4a7c-92a5-50d0b63dac3b.png,,,,,,,,,,,,,Royals @ Rockies,2026-08-01T00:40:00Z,Fri 08:40pm,Coors Field,outdoor,,,,,,,,,No,,,5,,,,0.00,,0,,0,,6.5,6.5,Push
Underdog,MLB,,Tomoyuki Sugano,SP,,Earned Runs Allowed,3.5,,,7/31/2026,Fri 08:40pm,pre_game,MLB,standard,https://assets.underdogfantasy.com/player-images/mlb/20260330_04-b34ad145-1a14-4fd6-9dc4-27483ad14418.png,,,,,,,,,,,,,Royals @ Rockies,2026-08-01T00:40:00Z,Fri 08:40pm,Coors Field,outdoor,,,,,,,,,No,,,5,,,,0.00,,0,,0,,3.5,3.5,Push
Underdog,MLB,,Michael Wacha,SP,,Earned Runs Allowed,3.5,,,7/31/2026,Fri 08:40pm,pre_game,MLB,standard,https://assets.underdogfantasy.com/player-images/mlb/20260323_23-db6ced3d-7838-4a7c-92a5-50d0b63dac3b.png,,,,,,,,,,,,,Royals @ Rockies,2026-08-01T00:40:00Z,Fri 08:40pm,Coors Field,outdoor,,,,,,,,,No,,,5,,,,0.00,,0,,0,,3.5,3.5,Push
Underdog,MLB,,Michael Wacha,SP,,Walks Allowed,1.5,,,7/31/2026,Fri 08:40pm,pre_game,MLB,standard,https://assets.underdogfantasy.com/player-images/mlb/20260323_23-db6ced3d-7838-4a7c-92a5-50d0b63dac3b.png,,,,,,,,,,,,,Royals @ Rockies,2026-08-01T00:40:00Z,Fri 08:40pm,Coors Field,outdoor,,,,,,,,,No,,,5,,,,0.00,,0,,0,,0.5,0.5,Push
Underdog,MLB,,Tomoyuki Sugano,SP,,Walks Allowed,1.5,,,7/31/2026,Fri 08:40pm,pre_game,MLB,standard,https://assets.underdogfantasy.com/player-images/mlb/20260330_04-b34ad145-1a14-4fd6-9dc4-27483ad14418.png,,,,,,,,,,,,,Royals @ Rockies,2026-08-01T00:40:00Z,Fri 08:40pm,Coors Field,outdoor,,,,,,,,,No,,,5,,,,0.00,,0,,0,,0.5,0.5,Push
Underdog,MLB,,Bryce Eldridge,DH,,Hits,0.5,,,7/30/2026,Thu 09:40pm,pre_game,MLB,standard,https://assets.underdogfantasy.com/player-images/mlb/20260505_16-60f671cb-74c0-4c99-ab48-df42d9b35510.png,,0.5,59.58,40.42,-4.06,59.58,Over,https://www.freeiconspng.com/img/1934,2026-07-31T01:41:00Z,Yes,-1.50,8.3,Giants @ Padres,2026-07-31T01:40:00Z,Thu 09:40pm,Petco Park,outdoor,,-147.00,-147,7/30/2026,0.5958,,,,No,SD,5.49,2.48,42.1837322,57.82,42.1837322,0.60,,0,,0.6,,0.56,0.5,Good Bet
Underdog,MLB,,Salvador Perez,DH,,Hits,1.5,,,7/31/2026,Fri 08:40pm,pre_game,MLB,standard,https://assets.underdogfantasy.com/player-images/mlb/20260330_04-9baf07d4-b1cb-4494-8c95-600d9e8de1a9.png,,1.5,36.51,63.49,0.25,63.49,Under,https://www.freeiconspng.com/img/1934,,No,1.40,10.9,Royals @ Rockies,2026-08-01T00:40:00Z,Fri 08:40pm,Coors Field,outdoor,,-174.00,-174,7/31/2026,1.0953,,,,No,,,3.5,19.03633754,80.96,19.03633754,1.10,,0,,1.1,,0.9,0.5,Push
Underdog,MLB,,Salvador Perez,DH,,Runs,0.5,,,7/31/2026,Fri 08:40pm,pre_game,MLB,standard,https://assets.underdogfantasy.com/player-images/mlb/20260330_04-9baf07d4-b1cb-4494-8c95-600d9e8de1a9.png,,0.5,49.96,50.04,-7.77,50.04,Under,https://www.freeiconspng.com/img/1934,,No,1.40,10.9,Royals @ Rockies,2026-08-01T00:40:00Z,Fri 08:40pm,Coors Field,outdoor,,-100.00,-100,7/31/2026,0.4996,,,,No,,,3.5,39.3348022,60.67,39.3348022,0.50,,0,,0.5,,0.5,0.5,Push
Underdog,MLB,,Bryce Eldridge,DH,,Runs,0.5,,,7/30/2026,Thu 09:40pm,pre_game,MLB,standard,https://assets.underdogfantasy.com/player-images/mlb/20260505_16-60f671cb-74c0-4c99-ab48-df42d9b35510.png,,0.5,40.47,59.53,-2.73,59.53,Under,https://www.freeiconspng.com/img/1934,2026-07-31T01:41:00Z,Yes,-1.50,8.3,Giants @ Padres,2026-07-31T01:40:00Z,Thu 09:40pm,Petco Park,outdoor,,-147.00,-147,7/30/2026,0.4047,,,,No,SD,5.49,2.48,36.38685153,63.61,36.38685153,0.40,,0,,0.4,,0.44,0.5,Push
Underdog,MLB,,Bryce Eldridge,DH,,RBIs,0.5,,,7/30/2026,Thu 09:40pm,pre_game,MLB,standard,https://assets.underdogfantasy.com/player-images/mlb/20260505_16-60f671cb-74c0-4c99-ab48-df42d9b35510.png,,0.5,31.24,68.76,-2.67,68.76,Under,https://www.freeiconspng.com/img/1934,2026-07-31T01:41:00Z,Yes,-1.50,8.3,Giants @ Padres,2026-07-31T01:40:00Z,Thu 09:40pm,Petco Park,outdoor,,-220.00,-220,7/30/2026,0.3124,,,,No,SD,5.49,2.48,33.38230813,66.62,33.38230813,0.31,,0,,0.31,,0.37,0.5,Push
Underdog,MLB,,Salvador Perez,DH,,RBIs,0.5,,,7/31/2026,Fri 08:40pm,pre_game,MLB,standard,https://assets.underdogfantasy.com/player-images/mlb/20260330_04-9baf07d4-b1cb-4494-8c95-600d9e8de1a9.png,,,,,,,,,,,,,Royals @ Rockies,2026-08-01T00:40:00Z,Fri 08:40pm,Coors Field,outdoor,,,,,,,,,No,,,3.5,,,,0.00,,0,,0,,0.5,0.5,Push
Underdog,MLB,,Bryce Eldridge,DH,,Batter Walks,0.5,,,7/30/2026,Thu 09:40pm,pre_game,MLB,standard,https://assets.underdogfantasy.com/player-images/mlb/20260505_16-60f671cb-74c0-4c99-ab48-df42d9b35510.png,,0.5,38.85,61.15,-4.95,61.15,Under,https://www.freeiconspng.com/img/1934,2026-07-31T01:41:00Z,Yes,-1.50,8.3,Giants @ Padres,2026-07-31T01:40:00Z,Thu 09:40pm,Petco Park,outdoor,,-157.00,-157,7/30/2026,0.3885,,,,No,SD,5.49,2.48,32.19267781,67.81,32.19267781,0.39,,0,,0.39,,0.39,0,Push
Underdog,MLB,,Tommy Edman,LF,,Hits + Runs + RBIs,1.5,,,7/30/2026,Thu 10:10pm,pre_game,MLB,standard,https://assets.underdogfantasy.com/player-images/mlb/20260622_15-579f1de8-e1d6-4c33-8897-7b26a9a47a39.png,,1.5,51.46,48.54,-9.27,51.46,Over,https://www.freeiconspng.com/img/1934,2026-07-31T02:11:00Z,Yes,-1.50,8.7,Mariners @ Dodgers,2026-07-31T02:10:00Z,Thu 10:10pm,UNIQLO Field at Dodger Stadium,outdoor,MLB Network,-106.00,-106,7/30/2026,1.5438,,,,No,SEA,5.7,2.21,45.67257239,54.33,45.67257239,1.54,,0,,1.54,,1.54,0,Great Bet
Underdog,MLB,,Tommy Edman,LF,,Home Runs,0.5,,,7/30/2026,Thu 10:10pm,pre_game,MLB,standard,https://assets.underdogfantasy.com/player-images/mlb/20260622_15-579f1de8-e1d6-4c33-8897-7b26a9a47a39.png,,0.5,13.79,86.21,-1.5,86.21,Under,https://www.freeiconspng.com/img/1934,2026-07-31T02:11:00Z,Yes,-1.50,8.7,Mariners @ Dodgers,2026-07-31T02:10:00Z,Thu 10:10pm,UNIQLO Field at Dodger Stadium,outdoor,MLB Network,-625.00,-625,7/30/2026,0.1379,,,,No,SEA,5.7,2.21,27.3088106,72.69,27.3088106,0.14,,0,,0.14,,0.26,0.5,Push
Underdog,MLB,,Tommy Edman,LF,,Total Bases,1.5,,,7/30/2026,Thu 10:10pm,pre_game,MLB,standard,https://assets.underdogfantasy.com/player-images/mlb/20260622_15-579f1de8-e1d6-4c33-8897-7b26a9a47a39.png,,1.5,41.24,58.76,1.86,58.76,Under,https://www.freeiconspng.com/img/1934,2026-07-31T02:11:00Z,Yes,-1.50,8.7,Mariners @ Dodgers,2026-07-31T02:10:00Z,Thu 10:10pm,UNIQLO Field at Dodger Stadium,outdoor,MLB Network,-142.00,-142,7/30/2026,1.2372,,,,No,SEA,5.7,2.21,21.60503735,78.39,21.60503735,1.24,,0,,1.24,,0.99,0.5,Push
Underdog,MLB,,Tommy Edman,LF,,Hitter Fantasy Score,5.5,,,7/30/2026,Thu 10:10pm,pre_game,MLB,standard,https://assets.underdogfantasy.com/player-images/mlb/20260622_15-579f1de8-e1d6-4c33-8897-7b26a9a47a39.png,,,,,,,,,,,,,Mariners @ Dodgers,2026-07-31T02:10:00Z,Thu 10:10pm,UNIQLO Field at Dodger Stadium,outdoor,MLB Network,,,,5.7,,,,No,SEA,5.7,2.21,63.01733365,36.98,36.98266635,5.70,,0,,5.92,,4.71,2.5,Great Bet
Underdog,MLB,,Tommy Edman,LF,,Hits,0.5,,,7/30/2026,Thu 10:10pm,pre_game,MLB,standard,https://assets.underdogfantasy.com/player-images/mlb/20260622_15-579f1de8-e1d6-4c33-8897-7b26a9a47a39.png,,0.5,65.95,34.05,-3.47,65.95,Over,https://www.freeiconspng.com/img/1934,2026-07-31T02:11:00Z,Yes,-1.50,8.7,Mariners @ Dodgers,2026-07-31T02:10:00Z,Thu 10:10pm,UNIQLO Field at Dodger Stadium,outdoor,MLB Network,-194.00,-194,7/30/2026,0.6595,,,,No,SEA,5.7,2.21,43.99616413,56.00,43.99616413,0.66,,0,,0.66,,0.61,0.5,Good Bet
Underdog,MLB,,Tommy Edman,LF,,Runs,0.5,,,7/30/2026,Thu 10:10pm,pre_game,MLB,standard,https://assets.underdogfantasy.com/player-images/mlb/20260622_15-579f1de8-e1d6-4c33-8897-7b26a9a47a39.png,,0.5,45.51,54.49,,57.81,Over,https://www.freeiconspng.com/img/1934,2026-07-31T02:11:00Z,Yes,-1.50,8.7,Mariners @ Dodgers,2026-07-31T02:10:00Z,Thu 10:10pm,UNIQLO Field at Dodger Stadium,outdoor,MLB Network,-137.00,-137,7/30/2026,0.4551,,,,No,SEA,5.7,2.21,37.96987302,62.03,37.96987302,0.46,,0,,0.46,,0.47,0.5,Push
Underdog,MLB,,Tommy Edman,LF,,RBIs,0.5,,,7/30/2026,Thu 10:10pm,pre_game,MLB,standard,https://assets.underdogfantasy.com/player-images/mlb/20260622_15-579f1de8-e1d6-4c33-8897-7b26a9a47a39.png,,0.5,28.81,71.19,-6.34,71.19,Under,https://www.freeiconspng.com/img/1934,2026-07-31T02:11:00Z,Yes,-1.50,8.7,Mariners @ Dodgers,2026-07-31T02:10:00Z,Thu 10:10pm,UNIQLO Field at Dodger Stadium,outdoor,MLB Network,-247.00,-247,7/30/2026,0.2881,,,,No,SEA,5.7,2.21,32.56796606,67.43,32.56796606,0.29,,0,,0.29,,0.36,0.5,Push
Underdog,MLB,,Tommy Edman,LF,,Singles,0.5,,,7/30/2026,Thu 10:10pm,pre_game,MLB,standard,https://assets.underdogfantasy.com/player-images/mlb/20260622_15-579f1de8-e1d6-4c33-8897-7b26a9a47a39.png,,0.5,51.62,48.38,,57.81,Under,https://www.freeiconspng.com/img/1934,2026-07-31T02:11:00Z,Yes,-1.50,8.7,Mariners @ Dodgers,2026-07-31T02:10:00Z,Thu 10:10pm,UNIQLO Field at Dodger Stadium,outdoor,MLB Network,-137.00,-137,7/30/2026,0.5162,,,,No,SEA,5.7,2.21,39.8362395,60.16,39.8362395,0.52,,0,,0.52,,0.51,0.5,Good Bet
Underdog,MLB,,Tommy Edman,LF,,Batter Strikeouts,0.5,,,7/30/2026,Thu 10:10pm,pre_game,MLB,standard,https://assets.underdogfantasy.com/player-images/mlb/20260622_15-579f1de8-e1d6-4c33-8897-7b26a9a47a39.png,,0.5,55.46,44.54,-3.56,55.46,Over,https://www.freeiconspng.com/img/1934,2026-07-31T02:11:00Z,Yes,-1.50,8.7,Mariners @ Dodgers,2026-07-31T02:10:00Z,Thu 10:10pm,UNIQLO Field at Dodger Stadium,outdoor,MLB Network,-125.00,-125,7/30/2026,0.5546,,,,No,SEA,5.7,2.21,42.5698064,57.43,42.5698064,0.55,,0,,0.55,,0.55,0,Great Bet
Underdog,MLB,,Tommy Edman,LF,,Batter Walks,0.5,,,7/30/2026,Thu 10:10pm,pre_game,MLB,standard,https://assets.underdogfantasy.com/player-images/mlb/20260622_15-579f1de8-e1d6-4c33-8897-7b26a9a47a39.png,,0.5,26.6,73.4,-9.21,73.4,Under,https://www.freeiconspng.com/img/1934,2026-07-31T02:11:00Z,Yes,-1.50,8.7,Mariners @ Dodgers,2026-07-31T02:10:00Z,Thu 10:10pm,UNIQLO Field at Dodger Stadium,outdoor,MLB Network,-276.00,-276,7/30/2026,0.266,,,,No,SEA,5.7,2.21,23.35608725,76.64,23.35608725,0.27,,0,,0.27,,0.27,0,Push
Underdog,MLB,,Tommy Edman,LF,,Stolen Bases,0.5,,,7/30/2026,Thu 10:10pm,pre_game,MLB,standard,https://assets.underdogfantasy.com/player-images/mlb/20260622_15-579f1de8-e1d6-4c33-8897-7b26a9a47a39.png,,0.5,12.16,87.84,-3.07,87.84,Under,https://www.freeiconspng.com/img/1934,2026-07-31T02:11:00Z,Yes,-1.50,8.7,Mariners @ Dodgers,2026-07-31T02:10:00Z,Thu 10:10pm,UNIQLO Field at Dodger Stadium,outdoor,MLB Network,-722.00,-722,7/30/2026,0.1216,,,,No,SEA,5.7,2.21,26.71395667,73.29,26.71395667,0.12,,0,,0.12,,0.25,0.5,Push
Underdog,MLB,,Tommy Edman,LF,,Doubles,0.5,,,7/30/2026,Thu 10:10pm,pre_game,MLB,standard,https://assets.underdogfantasy.com/player-images/mlb/20260622_15-579f1de8-e1d6-4c33-8897-7b26a9a47a39.png,,0.5,20.46,79.54,-6.17,79.54,Under,https://www.freeiconspng.com/img/1934,2026-07-31T02:11:00Z,Yes,-1.50,8.7,Mariners @ Dodgers,2026-07-31T02:10:00Z,Thu 10:10pm,UNIQLO Field at Dodger Stadium,outdoor,MLB Network,-389.00,-389,7/30/2026,0.2046,,,,No,SEA,5.7,2.21,29.69308304,70.31,29.69308304,0.20,,0,,0.2,,0.3,0.5,Push
Underdog,MLB,,Lars Nootbaar,LF,,Hits + Runs + RBIs,1.5,,,7/31/2026,Fri 07:07pm,pre_game,MLB,standard,https://assets.underdogfantasy.com/player-images/mlb/20260612_19-99518b96-7d38-4f19-8c49-cafbac98ea74.png,,0.5,60.52,39.48,-0.87,60.52,Over,https://www.freeiconspng.com/img/1934,,Yes,-1.40,7.6,Cardinals @ Blue Jays,2026-07-31T23:07:00Z,Fri 07:07pm,Rogers Centre,retractable,,-153.00,-153,7/31/2026,0.6052,,,,No,,,3.5,12.36166246,87.64,12.36166246,0.61,,0,,0.61,,0.61,0,Push
Underdog,MLB,,Jonathan Aranda,1B,,Hits + Runs + RBIs,1.5,,,7/31/2026,Fri 07:10pm,pre_game,MLB,standard,https://assets.underdogfantasy.com/player-images/mlb/20260323_23-ec551b49-c8ec-4333-8765-f277f8e3291a.png,,1.5,55.02,44.98,-0.54,55.02,Over,https://www.freeiconspng.com/img/1934,,Yes,-1.40,8.1,White Sox @ Rays,2026-07-31T23:10:00Z,Fri 07:10pm,Tropicana Field,indoor,,-122.00,-122,7/31/2026,1.6506,,,,No,,,3.5,49.12578491,50.87,49.12578491,1.65,,0,,1.65,,1.65,0,Great Bet
Underdog,MLB,,Hunter Goodman,C,,Hits + Runs + RBIs,2.5,,,7/31/2026,Fri 08:40pm,pre_game,MLB,standard,https://assets.underdogfantasy.com/player-images/mlb/20260323_23-cbc69b0e-4dd7-4c94-aa3d-9dfe9f3d0c07.png,,2.5,45.43,54.57,0.23,54.57,Under,https://www.freeiconspng.com/img/1934,,No,1.40,10.9,Royals @ Rockies,2026-08-01T00:40:00Z,Fri 08:40pm,Coors Field,outdoor,,-120.00,-120,7/31/2026,2.2715,,,,No,,,3.5,39.63897371,60.36,39.63897371,2.27,,0,,2.27,,2.27,0,Push
Underdog,MLB,,Lars Nootbaar,LF,,Home Runs,0.5,,,7/31/2026,Fri 07:07pm,pre_game,MLB,standard,https://assets.underdogfantasy.com/player-images/mlb/20260612_19-99518b96-7d38-4f19-8c49-cafbac98ea74.png,,0.5,9.64,90.36,0.27,90.36,Under,https://www.freeiconspng.com/img/1934,,Yes,-1.40,7.6,Cardinals @ Blue Jays,2026-07-31T23:07:00Z,Fri 07:07pm,Rogers Centre,retractable,,-937.00,-937,7/31/2026,0.0964,,,,No,,,3.5,25.78471057,74.22,25.78471057,0.10,,0,,0.1,,0.23,0.5,Push
Underdog,MLB,,Hunter Goodman,C,,Home Runs,0.5,,,7/31/2026,Fri 08:40pm,pre_game,MLB,standard,https://assets.underdogfantasy.com/player-images/mlb/20260323_23-cbc69b0e-4dd7-4c94-aa3d-9dfe9f3d0c07.png,,0.5,27.33,72.67,0.22,72.67,Under,https://www.freeiconspng.com/img/1934,,No,1.40,10.9,Royals @ Rockies,2026-08-01T00:40:00Z,Fri 08:40pm,Coors Field,outdoor,,-266.00,-266,7/31/2026,0.2733,,,,No,,,3.5,32.06711816,67.93,32.06711816,0.27,,0,,0.27,,0.35,0.5,Push
Underdog,MLB,,Jonathan Aranda,1B,,Home Runs,0.5,,,7/31/2026,Fri 07:10pm,pre_game,MLB,standard,https://assets.underdogfantasy.com/player-images/mlb/20260323_23-ec551b49-c8ec-4333-8765-f277f8e3291a.png,,0.5,13.98,86.02,0.55,86.02,Under,https://www.freeiconspng.com/img/1934,,Yes,-1.40,8.1,White Sox @ Rays,2026-07-31T23:10:00Z,Fri 07:10pm,Tropicana Field,indoor,,-615.00,-615,7/31/2026,0.1398,,,,No,,,3.5,27.37783444,72.62,27.37783444,0.14,,0,,0.14,,0.26,0.5,Push
Underdog,MLB,,Hunter Goodman,C,,Total Bases,1.5,,,7/31/2026,Fri 08:40pm,pre_game,MLB,standard,https://assets.underdogfantasy.com/player-images/mlb/20260323_23-cbc69b0e-4dd7-4c94-aa3d-9dfe9f3d0c07.png,,1.5,50.04,49.96,-7.85,50.04,Over,https://www.freeiconspng.com/img/1934,,No,1.40,10.9,Royals @ Rockies,2026-08-01T00:40:00Z,Fri 08:40pm,Coors Field,outdoor,,-100.00,-100,7/31/2026,1.5012,,,,No,,,3.5,26.44618453,73.55,26.44618453,1.50,,0,,1.5,,1.17,0.5,Good Bet
Underdog,MLB,,Jonathan Aranda,1B,,Total Bases,1.5,,,7/31/2026,Fri 07:10pm,pre_game,MLB,standard,https://assets.underdogfantasy.com/player-images/mlb/20260323_23-ec551b49-c8ec-4333-8765-f277f8e3291a.png,,1.5,43.37,56.63,0.11,56.63,Under,https://www.freeiconspng.com/img/1934,,Yes,-1.40,8.1,White Sox @ Rays,2026-07-31T23:10:00Z,Fri 07:10pm,Tropicana Field,indoor,,-131.00,-131,7/31/2026,1.3011,,,,No,,,3.5,22.77189046,77.23,22.77189046,1.30,,0,,1.3,,1.03,0.5,Push
Underdog,MLB,,Lars Nootbaar,LF,,Hits,0.5,,,7/31/2026,Fri 07:07pm,pre_game,MLB,standard,https://assets.underdogfantasy.com/player-images/mlb/20260612_19-99518b96-7d38-4f19-8c49-cafbac98ea74.png,,0.5,50,50,-7.81,50,Over,https://www.freeiconspng.com/img/1934,,Yes,-1.40,7.6,Cardinals @ Blue Jays,2026-07-31T23:07:00Z,Fri 07:07pm,Rogers Centre,retractable,,100.00,100,7/31/2026,0.5,,,,No,,,3.5,39.34693403,60.65,39.34693403,0.50,,0,,0.5,,0.5,0.5,Push
Underdog,MLB,,Jonathan Aranda,1B,,Hits,0.5,,,7/31/2026,Fri 07:10pm,pre_game,MLB,standard,https://assets.underdogfantasy.com/player-images/mlb/20260323_23-ec551b49-c8ec-4333-8765-f277f8e3291a.png,,0.5,70.1,29.9,0.13,70.1,Over,https://www.freeiconspng.com/img/1934,,Yes,-1.40,8.1,White Sox @ Rays,2026-07-31T23:10:00Z,Fri 07:10pm,Tropicana Field,indoor,,-234.00,-234,7/31/2026,0.701,,,,No,,,3.5,45.14627011,54.85,45.14627011,0.70,,0,,0.7,,0.63,0.5,Good Bet
Underdog,MLB,,Hunter Goodman,C,,Hits,0.5,,,7/31/2026,Fri 08:40pm,pre_game,MLB,standard,https://assets.underdogfantasy.com/player-images/mlb/20260323_23-cbc69b0e-4dd7-4c94-aa3d-9dfe9f3d0c07.png,,0.5,69.68,30.32,0.26,69.68,Over,https://www.freeiconspng.com/img/1934,,No,1.40,10.9,Royals @ Rockies,2026-08-01T00:40:00Z,Fri 08:40pm,Coors Field,outdoor,,-230.00,-230,7/31/2026,0.6968,,,,No,,,3.5,45.03095624,54.97,45.03095624,0.70,,0,,0.7,,0.63,0.5,Good Bet
Underdog,MLB,,Jonathan Aranda,1B,,Runs,0.5,,,7/31/2026,Fri 07:10pm,pre_game,MLB,standard,https://assets.underdogfantasy.com/player-images/mlb/20260323_23-ec551b49-c8ec-4333-8765-f277f8e3291a.png,,0.5,49.61,50.39,-7.42,50.39,Under,https://www.freeiconspng.com/img/1934,,Yes,-1.40,8.1,White Sox @ Rays,2026-07-31T23:10:00Z,Fri 07:10pm,Tropicana Field,indoor,,-102.00,-102,7/31/2026,0.4961,,,,No,,,3.5,39.22854516,60.77,39.22854516,0.50,,0,,0.5,,0.5,0.5,Push
Underdog,MLB,,Lars Nootbaar,LF,,Runs,0.5,,,7/31/2026,Fri 07:07pm,pre_game,MLB,standard,https://assets.underdogfantasy.com/player-images/mlb/20260612_19-99518b96-7d38-4f19-8c49-cafbac98ea74.png,,0.5,33.94,66.06,0.31,66.06,Under,https://www.freeiconspng.com/img/1934,,Yes,-1.40,7.6,Cardinals @ Blue Jays,2026-07-31T23:07:00Z,Fri 07:07pm,Rogers Centre,retractable,,-195.00,-195,7/31/2026,0.3394,,,,No,,,3.5,34.27560366,65.72,34.27560366,0.34,,0,,0.34,,0.39,0.5,Push
Underdog,MLB,,Hunter Goodman,C,,Runs,0.5,,,7/31/2026,Fri 08:40pm,pre_game,MLB,standard,https://assets.underdogfantasy.com/player-images/mlb/20260323_23-cbc69b0e-4dd7-4c94-aa3d-9dfe9f3d0c07.png,,0.5,50.91,49.09,-8.72,50.91,Over,https://www.freeiconspng.com/img/1934,,No,1.40,10.9,Royals @ Rockies,2026-08-01T00:40:00Z,Fri 08:40pm,Coors Field,outdoor,,-104.00,-104,7/31/2026,0.5091,,,,No,,,3.5,39.62227859,60.38,39.62227859,0.51,,0,,0.51,,0.51,0.5,Good Bet
Underdog,MLB,,Jonathan Aranda,1B,,RBIs,0.5,,,7/31/2026,Fri 07:10pm,pre_game,MLB,standard,https://assets.underdogfantasy.com/player-images/mlb/20260323_23-ec551b49-c8ec-4333-8765-f277f8e3291a.png,,,,,,,,,,,,,White Sox @ Rays,2026-07-31T23:10:00Z,Fri 07:10pm,Tropicana Field,indoor,,,,,,,,,No,,,3.5,,,,0.00,,0,,0,,0.5,0.5,Push
Underdog,MLB,,Hunter Goodman,C,,RBIs,0.5,,,7/31/2026,Fri 08:40pm,pre_game,MLB,standard,https://assets.underdogfantasy.com/player-images/mlb/20260323_23-cbc69b0e-4dd7-4c94-aa3d-9dfe9f3d0c07.png,,0.5,50,50,-7.81,50,Over,https://www.freeiconspng.com/img/1934,,No,1.40,10.9,Royals @ Rockies,2026-08-01T00:40:00Z,Fri 08:40pm,Coors Field,outdoor,,100.00,100,7/31/2026,0.5,,,,No,,,3.5,39.34693403,60.65,39.34693403,0.50,,0,,0.5,,0.5,0.5,Push
Underdog,MLB,,Lars Nootbaar,LF,,RBIs,0.5,,,7/31/2026,Fri 07:07pm,pre_game,MLB,standard,https://assets.underdogfantasy.com/player-images/mlb/20260612_19-99518b96-7d38-4f19-8c49-cafbac98ea74.png,,,,,,,,,,,,,Cardinals @ Blue Jays,2026-07-31T23:07:00Z,Fri 07:07pm,Rogers Centre,retractable,,,,,,,,,No,,,3.5,,,,0.00,,0,,0,,0.5,0.5,Push
Underdog,MLB,,Jonathan Aranda,1B,,Batter Walks,0.5,,,7/31/2026,Fri 07:10pm,pre_game,MLB,standard,https://assets.underdogfantasy.com/player-images/mlb/20260323_23-ec551b49-c8ec-4333-8765-f277f8e3291a.png,,0.5,37.41,62.59,-7.11,62.59,Under,https://www.freeiconspng.com/img/1934,,Yes,-1.40,8.1,White Sox @ Rays,2026-07-31T23:10:00Z,Fri 07:10pm,Tropicana Field,indoor,,-167.00,-167,7/31/2026,0.3741,,,,No,,,3.5,31.20918824,68.79,31.20918824,0.37,,0,,0.37,,0.37,0,Push
Underdog,MLB,,Lars Nootbaar,LF,,Batter Walks,0.5,,,7/31/2026,Fri 07:07pm,pre_game,MLB,standard,https://assets.underdogfantasy.com/player-images/mlb/20260612_19-99518b96-7d38-4f19-8c49-cafbac98ea74.png,,0.5,50,50,-7.81,50,Over,https://www.freeiconspng.com/img/1934,,Yes,-1.40,7.6,Cardinals @ Blue Jays,2026-07-31T23:07:00Z,Fri 07:07pm,Rogers Centre,retractable,,100.00,100,7/31/2026,0.5,,,,No,,,3.5,39.34693403,60.65,39.34693403,0.50,,0,,0.5,,0.5,0,Push
Underdog,MLB,,Hunter Goodman,C,,Batter Walks,0.5,,,7/31/2026,Fri 08:40pm,pre_game,MLB,standard,https://assets.underdogfantasy.com/player-images/mlb/20260323_23-cbc69b0e-4dd7-4c94-aa3d-9dfe9f3d0c07.png,,0.5,32.56,67.44,-7.87,67.44,Under,https://www.freeiconspng.com/img/1934,,No,1.40,10.9,Royals @ Rockies,2026-08-01T00:40:00Z,Fri 08:40pm,Coors Field,outdoor,,-207.00,-207,7/31/2026,0.3256,,,,No,,,3.5,27.79060327,72.21,27.79060327,0.33,,0,,0.33,,0.33,0,Push
Underdog,MLB,,Xander Bogaerts,SS,,Hits + Runs + RBIs,1.5,,,7/30/2026,Thu 09:40pm,pre_game,MLB,standard,https://assets.underdogfantasy.com/player-images/mlb/20260324_03-272abdba-ae99-4137-a6dd-5615f234adfc.png,,1.5,47.79,52.21,-4.31,52.21,Under,https://www.freeiconspng.com/img/1934,2026-07-31T01:41:00Z,Yes,-1.50,8.3,Giants @ Padres,2026-07-31T01:40:00Z,Thu 09:40pm,Petco Park,outdoor,,-109.00,-109,7/30/2026,1.4337,,,,No,SF,5.57,2.1,41.97447969,58.03,41.97447969,1.43,,0,,1.43,,1.43,0,Push
Underdog,MLB,,Xander Bogaerts,SS,,Home Runs,0.5,,,7/30/2026,Thu 09:40pm,pre_game,MLB,standard,https://assets.underdogfantasy.com/player-images/mlb/20260324_03-272abdba-ae99-4137-a6dd-5615f234adfc.png,,0.5,12.54,87.46,-2.63,87.46,Under,https://www.freeiconspng.com/img/1934,2026-07-31T01:41:00Z,Yes,-1.50,8.3,Giants @ Padres,2026-07-31T01:40:00Z,Thu 09:40pm,Petco Park,outdoor,,-697.00,-697,7/30/2026,0.1254,,,,No,SF,5.57,2.1,26.85306795,73.15,26.85306795,0.13,,0,,0.13,,0.25,0.5,Push
Underdog,MLB,,Xander Bogaerts,SS,,Hitter Fantasy Score,6.5,,,7/30/2026,Thu 09:40pm,pre_game,MLB,standard,https://assets.underdogfantasy.com/player-images/mlb/20260324_03-272abdba-ae99-4137-a6dd-5615f234adfc.png,,,,,,,,,,,,,Giants @ Padres,2026-07-31T01:40:00Z,Thu 09:40pm,Petco Park,outdoor,,,,,5.57,,,,No,SF,5.57,2.1,46.42307692,53.58,53.57692308,5.57,,0,,4.16,,4.08,2.5,Push
Underdog,MLB,,Xander Bogaerts,SS,,Hits,0.5,,,7/30/2026,Thu 09:40pm,pre_game,MLB,standard,https://assets.underdogfantasy.com/player-images/mlb/20260324_03-272abdba-ae99-4137-a6dd-5615f234adfc.png,,0.5,61.64,38.36,-2.52,61.64,Over,https://www.freeiconspng.com/img/1934,2026-07-31T01:41:00Z,Yes,-1.50,8.3,Giants @ Padres,2026-07-31T01:40:00Z,Thu 09:40pm,Petco Park,outdoor,,-161.00,-161,7/30/2026,0.6164,,,,No,SF,5.57,2.1,42.77618339,57.22,42.77618339,0.62,,0,,0.62,,0.58,0.5,Good Bet
Underdog,MLB,,Xander Bogaerts,SS,,Runs,0.5,,,7/30/2026,Thu 09:40pm,pre_game,MLB,standard,https://assets.underdogfantasy.com/player-images/mlb/20260324_03-272abdba-ae99-4137-a6dd-5615f234adfc.png,,0.5,39.58,60.42,-5.1,60.42,Under,https://www.freeiconspng.com/img/1934,2026-07-31T01:41:00Z,Yes,-1.50,8.3,Giants @ Padres,2026-07-31T01:40:00Z,Thu 09:40pm,Petco Park,outdoor,,-153.00,-153,7/30/2026,0.3958,,,,No,SF,5.57,2.1,36.10314223,63.90,36.10314223,0.40,,0,,0.4,,0.43,0.5,Push
Underdog,MLB,,Xander Bogaerts,SS,,RBIs,0.5,,,7/30/2026,Thu 09:40pm,pre_game,MLB,standard,https://assets.underdogfantasy.com/player-images/mlb/20260324_03-272abdba-ae99-4137-a6dd-5615f234adfc.png,,0.5,30.58,69.42,-5.26,69.42,Under,https://www.freeiconspng.com/img/1934,2026-07-31T01:41:00Z,Yes,-1.50,8.3,Giants @ Padres,2026-07-31T01:40:00Z,Thu 09:40pm,Petco Park,outdoor,,-227.00,-227,7/30/2026,0.3058,,,,No,SF,5.57,2.1,33.16210661,66.84,33.16210661,0.31,,0,,0.31,,0.37,0.5,Push
Underdog,MLB,,Xander Bogaerts,SS,,Batter Walks,0.5,,,7/30/2026,Thu 09:40pm,pre_game,MLB,standard,https://assets.underdogfantasy.com/player-images/mlb/20260324_03-272abdba-ae99-4137-a6dd-5615f234adfc.png,,0.5,38.77,61.23,-4.87,61.23,Under,https://www.freeiconspng.com/img/1934,2026-07-31T01:41:00Z,Yes,-1.50,8.3,Giants @ Padres,2026-07-31T01:40:00Z,Thu 09:40pm,Petco Park,outdoor,,-158.00,-158,7/30/2026,0.3877,,,,No,SF,5.57,2.1,32.13841025,67.86,32.13841025,0.39,,0,,0.39,,0.39,0,Push
Underdog,MLB,,Xander Bogaerts,SS,,Stolen Bases,0.5,,,7/30/2026,Thu 09:40pm,pre_game,MLB,standard,https://assets.underdogfantasy.com/player-images/mlb/20260324_03-272abdba-ae99-4137-a6dd-5615f234adfc.png,,0.5,18.13,81.87,-3.84,81.87,Under,https://www.freeiconspng.com/img/1934,2026-07-31T01:41:00Z,Yes,-1.50,8.3,Giants @ Padres,2026-07-31T01:40:00Z,Thu 09:40pm,Petco Park,outdoor,,-452.00,-452,7/30/2026,0.1813,,,,No,SF,5.57,2.1,28.86921776,71.13,28.86921776,0.18,,0,,0.18,,0.29,0.5,Push
Underdog,MLB,,Nick Martinez,SP,,Strikeouts,3.5,,,7/31/2026,Fri 07:10pm,pre_game,MLB,standard,https://assets.underdogfantasy.com/player-images/mlb/20260405_19-36818090-03bc-44dc-b0f7-4fb0f4182bb1.png,,,,,,,,,,,,,White Sox @ Rays,2026-07-31T23:10:00Z,Fri 07:10pm,Tropicana Field,indoor,,,,,,,,,No,,,5,,,,0.00,,0,,0,,0,0,Push
Underdog,MLB,,Cedric Mullins,CF,,Hits + Runs + RBIs,1.5,,,7/31/2026,Fri 07:10pm,pre_game,MLB,standard,https://assets.underdogfantasy.com/player-images/mlb/20260323_23-faf93f6f-b60e-4c9e-a83f-5ba8b0aca02c.png,,1.5,49.2,50.8,-7.01,50.8,Under,https://www.freeiconspng.com/img/1934,,Yes,-1.40,8.1,White Sox @ Rays,2026-07-31T23:10:00Z,Fri 07:10pm,Tropicana Field,indoor,,-103.00,-103,7/31/2026,1.476,,,,No,,,3.5,43.41100448,56.59,43.41100448,1.48,,0,,1.48,,1.48,0,Push
Underdog,MLB,,Cedric Mullins,CF,,Home Runs,0.5,,,7/31/2026,Fri 07:10pm,pre_game,MLB,standard,https://assets.underdogfantasy.com/player-images/mlb/20260323_23-faf93f6f-b60e-4c9e-a83f-5ba8b0aca02c.png,,0.5,11.86,88.14,0.43,88.14,Under,https://www.freeiconspng.com/img/1934,,Yes,-1.40,8.1,White Sox @ Rays,2026-07-31T23:10:00Z,Fri 07:10pm,Tropicana Field,indoor,,-743.00,-743,7/31/2026,0.1186,,,,No,,,3.5,26.60394512,73.40,26.60394512,0.12,,0,,0.12,,0.25,0.5,Push
Underdog,MLB,,Nick Martinez,SP,,Pitching Outs,16.5,,,7/31/2026,Fri 07:10pm,pre_game,MLB,standard,https://assets.underdogfantasy.com/player-images/mlb/20260405_19-36818090-03bc-44dc-b0f7-4fb0f4182bb1.png,,,,,,,,,,,,,White Sox @ Rays,2026-07-31T23:10:00Z,Fri 07:10pm,Tropicana Field,indoor,,,,,,,,,No,,,5,,,,0.00,,0,,0,,0,0,Push
Underdog,MLB,,Nick Martinez,SP,,Hits Allowed,5.5,,,7/31/2026,Fri 07:10pm,pre_game,MLB,standard,https://assets.underdogfantasy.com/player-images/mlb/20260405_19-36818090-03bc-44dc-b0f7-4fb0f4182bb1.png,,,,,,,,,,,,,White Sox @ Rays,2026-07-31T23:10:00Z,Fri 07:10pm,Tropicana Field,indoor,,,,,,,,,No,,,5,,,,0.00,,0,,0,,3.5,3.5,Push
Underdog,MLB,,Nick Martinez,SP,,Earned Runs Allowed,2.5,,,7/31/2026,Fri 07:10pm,pre_game,MLB,standard,https://assets.underdogfantasy.com/player-images/mlb/20260405_19-36818090-03bc-44dc-b0f7-4fb0f4182bb1.png,,,,,,,,,,,,,White Sox @ Rays,2026-07-31T23:10:00Z,Fri 07:10pm,Tropicana Field,indoor,,,,,,,,,No,,,5,,,,0.00,,0,,0,,0.5,0.5,Push
Underdog,MLB,,Nick Martinez,SP,,Walks Allowed,1.5,,,7/31/2026,Fri 07:10pm,pre_game,MLB,standard,https://assets.underdogfantasy.com/player-images/mlb/20260405_19-36818090-03bc-44dc-b0f7-4fb0f4182bb1.png,,,,,,,,,,,,,White Sox @ Rays,2026-07-31T23:10:00Z,Fri 07:10pm,Tropicana Field,indoor,,,,,,,,,No,,,5,,,,0.00,,0,,0,,0.5,0.5,Push
Underdog,MLB,,Cedric Mullins,CF,,Hits,0.5,,,7/31/2026,Fri 07:10pm,pre_game,MLB,standard,https://assets.underdogfantasy.com/player-images/mlb/20260323_23-faf93f6f-b60e-4c9e-a83f-5ba8b0aca02c.png,,0.5,60.03,39.97,0.19,60.03,Over,https://www.freeiconspng.com/img/1934,,Yes,-1.40,8.1,White Sox @ Rays,2026-07-31T23:10:00Z,Fri 07:10pm,Tropicana Field,indoor,,-150.00,8/2/1899,7/31/2026,0.6003,,,,No,,,3.5,42.31367256,57.69,42.31367256,0.60,,0,,0.6,,0.57,0.5,Good Bet
Underdog,MLB,,Cedric Mullins,CF,,Runs,0.5,,,7/31/2026,Fri 07:10pm,pre_game,MLB,standard,https://assets.underdogfantasy.com/player-images/mlb/20260323_23-faf93f6f-b60e-4c9e-a83f-5ba8b0aca02c.png,,0.5,42.71,57.29,0.21,57.29,Under,https://www.freeiconspng.com/img/1934,,Yes,-1.40,8.1,White Sox @ Rays,2026-07-31T23:10:00Z,Fri 07:10pm,Tropicana Field,indoor,,-134.00,8/18/1899,7/31/2026,0.4271,,,,No,,,3.5,37.09534383,62.90,37.09534383,0.43,,0,,0.43,,0.45,0.5,Push
Underdog,MLB,,Cedric Mullins,CF,,RBIs,0.5,,,7/31/2026,Fri 07:10pm,pre_game,MLB,standard,https://assets.underdogfantasy.com/player-images/mlb/20260323_23-faf93f6f-b60e-4c9e-a83f-5ba8b0aca02c.png,,,,,,,,,,,,,White Sox @ Rays,2026-07-31T23:10:00Z,Fri 07:10pm,Tropicana Field,indoor,,,,,,,,,No,,,3.5,,,,0.00,,0,,0,,0.5,0.5,Push
Underdog,MLB,,Cedric Mullins,CF,,Batter Walks,0.5,,,7/31/2026,Fri 07:10pm,pre_game,MLB,standard,https://assets.underdogfantasy.com/player-images/mlb/20260323_23-faf93f6f-b60e-4c9e-a83f-5ba8b0aca02c.png,,0.5,32.56,67.44,-7.87,67.44,Under,https://www.freeiconspng.com/img/1934,,Yes,-1.40,8.1,White Sox @ Rays,2026-07-31T23:10:00Z,Fri 07:10pm,Tropicana Field,indoor,,-207.00,-207,7/31/2026,0.3256,,,,No,,,3.5,27.79060327,72.21,27.79060327,0.33,,0,,0.33,,0.33,0,Push
Underdog,MLB,,Cedric Mullins,CF,,Stolen Bases,0.5,,,7/31/2026,Fri 07:10pm,pre_game,MLB,standard,https://assets.underdogfantasy.com/player-images/mlb/20260323_23-faf93f6f-b60e-4c9e-a83f-5ba8b0aca02c.png,,0.5,21.13,78.87,0.15,78.87,Under,https://www.freeiconspng.com/img/1934,,Yes,-1.40,8.1,White Sox @ Rays,2026-07-31T23:10:00Z,Fri 07:10pm,Tropicana Field,indoor,,-373.00,-373,7/31/2026,0.2113,,,,No,,,3.5,29.92821714,70.07,29.92821714,0.21,,0,,0.21,,0.31,0.5,Push
Underdog,MLB,,Wilyer Abreu,RF,,Hits + Runs + RBIs,2.5,,,7/30/2026,Thu 09:40pm,pre_game,MLB,standard,https://assets.underdogfantasy.com/player-images/mlb/20260323_23-77c82fc6-3923-496a-a055-3e05c3e95b39.png,,2.5,45.96,54.04,-4.29,54.04,Under,https://www.freeiconspng.com/img/1934,2026-07-31T01:41:00Z,No,1.50,10,Red Sox @ Athletics,2026-07-31T01:40:00Z,Thu 09:40pm,Sutter Health Park,outdoor,NBCS-CA,-118.00,-118,7/30/2026,2.298,,,,No,ATH,8.17,3.17,40.34307357,59.66,40.34307357,2.30,,0,,2.3,,2.3,0,Push
Underdog,MLB,,Mickey Moniak,LF,,Hits + Runs + RBIs,2.5,,,7/31/2026,Fri 08:40pm,pre_game,MLB,standard,https://assets.underdogfantasy.com/player-images/mlb/20260323_23-7af39f78-8e04-408d-a1b5-66ab3dcd99ac.png,,2.5,47.96,52.04,-5.77,52.04,Under,https://www.freeiconspng.com/img/1934,,No,1.40,10.9,Royals @ Rockies,2026-08-01T00:40:00Z,Fri 08:40pm,Coors Field,outdoor,,-109.00,9/12/1899,7/31/2026,2.398,,,,No,,,3.5,42.9768631,57.02,42.9768631,2.40,,0,,2.4,,2.4,0,Push
Underdog,MLB,,Mickey Moniak,LF,,Home Runs,0.5,,,7/31/2026,Fri 08:40pm,pre_game,MLB,standard,https://assets.underdogfantasy.com/player-images/mlb/20260323_23-7af39f78-8e04-408d-a1b5-66ab3dcd99ac.png,,0.5,23.39,76.61,0.25,76.61,Under,https://www.freeiconspng.com/img/1934,,No,1.40,10.9,Royals @ Rockies,2026-08-01T00:40:00Z,Fri 08:40pm,Coors Field,outdoor,,-328.00,-328,7/31/2026,0.2339,,,,No,,,3.5,30.71557136,69.28,30.71557136,0.23,,0,,0.23,,0.32,0.5,Push
Underdog,MLB,,Wilyer Abreu,RF,,Home Runs,0.5,,,7/30/2026,Thu 09:40pm,pre_game,MLB,standard,https://assets.underdogfantasy.com/player-images/mlb/20260323_23-77c82fc6-3923-496a-a055-3e05c3e95b39.png,,0.5,25.04,74.96,-1.4,74.96,Under,https://www.freeiconspng.com/img/1934,2026-07-31T01:41:00Z,No,1.50,10,Red Sox @ Athletics,2026-07-31T01:40:00Z,Thu 09:40pm,Sutter Health Park,outdoor,NBCS-CA,-299.00,3/6/1899,7/30/2026,0.2504,,,,No,ATH,8.17,3.17,31.28481653,68.72,31.28481653,0.25,,0,,0.25,,0.33,0.5,Push
Underdog,MLB,,Wilyer Abreu,RF,,Total Bases,1.5,,,7/30/2026,Thu 09:40pm,pre_game,MLB,standard,https://assets.underdogfantasy.com/player-images/mlb/20260323_23-77c82fc6-3923-496a-a055-3e05c3e95b39.png,,1.5,50.92,49.08,-4.62,50.92,Over,https://www.freeiconspng.com/img/1934,2026-07-31T01:41:00Z,No,1.50,10,Red Sox @ Athletics,2026-07-31T01:40:00Z,Thu 09:40pm,Sutter Health Park,outdoor,NBCS-CA,-104.00,-104,7/30/2026,1.5276,,,,No,ATH,8.17,3.17,26.93176939,73.07,26.93176939,1.53,,0,,1.53,,1.19,0.5,Good Bet
Underdog,MLB,,Mickey Moniak,LF,,Total Bases,1.5,,,7/31/2026,Fri 08:40pm,pre_game,MLB,standard,https://assets.underdogfantasy.com/player-images/mlb/20260323_23-7af39f78-8e04-408d-a1b5-66ab3dcd99ac.png,,1.5,51.86,48.14,-9.67,51.86,Over,https://www.freeiconspng.com/img/1934,,No,1.40,10.9,Royals @ Rockies,2026-08-01T00:40:00Z,Fri 08:40pm,Coors Field,outdoor,,-108.00,9/13/1899,7/31/2026,1.5558,,,,No,,,3.5,27.45036409,72.55,27.45036409,1.56,,0,,1.56,,1.2,0.5,Good Bet
Underdog,MLB,,Wilyer Abreu,RF,,Hitter Fantasy Score,8.5,,,7/30/2026,Thu 09:40pm,pre_game,MLB,standard,https://assets.underdogfantasy.com/player-images/mlb/20260323_23-77c82fc6-3923-496a-a055-3e05c3e95b39.png,,,,,,,,,,,,,Red Sox @ Athletics,2026-07-31T01:40:00Z,Thu 09:40pm,Sutter Health Park,outdoor,NBCS-CA,,,,8.17,,,,No,ATH,8.17,3.17,49.02941176,50.97,50.97058824,8.17,,0,,7.2,,6.29,3.5,Push
Underdog,MLB,,Wilyer Abreu,RF,,Hits,1.5,,,7/30/2026,Thu 09:40pm,pre_game,MLB,standard,https://assets.underdogfantasy.com/player-images/mlb/20260323_23-77c82fc6-3923-496a-a055-3e05c3e95b39.png,,1.5,33.84,66.16,-4.25,66.16,Under,https://www.freeiconspng.com/img/1934,2026-07-31T01:41:00Z,No,1.50,10,Red Sox @ Athletics,2026-07-31T01:40:00Z,Thu 09:40pm,Sutter Health Park,outdoor,NBCS-CA,-196.00,6/17/1899,7/30/2026,1.0152,,,,No,ATH,8.17,3.17,17.60543895,82.39,17.60543895,1.02,,0,,1.02,,0.84,0.5,Push
Underdog,MLB,,Mickey Moniak,LF,,Hits,1.5,,,7/31/2026,Fri 08:40pm,pre_game,MLB,standard,https://assets.underdogfantasy.com/player-images/mlb/20260323_23-7af39f78-8e04-408d-a1b5-66ab3dcd99ac.png,,1.5,35.68,64.32,0.16,64.32,Under,https://www.freeiconspng.com/img/1934,,No,1.40,10.9,Royals @ Rockies,2026-08-01T00:40:00Z,Fri 08:40pm,Coors Field,outdoor,,-180.00,7/3/1899,7/31/2026,1.0704,,,,No,,,3.5,18.58979451,81.41,18.58979451,1.07,,0,,1.07,,0.88,0.5,Push
Underdog,MLB,,Wilyer Abreu,RF,,Runs,0.5,,,7/30/2026,Thu 09:40pm,pre_game,MLB,standard,https://assets.underdogfantasy.com/player-images/mlb/20260323_23-77c82fc6-3923-496a-a055-3e05c3e95b39.png,,0.5,55.58,44.42,-2.75,55.58,Over,https://www.freeiconspng.com/img/1934,2026-07-31T01:41:00Z,No,1.50,10,Red Sox @ Athletics,2026-07-31T01:40:00Z,Thu 09:40pm,Sutter Health Park,outdoor,NBCS-CA,-125.00,-125,7/30/2026,0.5558,,,,No,ATH,8.17,3.17,41.01576611,58.98,41.01576611,0.56,,0,,0.56,,0.54,0.5,Good Bet
Underdog,MLB,,Mickey Moniak,LF,,Runs,0.5,,,7/31/2026,Fri 08:40pm,pre_game,MLB,standard,https://assets.underdogfantasy.com/player-images/mlb/20260323_23-7af39f78-8e04-408d-a1b5-66ab3dcd99ac.png,,0.5,51.91,48.09,-9.72,51.91,Over,https://www.freeiconspng.com/img/1934,,No,1.40,10.9,Royals @ Rockies,2026-08-01T00:40:00Z,Fri 08:40pm,Coors Field,outdoor,,-108.00,9/13/1899,7/31/2026,0.5191,,,,No,,,3.5,39.92341374,60.08,39.92341374,0.52,,0,,0.52,,0.51,0.5,Good Bet
Underdog,MLB,,Wilyer Abreu,RF,,RBIs,0.5,,,7/30/2026,Thu 09:40pm,pre_game,MLB,standard,https://assets.underdogfantasy.com/player-images/mlb/20260323_23-77c82fc6-3923-496a-a055-3e05c3e95b39.png,,0.5,44.43,55.57,-3.61,55.57,Under,https://www.freeiconspng.com/img/1934,2026-07-31T01:41:00Z,No,1.50,10,Red Sox @ Athletics,2026-07-31T01:40:00Z,Thu 09:40pm,Sutter Health Park,outdoor,NBCS-CA,-125.00,8/27/1899,7/30/2026,0.4443,,,,No,ATH,8.17,3.17,37.63400431,62.37,37.63400431,0.44,,0,,0.44,,0.46,0.5,Push
Underdog,MLB,,Mickey Moniak,LF,,RBIs,0.5,,,7/31/2026,Fri 08:40pm,pre_game,MLB,standard,https://assets.underdogfantasy.com/player-images/mlb/20260323_23-7af39f78-8e04-408d-a1b5-66ab3dcd99ac.png,,,,,,,,,,,,,Royals @ Rockies,2026-08-01T00:40:00Z,Fri 08:40pm,Coors Field,outdoor,,,,,,,,,No,,,3.5,,,,0.00,,0,,0,,0.5,0.5,Push
Underdog,MLB,,Wilyer Abreu,RF,,Batter Walks,0.5,,,7/30/2026,Thu 09:40pm,pre_game,MLB,standard,https://assets.underdogfantasy.com/player-images/mlb/20260323_23-77c82fc6-3923-496a-a055-3e05c3e95b39.png,,0.5,42.15,57.85,-6.44,57.85,Under,https://www.freeiconspng.com/img/1934,2026-07-31T01:41:00Z,No,1.50,10,Red Sox @ Athletics,2026-07-31T01:40:00Z,Thu 09:40pm,Sutter Health Park,outdoor,NBCS-CA,-137.00,-137,7/30/2026,0.4215,,,,No,ATH,8.17,3.17,34.39380116,65.61,34.39380116,0.42,,0,,0.42,,0.42,0,Push
Underdog,MLB,,Wilyer Abreu,RF,,Stolen Bases,0.5,,,7/30/2026,Thu 09:40pm,pre_game,MLB,standard,https://assets.underdogfantasy.com/player-images/mlb/20260323_23-77c82fc6-3923-496a-a055-3e05c3e95b39.png,,0.5,11.36,88.64,-5.48,88.64,Under,https://www.freeiconspng.com/img/1934,2026-07-31T01:41:00Z,No,1.50,10,Red Sox @ Athletics,2026-07-31T01:40:00Z,Thu 09:40pm,Sutter Health Park,outdoor,NBCS-CA,-780.00,11/10/1897,7/30/2026,0.1136,,,,No,ATH,8.17,3.17,26.42022543,73.58,26.42022543,0.11,,0,,0.11,,0.24,0.5,Push
Underdog,MLB,,Mickey Moniak,LF,,Stolen Bases,0.5,,,7/31/2026,Fri 08:40pm,pre_game,MLB,standard,https://assets.underdogfantasy.com/player-images/mlb/20260323_23-7af39f78-8e04-408d-a1b5-66ab3dcd99ac.png,,0.5,6.19,93.81,0.35,93.81,Under,https://www.freeiconspng.com/img/1934,,No,1.40,10.9,Royals @ Rockies,2026-08-01T00:40:00Z,Fri 08:40pm,Coors Field,outdoor,,"-1,516.00",-1516,7/31/2026,0.0619,,,,No,,,3.5,24.49339122,75.51,24.49339122,0.06,,0,,0.06,,0.21,0.5,Push
Underdog,MLB,,Andrew Benintendi,DH,,Hits + Runs + RBIs,1.5,,,7/31/2026,Fri 07:10pm,pre_game,MLB,standard,https://assets.underdogfantasy.com/player-images/mlb/20260331_16-0e5244cd-9226-4ee1-bb63-d022a9240ca0.png,,,,,,,,,,,,,White Sox @ Rays,2026-07-31T23:10:00Z,Fri 07:10pm,Tropicana Field,indoor,,,,,,,,,No,,,3.5,,,,0.00,,0,,0,,0,0,Push
Underdog,MLB,,Ezequiel Tovar,SS,,Hits + Runs + RBIs,1.5,,,7/31/2026,Fri 08:40pm,pre_game,MLB,standard,https://assets.underdogfantasy.com/player-images/mlb/20260323_23-9f9b67ad-6d80-408a-bf23-4ff1dbd8e999.png,,1.5,49.69,50.31,-7.5,50.31,Under,https://www.freeiconspng.com/img/1934,,No,1.40,10.9,Royals @ Rockies,2026-08-01T00:40:00Z,Fri 08:40pm,Coors Field,outdoor,,-101.00,9/20/1899,7/31/2026,1.4907,,,,No,,,3.5,43.90571243,56.09,43.90571243,1.49,,0,,1.49,,1.49,0,Push
Underdog,MLB,,Masyn Winn,SS,,Hits + Runs + RBIs,0.5,,,7/31/2026,Fri 07:07pm,pre_game,MLB,standard,https://assets.underdogfantasy.com/player-images/mlb/20260424_14-6162380d-5201-4e3c-a1a3-0d3db5afc356.png,,1.5,39.29,60.71,-0.98,60.71,Under,https://www.freeiconspng.com/img/1934,,Yes,-1.40,7.6,Cardinals @ Blue Jays,2026-07-31T23:07:00Z,Fri 07:07pm,Rogers Centre,retractable,,-155.00,-155,7/31/2026,1.1787,,,,No,,,3.5,69.23215393,30.77,69.23215393,1.18,,0,,1.18,,1.18,0,Push
Underdog,MLB,,Alec Burleson,1B,,Hits + Runs + RBIs,1.5,,,7/31/2026,Fri 07:07pm,pre_game,MLB,standard,https://assets.underdogfantasy.com/player-images/mlb/20260323_23-991ace91-d77f-4fad-b7a8-e94090299949.png,,1.5,49.85,50.15,-7.66,50.15,Under,https://www.freeiconspng.com/img/1934,,Yes,-1.40,7.6,Cardinals @ Blue Jays,2026-07-31T23:07:00Z,Fri 07:07pm,Rogers Centre,retractable,,-101.00,-101,7/31/2026,1.4955,,,,No,,,3.5,44.06673432,55.93,44.06673432,1.50,,0,,1.5,,1.5,0,Push
Underdog,MLB,,Alec Burleson,1B,,Home Runs,0.5,,,7/31/2026,Fri 07:07pm,pre_game,MLB,standard,https://assets.underdogfantasy.com/player-images/mlb/20260323_23-991ace91-d77f-4fad-b7a8-e94090299949.png,,0.5,16.6,83.4,0.07,83.4,Under,https://www.freeiconspng.com/img/1934,,Yes,-1.40,7.6,Cardinals @ Blue Jays,2026-07-31T23:07:00Z,Fri 07:07pm,Rogers Centre,retractable,,-502.00,8/15/1898,7/31/2026,0.166,,,,No,,,3.5,28.32298058,71.68,28.32298058,0.17,,0,,0.17,,0.28,0.5,Push
Underdog,MLB,,Ezequiel Tovar,SS,,Home Runs,0.5,,,7/31/2026,Fri 08:40pm,pre_game,MLB,standard,https://assets.underdogfantasy.com/player-images/mlb/20260323_23-9f9b67ad-6d80-408a-bf23-4ff1dbd8e999.png,,0.5,10.28,89.72,0.44,89.72,Under,https://www.freeiconspng.com/img/1934,,No,1.40,10.9,Royals @ Rockies,2026-08-01T00:40:00Z,Fri 08:40pm,Coors Field,outdoor,,-873.00,8/9/1897,7/31/2026,0.1028,,,,No,,,3.5,26.02181992,73.98,26.02181992,0.10,,0,,0.1,,0.24,0.5,Push
Underdog,MLB,,Masyn Winn,SS,,Home Runs,0.5,,,7/31/2026,Fri 07:07pm,pre_game,MLB,standard,https://assets.underdogfantasy.com/player-images/mlb/20260424_14-6162380d-5201-4e3c-a1a3-0d3db5afc356.png,,0.5,6.41,93.59,0.13,93.59,Under,https://www.freeiconspng.com/img/1934,,Yes,-1.40,7.6,Cardinals @ Blue Jays,2026-07-31T23:07:00Z,Fri 07:07pm,Rogers Centre,retractable,,"-1,460.00",12/31/1895,7/31/2026,0.0641,,,,No,,,3.5,24.57640282,75.42,24.57640282,0.06,,0,,0.06,,0.21,0.5,Push
Underdog,MLB,,Andrew Benintendi,DH,,Home Runs,0.5,,,7/31/2026,Fri 07:10pm,pre_game,MLB,standard,https://assets.underdogfantasy.com/player-images/mlb/20260331_16-0e5244cd-9226-4ee1-bb63-d022a9240ca0.png,,,,,,,,,,,,,White Sox @ Rays,2026-07-31T23:10:00Z,Fri 07:10pm,Tropicana Field,indoor,,,,,,,,,No,,,3.5,,,,0.00,,0,,0,,0.5,0.5,Push
Underdog,MLB,,Alec Burleson,1B,,Total Bases,1.5,,,7/31/2026,Fri 07:07pm,pre_game,MLB,standard,https://assets.underdogfantasy.com/player-images/mlb/20260323_23-991ace91-d77f-4fad-b7a8-e94090299949.png,,1.5,41.29,58.71,0.2,58.71,Under,https://www.freeiconspng.com/img/1934,,Yes,-1.40,7.6,Cardinals @ Blue Jays,2026-07-31T23:07:00Z,Fri 07:07pm,Rogers Centre,retractable,,-142.00,-142,7/31/2026,1.2387,,,,No,,,3.5,21.63236973,78.37,21.63236973,1.24,,0,,1.24,,0.99,0.5,Push
Underdog,MLB,,Ezequiel Tovar,SS,,Total Bases,1.5,,,7/31/2026,Fri 08:40pm,pre_game,MLB,standard,https://assets.underdogfantasy.com/player-images/mlb/20260323_23-9f9b67ad-6d80-408a-bf23-4ff1dbd8e999.png,,,,,,,,,,,,,Royals @ Rockies,2026-08-01T00:40:00Z,Fri 08:40pm,Coors Field,outdoor,,,,,,,,,No,,,3.5,,,,0.00,,0,,0,,0.5,0.5,Push
Underdog,MLB,,Alec Burleson,1B,,Hits,0.5,,,7/31/2026,Fri 07:07pm,pre_game,MLB,standard,https://assets.underdogfantasy.com/player-images/mlb/20260323_23-991ace91-d77f-4fad-b7a8-e94090299949.png,,0.5,65.07,34.93,0.16,65.07,Over,https://www.freeiconspng.com/img/1934,,Yes,-1.40,7.6,Cardinals @ Blue Jays,2026-07-31T23:07:00Z,Fri 07:07pm,Rogers Centre,retractable,,-186.00,6/27/1899,7/31/2026,0.6507,,,,No,,,3.5,43.74920434,56.25,43.74920434,0.65,,0,,0.65,,0.6,0.5,Good Bet
Underdog,MLB,,Andrew Benintendi,DH,,Hits,0.5,,,7/31/2026,Fri 07:10pm,pre_game,MLB,standard,https://assets.underdogfantasy.com/player-images/mlb/20260331_16-0e5244cd-9226-4ee1-bb63-d022a9240ca0.png,,,,,,,,,,,,,White Sox @ Rays,2026-07-31T23:10:00Z,Fri 07:10pm,Tropicana Field,indoor,,,,,,,,,No,,,3.5,,,,0.00,,0,,0,,0.5,0.5,Push
Underdog,MLB,,Ezequiel Tovar,SS,,Hits,0.5,,,7/31/2026,Fri 08:40pm,pre_game,MLB,standard,https://assets.underdogfantasy.com/player-images/mlb/20260323_23-9f9b67ad-6d80-408a-bf23-4ff1dbd8e999.png,,0.5,63.41,36.59,0.17,63.41,Over,https://www.freeiconspng.com/img/1934,,No,1.40,10.9,Royals @ Rockies,2026-08-01T00:40:00Z,Fri 08:40pm,Coors Field,outdoor,,-173.00,7/10/1899,7/31/2026,0.6341,,,,No,,,3.5,43.28037981,56.72,43.28037981,0.63,,0,,0.63,,0.59,0.5,Good Bet
Underdog,MLB,,Masyn Winn,SS,,Hits,0.5,,,7/31/2026,Fri 07:07pm,pre_game,MLB,standard,https://assets.underdogfantasy.com/player-images/mlb/20260424_14-6162380d-5201-4e3c-a1a3-0d3db5afc356.png,,0.5,52.12,47.88,-9.93,52.12,Over,https://www.freeiconspng.com/img/1934,,Yes,-1.40,7.6,Cardinals @ Blue Jays,2026-07-31T23:07:00Z,Fri 07:07pm,Rogers Centre,retractable,,-109.00,9/12/1899,7/31/2026,0.5212,,,,No,,,3.5,39.98646105,60.01,39.98646105,0.52,,0,,0.52,,0.51,0.5,Good Bet
Underdog,MLB,,Masyn Winn,SS,,Runs,0.5,,,7/31/2026,Fri 07:07pm,pre_game,MLB,standard,https://assets.underdogfantasy.com/player-images/mlb/20260424_14-6162380d-5201-4e3c-a1a3-0d3db5afc356.png,,0.5,30.39,69.61,0.19,69.61,Under,https://www.freeiconspng.com/img/1934,,Yes,-1.40,7.6,Cardinals @ Blue Jays,2026-07-31T23:07:00Z,Fri 07:07pm,Rogers Centre,retractable,,-229.00,-229,7/31/2026,0.3039,,,,No,,,3.5,33.09858044,66.90,33.09858044,0.30,,0,,0.3,,0.37,0.5,Push
Underdog,MLB,,Ezequiel Tovar,SS,,Runs,0.5,,,7/31/2026,Fri 08:40pm,pre_game,MLB,standard,https://assets.underdogfantasy.com/player-images/mlb/20260323_23-9f9b67ad-6d80-408a-bf23-4ff1dbd8e999.png,,0.5,38.22,61.78,0.09,61.78,Under,https://www.freeiconspng.com/img/1934,,No,1.40,10.9,Royals @ Rockies,2026-08-01T00:40:00Z,Fri 08:40pm,Coors Field,outdoor,,-162.00,-162,7/31/2026,0.3822,,,,No,,,3.5,35.66716295,64.33,35.66716295,0.38,,0,,0.38,,0.42,0.5,Push
Underdog,MLB,,Andrew Benintendi,DH,,Runs,0.5,,,7/31/2026,Fri 07:10pm,pre_game,MLB,standard,https://assets.underdogfantasy.com/player-images/mlb/20260331_16-0e5244cd-9226-4ee1-bb63-d022a9240ca0.png,,,,,,,,,,,,,White Sox @ Rays,2026-07-31T23:10:00Z,Fri 07:10pm,Tropicana Field,indoor,,,,,,,,,No,,,3.5,,,,0.00,,0,,0,,0.5,0.5,Push
Underdog,MLB,,Alec Burleson,1B,,Runs,0.5,,,7/31/2026,Fri 07:07pm,pre_game,MLB,standard,https://assets.underdogfantasy.com/player-images/mlb/20260323_23-991ace91-d77f-4fad-b7a8-e94090299949.png,,0.5,38.52,61.48,0.09,61.48,Under,https://www.freeiconspng.com/img/1934,,Yes,-1.40,7.6,Cardinals @ Blue Jays,2026-07-31T23:07:00Z,Fri 07:07pm,Rogers Centre,retractable,,-160.00,7/23/1899,7/31/2026,0.3852,,,,No,,,3.5,35.76358987,64.24,35.76358987,0.39,,0,,0.39,,0.42,0.5,Push
Underdog,MLB,,Andrew Benintendi,DH,,RBIs,0.5,,,7/31/2026,Fri 07:10pm,pre_game,MLB,standard,https://assets.underdogfantasy.com/player-images/mlb/20260331_16-0e5244cd-9226-4ee1-bb63-d022a9240ca0.png,,,,,,,,,,,,,White Sox @ Rays,2026-07-31T23:10:00Z,Fri 07:10pm,Tropicana Field,indoor,,,,,,,,,No,,,3.5,,,,0.00,,0,,0,,0.5,0.5,Push
Underdog,MLB,,Ezequiel Tovar,SS,,RBIs,0.5,,,7/31/2026,Fri 08:40pm,pre_game,MLB,standard,https://assets.underdogfantasy.com/player-images/mlb/20260323_23-9f9b67ad-6d80-408a-bf23-4ff1dbd8e999.png,,,,,,,,,,,,,Royals @ Rockies,2026-08-01T00:40:00Z,Fri 08:40pm,Coors Field,outdoor,,,,,,,,,No,,,3.5,,,,0.00,,0,,0,,0.5,0.5,Push
Underdog,MLB,,Alec Burleson,1B,,RBIs,0.5,,,7/31/2026,Fri 07:07pm,pre_game,MLB,standard,https://assets.underdogfantasy.com/player-images/mlb/20260323_23-991ace91-d77f-4fad-b7a8-e94090299949.png,,,,,,,,,,,,,Cardinals @ Blue Jays,2026-07-31T23:07:00Z,Fri 07:07pm,Rogers Centre,retractable,,,,,,,,,No,,,3.5,,,,0.00,,0,,0,,0.5,0.5,Push
Underdog,MLB,,Masyn Winn,SS,,RBIs,0.5,,,7/31/2026,Fri 07:07pm,pre_game,MLB,standard,https://assets.underdogfantasy.com/player-images/mlb/20260424_14-6162380d-5201-4e3c-a1a3-0d3db5afc356.png,,,,,,,,,,,,,Cardinals @ Blue Jays,2026-07-31T23:07:00Z,Fri 07:07pm,Rogers Centre,retractable,,,,,,,,,No,,,3.5,,,,0.00,,0,,0,,0.5,0.5,Push
Underdog,MLB,,Masyn Winn,SS,,Batter Walks,0.5,,,7/31/2026,Fri 07:07pm,pre_game,MLB,standard,https://assets.underdogfantasy.com/player-images/mlb/20260424_14-6162380d-5201-4e3c-a1a3-0d3db5afc356.png,,0.5,33.87,66.13,-7.55,66.13,Under,https://www.freeiconspng.com/img/1934,,Yes,-1.40,7.6,Cardinals @ Blue Jays,2026-07-31T23:07:00Z,Fri 07:07pm,Rogers Centre,retractable,,-195.00,-195,7/31/2026,0.3387,,,,No,,,3.5,28.73037741,71.27,28.73037741,0.34,,0,,0.34,,0.34,0,Push
Underdog,MLB,,Alec Burleson,1B,,Batter Walks,0.5,,,7/31/2026,Fri 07:07pm,pre_game,MLB,standard,https://assets.underdogfantasy.com/player-images/mlb/20260323_23-991ace91-d77f-4fad-b7a8-e94090299949.png,,0.5,31.53,68.47,-7.72,68.47,Under,https://www.freeiconspng.com/img/1934,,Yes,-1.40,7.6,Cardinals @ Blue Jays,2026-07-31T23:07:00Z,Fri 07:07pm,Rogers Centre,retractable,,-217.00,5/27/1899,7/31/2026,0.3153,,,,No,,,3.5,27.04300296,72.96,27.04300296,0.32,,0,,0.32,,0.32,0,Push
Underdog,MLB,,Andrew Benintendi,DH,,Batter Walks,0.5,,,7/31/2026,Fri 07:10pm,pre_game,MLB,standard,https://assets.underdogfantasy.com/player-images/mlb/20260331_16-0e5244cd-9226-4ee1-bb63-d022a9240ca0.png,,,,,,,,,,,,,White Sox @ Rays,2026-07-31T23:10:00Z,Fri 07:10pm,Tropicana Field,indoor,,,,,,,,,No,,,3.5,,,,0.00,,0,,0,,0,0,Push
Underdog,MLB,,Masyn Winn,SS,,Stolen Bases,0.5,,,7/31/2026,Fri 07:07pm,pre_game,MLB,standard,https://assets.underdogfantasy.com/player-images/mlb/20260424_14-6162380d-5201-4e3c-a1a3-0d3db5afc356.png,,0.5,11.4,88.6,0.11,88.6,Under,https://www.freeiconspng.com/img/1934,,Yes,-1.40,7.6,Cardinals @ Blue Jays,2026-07-31T23:07:00Z,Fri 07:07pm,Rogers Centre,retractable,,-777.00,-777,7/31/2026,0.114,,,,No,,,3.5,26.43493991,73.57,26.43493991,0.11,,0,,0.11,,0.24,0.5,Push
Underdog,MLB,,Ivan Herrera,DH,,Hits + Runs + RBIs,1.5,,,7/31/2026,Fri 07:07pm,pre_game,MLB,standard,https://assets.underdogfantasy.com/player-images/mlb/20260323_23-425cd8ba-6803-4970-972d-033ce47fa53a.png,,1.5,42.82,57.18,-0.63,57.18,Under,https://www.freeiconspng.com/img/1934,,Yes,-1.40,7.6,Cardinals @ Blue Jays,2026-07-31T23:07:00Z,Fri 07:07pm,Rogers Centre,retractable,,-134.00,-134,7/31/2026,1.2846,,,,No,,,3.5,36.77112117,63.23,36.77112117,1.28,,0,,1.28,,1.28,0,Push
Underdog,MLB,,Ty France,1B,,Hits + Runs + RBIs,1.5,,,7/30/2026,Thu 09:40pm,pre_game,MLB,standard,https://assets.underdogfantasy.com/player-images/mlb/20260515_15-0ff1ba0b-2e3d-4fcc-8419-057d0833f887.png,,1.5,49.8,50.2,-4.33,50.2,Under,https://www.freeiconspng.com/img/1934,2026-07-31T01:41:00Z,Yes,-1.50,8.3,Giants @ Padres,2026-07-31T01:40:00Z,Thu 09:40pm,Petco Park,outdoor,,-101.00,-101,7/30/2026,1.494,,,,No,SF,5.45,2.54,44.01644241,55.98,44.01644241,1.49,,0,,1.49,,1.49,0,Push
Underdog,MLB,,Jac Caglianone,RF,,Hits + Runs + RBIs,2.5,,,7/31/2026,Fri 08:40pm,pre_game,MLB,standard,https://assets.underdogfantasy.com/player-images/mlb/20260418_15-408d5f00-9add-4382-a31f-1bd6ad0d90e7.png,,2.5,50.09,49.91,-7.9,50.09,Over,https://www.freeiconspng.com/img/1934,,No,1.40,10.9,Royals @ Rockies,2026-08-01T00:40:00Z,Fri 08:40pm,Coors Field,outdoor,,-100.00,9/21/1899,7/31/2026,2.5045,,,,No,,,3.5,45.73406839,54.27,45.73406839,2.50,,0,,2.5,,2.5,0,Great Bet
Underdog,MLB,,Ty France,1B,,Home Runs,0.5,,,7/30/2026,Thu 09:40pm,pre_game,MLB,standard,https://assets.underdogfantasy.com/player-images/mlb/20260515_15-0ff1ba0b-2e3d-4fcc-8419-057d0833f887.png,,0.5,15.19,84.81,0.05,84.81,Under,https://www.freeiconspng.com/img/1934,2026-07-31T01:41:00Z,Yes,-1.50,8.3,Giants @ Padres,2026-07-31T01:40:00Z,Thu 09:40pm,Petco Park,outdoor,,-558.00,-558,7/30/2026,0.1519,,,,No,SF,5.45,2.54,27.81587214,72.18,27.81587214,0.15,,0,,0.15,,0.27,0.5,Push
Underdog,MLB,,Jac Caglianone,RF,,Home Runs,0.5,,,7/31/2026,Fri 08:40pm,pre_game,MLB,standard,https://assets.underdogfantasy.com/player-images/mlb/20260418_15-408d5f00-9add-4382-a31f-1bd6ad0d90e7.png,,0.5,26.92,73.08,0.11,73.08,Under,https://www.freeiconspng.com/img/1934,,No,1.40,10.9,Royals @ Rockies,2026-08-01T00:40:00Z,Fri 08:40pm,Coors Field,outdoor,,-271.00,-271,7/31/2026,0.2692,,,,No,,,3.5,31.92771291,68.07,31.92771291,0.27,,0,,0.27,,0.35,0.5,Push
Underdog,MLB,,Ivan Herrera,DH,,Home Runs,0.5,,,7/31/2026,Fri 07:07pm,pre_game,MLB,standard,https://assets.underdogfantasy.com/player-images/mlb/20260323_23-425cd8ba-6803-4970-972d-033ce47fa53a.png,,0.5,9.84,90.16,0.07,90.16,Under,https://www.freeiconspng.com/img/1934,,Yes,-1.40,7.6,Cardinals @ Blue Jays,2026-07-31T23:07:00Z,Fri 07:07pm,Rogers Centre,retractable,,-916.00,-916,7/31/2026,0.0984,,,,No,,,3.5,25.85888876,74.14,25.85888876,0.10,,0,,0.1,,0.23,0.5,Push
Underdog,MLB,,Ty France,1B,,Total Bases,1.5,,,7/30/2026,Thu 09:40pm,pre_game,MLB,standard,https://assets.underdogfantasy.com/player-images/mlb/20260515_15-0ff1ba0b-2e3d-4fcc-8419-057d0833f887.png,,1.5,39.21,60.79,-4.12,60.79,Under,https://www.freeiconspng.com/img/1934,2026-07-31T01:41:00Z,Yes,-1.50,8.3,Giants @ Padres,2026-07-31T01:40:00Z,Thu 09:40pm,Petco Park,outdoor,,-155.00,-155,7/30/2026,1.1763,,,,No,SF,5.45,2.54,20.49818775,79.50,20.49818775,1.18,,0,,1.18,,0.95,0.5,Push
Underdog,MLB,,Jac Caglianone,RF,,Total Bases,1.5,,,7/31/2026,Fri 08:40pm,pre_game,MLB,standard,https://assets.underdogfantasy.com/player-images/mlb/20260418_15-408d5f00-9add-4382-a31f-1bd6ad0d90e7.png,,1.5,55.95,44.05,0,55.95,Over,https://www.freeiconspng.com/img/1934,,No,1.40,10.9,Royals @ Rockies,2026-08-01T00:40:00Z,Fri 08:40pm,Coors Field,outdoor,,-127.00,-127,7/31/2026,1.6785,,,,No,,,3.5,29.70326627,70.30,29.70326627,1.68,,0,,1.68,,1.29,0.5,Good Bet
Underdog,MLB,,Ty France,1B,,Hitter Fantasy Score,5.5,,,7/30/2026,Thu 09:40pm,pre_game,MLB,standard,https://assets.underdogfantasy.com/player-images/mlb/20260515_15-0ff1ba0b-2e3d-4fcc-8419-057d0833f887.png,,,,,,,,,,,,,Giants @ Padres,2026-07-31T01:40:00Z,Thu 09:40pm,Petco Park,outdoor,,,,,5.45,,,,No,SF,5.45,2.54,62.08308416,37.92,37.91691584,5.45,,0,,6.63,,4.86,2.5,Great Bet
Underdog,MLB,,Ty France,1B,,Hits,0.5,,,7/30/2026,Thu 09:40pm,pre_game,MLB,standard,https://assets.underdogfantasy.com/player-images/mlb/20260515_15-0ff1ba0b-2e3d-4fcc-8419-057d0833f887.png,,0.5,63.02,36.98,-3.65,63.02,Over,https://www.freeiconspng.com/img/1934,2026-07-31T01:41:00Z,Yes,-1.50,8.3,Giants @ Padres,2026-07-31T01:40:00Z,Thu 09:40pm,Petco Park,outdoor,,-170.00,-170,7/30/2026,0.6302,,,,No,SF,5.45,2.54,43.16966864,56.83,43.16966864,0.63,,0,,0.63,,0.59,0.5,Good Bet
Underdog,MLB,,Jac Caglianone,RF,,Hits,1.5,,,7/31/2026,Fri 08:40pm,pre_game,MLB,standard,https://assets.underdogfantasy.com/player-images/mlb/20260418_15-408d5f00-9add-4382-a31f-1bd6ad0d90e7.png,,1.5,38.88,61.12,0.18,61.12,Under,https://www.freeiconspng.com/img/1934,,No,1.40,10.9,Royals @ Rockies,2026-08-01T00:40:00Z,Fri 08:40pm,Coors Field,outdoor,,-157.00,-157,7/31/2026,1.1664,,,,No,,,3.5,20.31883297,79.68,20.31883297,1.17,,0,,1.17,,0.94,0.5,Push
Underdog,MLB,,Ivan Herrera,DH,,Hits,0.5,,,7/31/2026,Fri 07:07pm,pre_game,MLB,standard,https://assets.underdogfantasy.com/player-images/mlb/20260323_23-425cd8ba-6803-4970-972d-033ce47fa53a.png,,0.5,57.91,42.09,0.1,57.91,Over,https://www.freeiconspng.com/img/1934,,Yes,-1.40,7.6,Cardinals @ Blue Jays,2026-07-31T23:07:00Z,Fri 07:07pm,Rogers Centre,retractable,,-138.00,-138,7/31/2026,0.5791,,,,No,,,3.5,41.69894519,58.30,41.69894519,0.58,,0,,0.58,,0.55,0.5,Good Bet
Underdog,MLB,,Ty France,1B,,Runs,0.5,,,7/30/2026,Thu 09:40pm,pre_game,MLB,standard,https://assets.underdogfantasy.com/player-images/mlb/20260515_15-0ff1ba0b-2e3d-4fcc-8419-057d0833f887.png,,0.5,42.68,57.32,-2.68,57.32,Under,https://www.freeiconspng.com/img/1934,2026-07-31T01:41:00Z,Yes,-1.50,8.3,Giants @ Padres,2026-07-31T01:40:00Z,Thu 09:40pm,Petco Park,outdoor,,-134.00,-134,7/30/2026,0.4268,,,,No,SF,5.45,2.54,37.08590742,62.91,37.08590742,0.43,,0,,0.43,,0.45,0.5,Push
Underdog,MLB,,Ivan Herrera,DH,,Runs,0.5,,,7/31/2026,Fri 07:07pm,pre_game,MLB,standard,https://assets.underdogfantasy.com/player-images/mlb/20260323_23-425cd8ba-6803-4970-972d-033ce47fa53a.png,,0.5,34.52,65.48,0.08,65.48,Under,https://www.freeiconspng.com/img/1934,,Yes,-1.40,7.6,Cardinals @ Blue Jays,2026-07-31T23:07:00Z,Fri 07:07pm,Rogers Centre,retractable,,-190.00,-190,7/31/2026,0.3452,,,,No,,,3.5,34.4659283,65.53,34.4659283,0.35,,0,,0.35,,0.4,0.5,Push
Underdog,MLB,,Jac Caglianone,RF,,Runs,0.5,,,7/31/2026,Fri 08:40pm,pre_game,MLB,standard,https://assets.underdogfantasy.com/player-images/mlb/20260418_15-408d5f00-9add-4382-a31f-1bd6ad0d90e7.png,,0.5,55.67,44.33,0.11,55.67,Over,https://www.freeiconspng.com/img/1934,,No,1.40,10.9,Royals @ Rockies,2026-08-01T00:40:00Z,Fri 08:40pm,Coors Field,outdoor,,-126.00,-126,7/31/2026,0.5567,,,,No,,,3.5,41.04230304,58.96,41.04230304,0.56,,0,,0.56,,0.54,0.5,Good Bet
Underdog,MLB,,Ivan Herrera,DH,,RBIs,0.5,,,7/31/2026,Fri 07:07pm,pre_game,MLB,standard,https://assets.underdogfantasy.com/player-images/mlb/20260323_23-425cd8ba-6803-4970-972d-033ce47fa53a.png,,,,,,,,,,,,,Cardinals @ Blue Jays,2026-07-31T23:07:00Z,Fri 07:07pm,Rogers Centre,retractable,,,,,,,,,No,,,3.5,,,,0.00,,0,,0,,0.5,0.5,Push
Underdog,MLB,,Ty France,1B,,RBIs,0.5,,,7/30/2026,Thu 09:40pm,pre_game,MLB,standard,https://assets.underdogfantasy.com/player-images/mlb/20260515_15-0ff1ba0b-2e3d-4fcc-8419-057d0833f887.png,,0.5,35.82,64.18,-1.34,64.18,Under,https://www.freeiconspng.com/img/1934,2026-07-31T01:41:00Z,Yes,-1.50,8.3,Giants @ Padres,2026-07-31T01:40:00Z,Thu 09:40pm,Petco Park,outdoor,,-179.00,-179,7/30/2026,0.3582,,,,No,SF,5.45,2.54,34.89051836,65.11,34.89051836,0.36,,0,,0.36,,0.41,0.5,Push
Underdog,MLB,,Jac Caglianone,RF,,RBIs,0.5,,,7/31/2026,Fri 08:40pm,pre_game,MLB,standard,https://assets.underdogfantasy.com/player-images/mlb/20260418_15-408d5f00-9add-4382-a31f-1bd6ad0d90e7.png,,0.5,50,50,-7.81,50,Over,https://www.freeiconspng.com/img/1934,,No,1.40,10.9,Royals @ Rockies,2026-08-01T00:40:00Z,Fri 08:40pm,Coors Field,outdoor,,100.00,100,7/31/2026,0.5,,,,No,,,3.5,39.34693403,60.65,39.34693403,0.50,,0,,0.5,,0.5,0.5,Push
Underdog,MLB,,Jac Caglianone,RF,,Batter Walks,0.5,,,7/31/2026,Fri 08:40pm,pre_game,MLB,standard,https://assets.underdogfantasy.com/player-images/mlb/20260418_15-408d5f00-9add-4382-a31f-1bd6ad0d90e7.png,,0.5,28.09,71.91,-8.09,71.91,Under,https://www.freeiconspng.com/img/1934,,No,1.40,10.9,Royals @ Rockies,2026-08-01T00:40:00Z,Fri 08:40pm,Coors Field,outdoor,,-256.00,-256,7/31/2026,0.2809,,,,No,,,3.5,24.48961579,75.51,24.48961579,0.28,,0,,0.28,,0.28,0,Push
Underdog,MLB,,Ivan Herrera,DH,,Batter Walks,0.5,,,7/31/2026,Fri 07:07pm,pre_game,MLB,standard,https://assets.underdogfantasy.com/player-images/mlb/20260323_23-425cd8ba-6803-4970-972d-033ce47fa53a.png,,0.5,36.03,63.97,-7.04,63.97,Under,https://www.freeiconspng.com/img/1934,,Yes,-1.40,7.6,Cardinals @ Blue Jays,2026-07-31T23:07:00Z,Fri 07:07pm,Rogers Centre,retractable,,-178.00,-178,7/31/2026,0.3603,,,,No,,,3.5,30.25329454,69.75,30.25329454,0.36,,0,,0.36,,0.36,0,Push
Underdog,MLB,,Ty France,1B,,Batter Walks,0.5,,,7/30/2026,Thu 09:40pm,pre_game,MLB,standard,https://assets.underdogfantasy.com/player-images/mlb/20260515_15-0ff1ba0b-2e3d-4fcc-8419-057d0833f887.png,,0.5,30.86,69.14,-6.47,69.14,Under,https://www.freeiconspng.com/img/1934,2026-07-31T01:41:00Z,Yes,-1.50,8.3,Giants @ Padres,2026-07-31T01:40:00Z,Thu 09:40pm,Petco Park,outdoor,,-224.00,-224,7/30/2026,0.3086,,,,No,SF,5.45,2.54,26.55254989,73.45,26.55254989,0.31,,0,,0.31,,0.31,0,Push
Underdog,MLB,,Ivan Herrera,DH,,Stolen Bases,0.5,,,7/31/2026,Fri 07:07pm,pre_game,MLB,standard,https://assets.underdogfantasy.com/player-images/mlb/20260323_23-425cd8ba-6803-4970-972d-033ce47fa53a.png,,0.5,6.19,93.81,0.35,93.81,Under,https://www.freeiconspng.com/img/1934,,Yes,-1.40,7.6,Cardinals @ Blue Jays,2026-07-31T23:07:00Z,Fri 07:07pm,Rogers Centre,retractable,,"-1,516.00",-1516,7/31/2026,0.0619,,,,No,,,3.5,24.49339122,75.51,24.49339122,0.06,,0,,0.06,,0.21,0.5,Push
Underdog,MLB,,Ceddanne Rafaela,CF,,Hits + Runs + RBIs,2.5,,,7/30/2026,Thu 09:40pm,pre_game,MLB,standard,https://assets.underdogfantasy.com/player-images/mlb/20260407_17-13cfa837-07b4-421a-8ea9-cd9e921adacd.png,,2.5,43.43,56.57,-3.43,56.57,Under,https://www.freeiconspng.com/img/1934,2026-07-31T01:41:00Z,No,1.50,10,Red Sox @ Athletics,2026-07-31T01:40:00Z,Thu 09:40pm,Sutter Health Park,outdoor,NBCS-CA,-130.00,-130,7/30/2026,2.1715,,,,No,ATH,7.76,2.96,36.96346787,63.04,36.96346787,2.17,,0,,2.17,,2.17,0,Push
Underdog,MLB,,Ceddanne Rafaela,CF,,Home Runs,0.5,,,7/30/2026,Thu 09:40pm,pre_game,MLB,standard,https://assets.underdogfantasy.com/player-images/mlb/20260407_17-13cfa837-07b4-421a-8ea9-cd9e921adacd.png,,0.5,15.24,84.76,-2.2,84.76,Under,https://www.freeiconspng.com/img/1934,2026-07-31T01:41:00Z,No,1.50,10,Red Sox @ Athletics,2026-07-31T01:40:00Z,Thu 09:40pm,Sutter Health Park,outdoor,NBCS-CA,-556.00,-556,7/30/2026,0.1524,,,,No,ATH,7.76,2.96,27.83391592,72.17,27.83391592,0.15,,0,,0.15,,0.27,0.5,Push
Underdog,MLB,,Ceddanne Rafaela,CF,,Total Bases,1.5,,,7/30/2026,Thu 09:40pm,pre_game,MLB,standard,https://assets.underdogfantasy.com/player-images/mlb/20260407_17-13cfa837-07b4-421a-8ea9-cd9e921adacd.png,,1.5,49.49,50.51,-3.83,50.51,Under,https://www.freeiconspng.com/img/1934,2026-07-31T01:41:00Z,No,1.50,10,Red Sox @ Athletics,2026-07-31T01:40:00Z,Thu 09:40pm,Sutter Health Park,outdoor,NBCS-CA,-102.00,-102,7/30/2026,1.4847,,,,No,ATH,7.76,2.96,26.14268675,73.86,26.14268675,1.48,,0,,1.48,,1.16,0.5,Push
Underdog,MLB,,Ceddanne Rafaela,CF,,Hitter Fantasy Score,7.5,,,7/30/2026,Thu 09:40pm,pre_game,MLB,standard,https://assets.underdogfantasy.com/player-images/mlb/20260407_17-13cfa837-07b4-421a-8ea9-cd9e921adacd.png,,,,,,,,,,,,,Red Sox @ Athletics,2026-07-31T01:40:00Z,Thu 09:40pm,Sutter Health Park,outdoor,NBCS-CA,,,,7.76,,,,No,ATH,7.76,2.96,50.86666667,49.13,50.86666667,7.76,,0,,6.78,,6.01,3.5,Good Bet
Underdog,MLB,,Ceddanne Rafaela,CF,,Hits,1.5,,,7/30/2026,Thu 09:40pm,pre_game,MLB,standard,https://assets.underdogfantasy.com/player-images/mlb/20260407_17-13cfa837-07b4-421a-8ea9-cd9e921adacd.png,,1.5,37.13,62.87,-4.24,62.87,Under,https://www.freeiconspng.com/img/1934,2026-07-31T01:41:00Z,No,1.50,10,Red Sox @ Athletics,2026-07-31T01:40:00Z,Thu 09:40pm,Sutter Health Park,outdoor,NBCS-CA,-169.00,-169,7/30/2026,1.1139,,,,No,ATH,7.76,2.96,19.37082739,80.63,19.37082739,1.11,,0,,1.11,,0.91,0.5,Push
Underdog,MLB,,Ceddanne Rafaela,CF,,Runs,0.5,,,7/30/2026,Thu 09:40pm,pre_game,MLB,standard,https://assets.underdogfantasy.com/player-images/mlb/20260407_17-13cfa837-07b4-421a-8ea9-cd9e921adacd.png,,0.5,53.29,46.71,-5.04,53.29,Over,https://www.freeiconspng.com/img/1934,2026-07-31T01:41:00Z,No,1.50,10,Red Sox @ Athletics,2026-07-31T01:40:00Z,Thu 09:40pm,Sutter Health Park,outdoor,NBCS-CA,-114.00,-114,7/30/2026,0.5329,,,,No,ATH,7.76,2.96,40.33651534,59.66,40.33651534,0.53,,0,,0.53,,0.52,0.5,Good Bet
Underdog,MLB,,Ceddanne Rafaela,CF,,RBIs,0.5,,,7/30/2026,Thu 09:40pm,pre_game,MLB,standard,https://assets.underdogfantasy.com/player-images/mlb/20260407_17-13cfa837-07b4-421a-8ea9-cd9e921adacd.png,,0.5,37.75,62.25,-0.01,62.25,Under,https://www.freeiconspng.com/img/1934,2026-07-31T01:41:00Z,No,1.50,10,Red Sox @ Athletics,2026-07-31T01:40:00Z,Thu 09:40pm,Sutter Health Park,outdoor,NBCS-CA,-165.00,-165,7/30/2026,0.3775,,,,No,ATH,7.76,2.96,35.515803,64.48,35.515803,0.38,,0,,0.38,,0.42,0.5,Push
Underdog,MLB,,Ceddanne Rafaela,CF,,Batter Walks,0.5,,,7/30/2026,Thu 09:40pm,pre_game,MLB,standard,https://assets.underdogfantasy.com/player-images/mlb/20260407_17-13cfa837-07b4-421a-8ea9-cd9e921adacd.png,,0.5,25.03,74.97,-7.64,74.97,Under,https://www.freeiconspng.com/img/1934,2026-07-31T01:41:00Z,No,1.50,10,Red Sox @ Athletics,2026-07-31T01:40:00Z,Thu 09:40pm,Sutter Health Park,outdoor,NBCS-CA,-300.00,-300,7/30/2026,0.2503,,,,No,ATH,7.76,2.96,22.14328221,77.86,22.14328221,0.25,,0,,0.25,,0.25,0,Push
Underdog,MLB,,Ceddanne Rafaela,CF,,Stolen Bases,0.5,,,7/30/2026,Thu 09:40pm,pre_game,MLB,standard,https://assets.underdogfantasy.com/player-images/mlb/20260407_17-13cfa837-07b4-421a-8ea9-cd9e921adacd.png,,0.5,19.47,80.53,-6.14,80.53,Under,https://www.freeiconspng.com/img/1934,2026-07-31T01:41:00Z,No,1.50,10,Red Sox @ Athletics,2026-07-31T01:40:00Z,Thu 09:40pm,Sutter Health Park,outdoor,NBCS-CA,-414.00,-414,7/30/2026,0.1947,,,,No,ATH,7.76,2.96,29.34420103,70.66,29.34420103,0.19,,0,,0.19,,0.3,0.5,Push
Underdog,MLB,,Roki Sasaki,SP,,Strikeouts,5.5,,,7/30/2026,Thu 10:10pm,pre_game,MLB,standard,https://assets.underdogfantasy.com/player-images/mlb/20260330_04-1af59804-5b77-4d6f-98f7-23e97a400a1b.png,,,,,,,,,,,,,Mariners @ Dodgers,2026-07-31T02:10:00Z,Thu 10:10pm,UNIQLO Field at Dodger Stadium,outdoor,MLB Network,,,,,,,,No,SEA,27.6,5.37,,,,0.00,,0,,0,,0,0,Push
Underdog,MLB,,Miguel Vargas,3B,,Hits + Runs + RBIs,1.5,,,7/31/2026,Fri 07:10pm,pre_game,MLB,standard,https://assets.underdogfantasy.com/player-images/mlb/20260325_02-1dd03898-1e07-459f-98d4-99209a91a546.png,,,,,,,,,,,,,White Sox @ Rays,2026-07-31T23:10:00Z,Fri 07:10pm,Tropicana Field,indoor,,,,,,,,,No,,,3.5,,,,0.00,,0,,0,,0,0,Push
Underdog,MLB,,Miguel Vargas,3B,,Home Runs,0.5,,,7/31/2026,Fri 07:10pm,pre_game,MLB,standard,https://assets.underdogfantasy.com/player-images/mlb/20260325_02-1dd03898-1e07-459f-98d4-99209a91a546.png,,,,,,,,,,,,,White Sox @ Rays,2026-07-31T23:10:00Z,Fri 07:10pm,Tropicana Field,indoor,,,,,,,,,No,,,3.5,,,,0.00,,0,,0,,0.5,0.5,Push
Underdog,MLB,,Miguel Vargas,3B,,Total Bases,1.5,,,7/31/2026,Fri 07:10pm,pre_game,MLB,standard,https://assets.underdogfantasy.com/player-images/mlb/20260325_02-1dd03898-1e07-459f-98d4-99209a91a546.png,,,,,,,,,,,,,White Sox @ Rays,2026-07-31T23:10:00Z,Fri 07:10pm,Tropicana Field,indoor,,,,,,,,,No,,,3.5,,,,0.00,,0,,0,,0.5,0.5,Push
Underdog,MLB,,Roki Sasaki,SP,,Pitcher Fantasy Score,30.5,,,7/30/2026,Thu 10:10pm,pre_game,MLB,standard,https://assets.underdogfantasy.com/player-images/mlb/20260330_04-1af59804-5b77-4d6f-98f7-23e97a400a1b.png,,,,,,,,,,,,,Mariners @ Dodgers,2026-07-31T02:10:00Z,Thu 10:10pm,UNIQLO Field at Dodger Stadium,outdoor,MLB Network,,,,27.6,,,,No,SEA,27.6,5.37,47.62295082,52.38,52.37704918,27.60,,0,,25.29,,25.13,22.5,Push
Underdog,MLB,,Roki Sasaki,SP,,Pitching Outs,17.5,,,7/30/2026,Thu 10:10pm,pre_game,MLB,standard,https://assets.underdogfantasy.com/player-images/mlb/20260330_04-1af59804-5b77-4d6f-98f7-23e97a400a1b.png,,,,,,,,,,,,,Mariners @ Dodgers,2026-07-31T02:10:00Z,Thu 10:10pm,UNIQLO Field at Dodger Stadium,outdoor,MLB Network,,,,,,,,No,SEA,27.6,5.37,,,,0.00,,0,,0,,14.5,14.5,Push
Underdog,MLB,,Roki Sasaki,SP,,Hits Allowed,4.5,,,7/30/2026,Thu 10:10pm,pre_game,MLB,standard,https://assets.underdogfantasy.com/player-images/mlb/20260330_04-1af59804-5b77-4d6f-98f7-23e97a400a1b.png,,,,,,,,,,,,,Mariners @ Dodgers,2026-07-31T02:10:00Z,Thu 10:10pm,UNIQLO Field at Dodger Stadium,outdoor,MLB Network,,,,,,,,No,SEA,27.6,5.37,,,,0.00,,0,,0,,2.5,2.5,Push
Underdog,MLB,,Roki Sasaki,SP,,Earned Runs Allowed,2.5,,,7/30/2026,Thu 10:10pm,pre_game,MLB,standard,https://assets.underdogfantasy.com/player-images/mlb/20260330_04-1af59804-5b77-4d6f-98f7-23e97a400a1b.png,,,,,,,,,,,,,Mariners @ Dodgers,2026-07-31T02:10:00Z,Thu 10:10pm,UNIQLO Field at Dodger Stadium,outdoor,MLB Network,,,,,,,,No,SEA,27.6,5.37,,,,0.00,,0,,0,,0.5,0.5,Push
Underdog,MLB,,Roki Sasaki,SP,,Walks Allowed,1.5,,,7/30/2026,Thu 10:10pm,pre_game,MLB,standard,https://assets.underdogfantasy.com/player-images/mlb/20260330_04-1af59804-5b77-4d6f-98f7-23e97a400a1b.png,,,,,,,,,,,,,Mariners @ Dodgers,2026-07-31T02:10:00Z,Thu 10:10pm,UNIQLO Field at Dodger Stadium,outdoor,MLB Network,,,,,,,,No,SEA,27.6,5.37,,,,0.00,,0,,0,,0.5,0.5,Push
Underdog,MLB,,Miguel Vargas,3B,,Hits,0.5,,,7/31/2026,Fri 07:10pm,pre_game,MLB,standard,https://assets.underdogfantasy.com/player-images/mlb/20260325_02-1dd03898-1e07-459f-98d4-99209a91a546.png,,,,,,,,,,,,,White Sox @ Rays,2026-07-31T23:10:00Z,Fri 07:10pm,Tropicana Field,indoor,,,,,,,,,No,,,3.5,,,,0.00,,0,,0,,0.5,0.5,Push
Underdog,MLB,,Miguel Vargas,3B,,Runs,0.5,,,7/31/2026,Fri 07:10pm,pre_game,MLB,standard,https://assets.underdogfantasy.com/player-images/mlb/20260325_02-1dd03898-1e07-459f-98d4-99209a91a546.png,,,,,,,,,,,,,White Sox @ Rays,2026-07-31T23:10:00Z,Fri 07:10pm,Tropicana Field,indoor,,,,,,,,,No,,,3.5,,,,0.00,,0,,0,,0.5,0.5,Push
Underdog,MLB,,Miguel Vargas,3B,,RBIs,0.5,,,7/31/2026,Fri 07:10pm,pre_game,MLB,standard,https://assets.underdogfantasy.com/player-images/mlb/20260325_02-1dd03898-1e07-459f-98d4-99209a91a546.png,,,,,,,,,,,,,White Sox @ Rays,2026-07-31T23:10:00Z,Fri 07:10pm,Tropicana Field,indoor,,,,,,,,,No,,,3.5,,,,0.00,,0,,0,,0.5,0.5,Push
Underdog,MLB,,Miguel Vargas,3B,,Batter Walks,0.5,,,7/31/2026,Fri 07:10pm,pre_game,MLB,standard,https://assets.underdogfantasy.com/player-images/mlb/20260325_02-1dd03898-1e07-459f-98d4-99209a91a546.png,,,,,,,,,,,,,White Sox @ Rays,2026-07-31T23:10:00Z,Fri 07:10pm,Tropicana Field,indoor,,,,,,,,,No,,,3.5,,,,0.00,,0,,0,,0,0,Push
Underdog,MLB,,Miguel Vargas,3B,,Stolen Bases,0.5,,,7/31/2026,Fri 07:10pm,pre_game,MLB,standard,https://assets.underdogfantasy.com/player-images/mlb/20260325_02-1dd03898-1e07-459f-98d4-99209a91a546.png,,,,,,,,,,,,,White Sox @ Rays,2026-07-31T23:10:00Z,Fri 07:10pm,Tropicana Field,indoor,,,,,,,,,No,,,3.5,,,,0.00,,0,,0,,0.5,0.5,Push
Underdog,MLB,,Roki Sasaki,SP,,1st Inn. Strikeouts,0.5,,,7/30/2026,Thu 10:10pm,pre_game,MLB,standard,https://assets.underdogfantasy.com/player-images/mlb/20260330_04-1af59804-5b77-4d6f-98f7-23e97a400a1b.png,,,,,,,,,,,,,Mariners @ Dodgers,2026-07-31T02:10:00Z,Thu 10:10pm,UNIQLO Field at Dodger Stadium,outdoor,MLB Network,,,,,,,,No,SEA,27.6,5.37,,,,0.00,,0,,0,,0,0,Push
Underdog,MLB,,Roki Sasaki,SP,,1st Inn. Runs Allowed,0.5,,,7/30/2026,Thu 10:10pm,pre_game,MLB,standard,https://assets.underdogfantasy.com/player-images/mlb/20260330_04-1af59804-5b77-4d6f-98f7-23e97a400a1b.png,,,,,,,,,,,,,Mariners @ Dodgers,2026-07-31T02:10:00Z,Thu 10:10pm,UNIQLO Field at Dodger Stadium,outdoor,MLB Network,,,,,,,,No,SEA,27.6,5.37,,,,0.00,,0,,0,,0,0,Push
Underdog,MLB,,Roki Sasaki,SP,,1st Inn. Pitch Count,14.5,,,7/30/2026,Thu 10:10pm,pre_game,MLB,standard,https://assets.underdogfantasy.com/player-images/mlb/20260330_04-1af59804-5b77-4d6f-98f7-23e97a400a1b.png,,,,,,,,,,,,,Mariners @ Dodgers,2026-07-31T02:10:00Z,Thu 10:10pm,UNIQLO Field at Dodger Stadium,outdoor,MLB Network,,,,,,,,No,SEA,27.6,5.37,,,,0.00,,0,,0,,0,0,Push
Underdog,MLB,,Roki Sasaki,SP,,1st Inn. Batters Faced,3.5,,,7/30/2026,Thu 10:10pm,pre_game,MLB,standard,https://assets.underdogfantasy.com/player-images/mlb/20260330_04-1af59804-5b77-4d6f-98f7-23e97a400a1b.png,,,,,,,,,,,,,Mariners @ Dodgers,2026-07-31T02:10:00Z,Thu 10:10pm,UNIQLO Field at Dodger Stadium,outdoor,MLB Network,,,,,,,,No,SEA,27.6,5.37,,,,0.00,,0,,0,,0,0,Push
Underdog,MLB,,Roki Sasaki,SP,,1st Inn. Hits Allowed,0.5,,,7/30/2026,Thu 10:10pm,pre_game,MLB,standard,https://assets.underdogfantasy.com/player-images/mlb/20260330_04-1af59804-5b77-4d6f-98f7-23e97a400a1b.png,,,,,,,,,,,,,Mariners @ Dodgers,2026-07-31T02:10:00Z,Thu 10:10pm,UNIQLO Field at Dodger Stadium,outdoor,MLB Network,,,,,,,,No,SEA,27.6,5.37,,,,0.00,,0,,0,,0,0,Push
Underdog,MLB,,Alejandro Kirk,C,,Hits + Runs + RBIs,1.5,,,7/31/2026,Fri 07:07pm,pre_game,MLB,standard,https://assets.underdogfantasy.com/player-images/mlb/20251021_22-717333c5-59e0-41f4-a1d9-dd58ad2661ef.png,,1.5,48.53,51.47,-6.34,51.47,Under,https://www.freeiconspng.com/img/1934,,Yes,-1.40,7.6,Cardinals @ Blue Jays,2026-07-31T23:07:00Z,Fri 07:07pm,Rogers Centre,retractable,,-106.00,-106,7/31/2026,1.4559,,,,No,,,3.5,42.73077014,57.27,42.73077014,1.46,,0,,1.46,,1.46,0,Push
Underdog,MLB,,Alejandro Kirk,C,,Home Runs,0.5,,,7/31/2026,Fri 07:07pm,pre_game,MLB,standard,https://assets.underdogfantasy.com/player-images/mlb/20251021_22-717333c5-59e0-41f4-a1d9-dd58ad2661ef.png,,0.5,11.63,88.37,0.66,88.37,Under,https://www.freeiconspng.com/img/1934,,Yes,-1.40,7.6,Cardinals @ Blue Jays,2026-07-31T23:07:00Z,Fri 07:07pm,Rogers Centre,retractable,,-760.00,-760,7/31/2026,0.1163,,,,No,,,3.5,26.5194911,73.48,26.5194911,0.12,,0,,0.12,,0.24,0.5,Push
Underdog,MLB,,Alejandro Kirk,C,,Hits,0.5,,,7/31/2026,Fri 07:07pm,pre_game,MLB,standard,https://assets.underdogfantasy.com/player-images/mlb/20251021_22-717333c5-59e0-41f4-a1d9-dd58ad2661ef.png,,0.5,63.49,36.51,0.25,63.49,Over,https://www.freeiconspng.com/img/1934,,Yes,-1.40,7.6,Cardinals @ Blue Jays,2026-07-31T23:07:00Z,Fri 07:07pm,Rogers Centre,retractable,,-174.00,-174,7/31/2026,0.6349,,,,No,,,3.5,43.30306312,56.70,43.30306312,0.63,,0,,0.63,,0.59,0.5,Good Bet
Underdog,MLB,,Alejandro Kirk,C,,Runs,0.5,,,7/31/2026,Fri 07:07pm,pre_game,MLB,standard,https://assets.underdogfantasy.com/player-images/mlb/20251021_22-717333c5-59e0-41f4-a1d9-dd58ad2661ef.png,,0.5,35.38,64.62,0.08,64.62,Under,https://www.freeiconspng.com/img/1934,,Yes,-1.40,7.6,Cardinals @ Blue Jays,2026-07-31T23:07:00Z,Fri 07:07pm,Rogers Centre,retractable,,-183.00,-183,7/31/2026,0.3538,,,,No,,,3.5,34.74711982,65.25,34.74711982,0.35,,0,,0.35,,0.4,0.5,Push
Underdog,MLB,,Alejandro Kirk,C,,RBIs,0.5,,,7/31/2026,Fri 07:07pm,pre_game,MLB,standard,https://assets.underdogfantasy.com/player-images/mlb/20251021_22-717333c5-59e0-41f4-a1d9-dd58ad2661ef.png,,,,,,,,,,,,,Cardinals @ Blue Jays,2026-07-31T23:07:00Z,Fri 07:07pm,Rogers Centre,retractable,,,,,,,,,No,,,3.5,,,,0.00,,0,,0,,0.5,0.5,Push
Underdog,MLB,,Alejandro Kirk,C,,Batter Walks,0.5,,,7/31/2026,Fri 07:07pm,pre_game,MLB,standard,https://assets.underdogfantasy.com/player-images/mlb/20251021_22-717333c5-59e0-41f4-a1d9-dd58ad2661ef.png,,0.5,28.09,71.91,-8.09,71.91,Under,https://www.freeiconspng.com/img/1934,,Yes,-1.40,7.6,Cardinals @ Blue Jays,2026-07-31T23:07:00Z,Fri 07:07pm,Rogers Centre,retractable,,-256.00,-256,7/31/2026,0.2809,,,,No,,,3.5,24.48961579,75.51,24.48961579,0.28,,0,,0.28,,0.28,0,Push
Underdog,MLB,,Ernie Clement,2B,,Hits + Runs + RBIs,1.5,,,7/31/2026,Fri 07:07pm,pre_game,MLB,standard,https://assets.underdogfantasy.com/player-images/mlb/20260406_16-9a64565e-788e-46ae-8e37-47261c8ea326.png,,1.5,50.22,49.78,-8.03,50.22,Over,https://www.freeiconspng.com/img/1934,,Yes,-1.40,7.6,Cardinals @ Blue Jays,2026-07-31T23:07:00Z,Fri 07:07pm,Rogers Centre,retractable,,-101.00,-101,7/31/2026,1.5066,,,,No,,,3.5,44.4381153,55.56,44.4381153,1.51,,0,,1.51,,1.51,0,Great Bet
Underdog,MLB,,Ernie Clement,2B,,Home Runs,0.5,,,7/31/2026,Fri 07:07pm,pre_game,MLB,standard,https://assets.underdogfantasy.com/player-images/mlb/20260406_16-9a64565e-788e-46ae-8e37-47261c8ea326.png,,0.5,7.34,92.66,0.07,92.66,Under,https://www.freeiconspng.com/img/1934,,Yes,-1.40,7.6,Cardinals @ Blue Jays,2026-07-31T23:07:00Z,Fri 07:07pm,Rogers Centre,retractable,,"-1,262.00",-1262,7/31/2026,0.0734,,,,No,,,3.5,24.92630839,75.07,24.92630839,0.07,,0,,0.07,,0.22,0.5,Push
Underdog,MLB,,Ernie Clement,2B,,Total Bases,1.5,,,7/31/2026,Fri 07:07pm,pre_game,MLB,standard,https://assets.underdogfantasy.com/player-images/mlb/20260406_16-9a64565e-788e-46ae-8e37-47261c8ea326.png,,1.5,38.88,61.12,0.18,61.12,Under,https://www.freeiconspng.com/img/1934,,Yes,-1.40,7.6,Cardinals @ Blue Jays,2026-07-31T23:07:00Z,Fri 07:07pm,Rogers Centre,retractable,,-157.00,-157,7/31/2026,1.1664,,,,No,,,3.5,20.31883297,79.68,20.31883297,1.17,,0,,1.17,,0.94,0.5,Push
Underdog,MLB,,Ernie Clement,2B,,Hits,0.5,,,7/31/2026,Fri 07:07pm,pre_game,MLB,standard,https://assets.underdogfantasy.com/player-images/mlb/20260406_16-9a64565e-788e-46ae-8e37-47261c8ea326.png,,0.5,69.08,30.92,0.14,69.08,Over,https://www.freeiconspng.com/img/1934,,Yes,-1.40,7.6,Cardinals @ Blue Jays,2026-07-31T23:07:00Z,Fri 07:07pm,Rogers Centre,retractable,,-223.00,-223,7/31/2026,0.6908,,,,No,,,3.5,44.8658015,55.13,44.8658015,0.69,,0,,0.69,,0.63,0.5,Good Bet
Underdog,MLB,,Ernie Clement,2B,,Runs,0.5,,,7/31/2026,Fri 07:07pm,pre_game,MLB,standard,https://assets.underdogfantasy.com/player-images/mlb/20260406_16-9a64565e-788e-46ae-8e37-47261c8ea326.png,,0.5,37.19,62.81,0.26,62.81,Under,https://www.freeiconspng.com/img/1934,,Yes,-1.40,7.6,Cardinals @ Blue Jays,2026-07-31T23:07:00Z,Fri 07:07pm,Rogers Centre,retractable,,-169.00,-169,7/31/2026,0.3719,,,,No,,,3.5,35.33499424,64.67,35.33499424,0.37,,0,,0.37,,0.41,0.5,Push
Underdog,MLB,,Ernie Clement,2B,,RBIs,0.5,,,7/31/2026,Fri 07:07pm,pre_game,MLB,standard,https://assets.underdogfantasy.com/player-images/mlb/20260406_16-9a64565e-788e-46ae-8e37-47261c8ea326.png,,,,,,,,,,,,,Cardinals @ Blue Jays,2026-07-31T23:07:00Z,Fri 07:07pm,Rogers Centre,retractable,,,,,,,,,No,,,3.5,,,,0.00,,0,,0,,0.5,0.5,Push
Underdog,MLB,,Ernie Clement,2B,,Stolen Bases,0.5,,,7/31/2026,Fri 07:07pm,pre_game,MLB,standard,https://assets.underdogfantasy.com/player-images/mlb/20260406_16-9a64565e-788e-46ae-8e37-47261c8ea326.png,,0.5,5.99,94.01,0.55,94.01,Under,https://www.freeiconspng.com/img/1934,,Yes,-1.40,7.6,Cardinals @ Blue Jays,2026-07-31T23:07:00Z,Fri 07:07pm,Rogers Centre,retractable,,"-1,569.00",-1569,7/31/2026,0.0599,,,,No,,,3.5,24.41784684,75.58,24.41784684,0.06,,0,,0.06,,0.21,0.5,Push
Underdog,MLB,,Jake Cronenworth,2B,,Hits + Runs + RBIs,1.5,,,7/30/2026,Thu 09:40pm,pre_game,MLB,standard,https://assets.underdogfantasy.com/player-images/mlb/20260323_23-a3152805-3787-44a0-a8a9-b3ef604ac40d.png,,1.5,40.2,59.8,-5.72,59.8,Under,https://www.freeiconspng.com/img/1934,2026-07-31T01:41:00Z,Yes,-1.50,8.3,Giants @ Padres,2026-07-31T01:40:00Z,Thu 09:40pm,Petco Park,outdoor,,-149.00,-149,7/30/2026,1.206,,,,No,SF,4.19,1.59,33.95402392,66.05,33.95402392,1.21,,0,,1.21,,1.21,0,Push
Underdog,MLB,,Chandler Simpson,LF,,Hits + Runs + RBIs,1.5,,,7/31/2026,Fri 07:10pm,pre_game,MLB,standard,https://assets.underdogfantasy.com/player-images/mlb/20260328_05-1b943e95-7a9d-49f0-9ed6-b8e46f29a4be.png,,1.5,54.08,45.92,-0.47,54.08,Over,https://www.freeiconspng.com/img/1934,,Yes,-1.40,8.1,White Sox @ Rays,2026-07-31T23:10:00Z,Fri 07:10pm,Tropicana Field,indoor,,-118.00,-118,7/31/2026,1.6224,,,,No,,,3.5,48.2274485,51.77,48.2274485,1.62,,0,,1.62,,1.62,0,Great Bet
Underdog,MLB,,Jake Cronenworth,2B,,Home Runs,0.5,,,7/30/2026,Thu 09:40pm,pre_game,MLB,standard,https://assets.underdogfantasy.com/player-images/mlb/20260323_23-a3152805-3787-44a0-a8a9-b3ef604ac40d.png,,0.5,7.78,92.22,-1.24,92.22,Under,https://www.freeiconspng.com/img/1934,2026-07-31T01:41:00Z,Yes,-1.50,8.3,Giants @ Padres,2026-07-31T01:40:00Z,Thu 09:40pm,Petco Park,outdoor,,"-1,185.00",-1185,7/30/2026,0.0778,,,,No,SF,4.19,1.59,25.09128896,74.91,25.09128896,0.08,,0,,0.08,,0.22,0.5,Push
Underdog,MLB,,Chandler Simpson,LF,,Total Bases,1.5,,,7/31/2026,Fri 07:10pm,pre_game,MLB,standard,https://assets.underdogfantasy.com/player-images/mlb/20260328_05-1b943e95-7a9d-49f0-9ed6-b8e46f29a4be.png,,1.5,37.79,62.21,0.09,62.21,Under,https://www.freeiconspng.com/img/1934,,Yes,-1.40,8.1,White Sox @ Rays,2026-07-31T23:10:00Z,Fri 07:10pm,Tropicana Field,indoor,,-165.00,-165,7/31/2026,1.1337,,,,No,,,3.5,19.72771499,80.27,19.72771499,1.13,,0,,1.13,,0.92,0.5,Push
Underdog,MLB,,Chandler Simpson,LF,,Hits,1.5,,,7/31/2026,Fri 07:10pm,pre_game,MLB,standard,https://assets.underdogfantasy.com/player-images/mlb/20260328_05-1b943e95-7a9d-49f0-9ed6-b8e46f29a4be.png,,1.5,31.28,68.72,0.27,68.72,Under,https://www.freeiconspng.com/img/1934,,Yes,-1.40,8.1,White Sox @ Rays,2026-07-31T23:10:00Z,Fri 07:10pm,Tropicana Field,indoor,,-220.00,-220,7/31/2026,0.9384,,,,No,,,3.5,16.25057941,83.75,16.25057941,0.94,,0,,0.94,,0.79,0.5,Push
Underdog,MLB,,Jake Cronenworth,2B,,Hits,0.5,,,7/30/2026,Thu 09:40pm,pre_game,MLB,standard,https://assets.underdogfantasy.com/player-images/mlb/20260323_23-a3152805-3787-44a0-a8a9-b3ef604ac40d.png,,0.5,53.04,46.96,-4.41,53.04,Over,https://www.freeiconspng.com/img/1934,2026-07-31T01:41:00Z,Yes,-1.50,8.3,Giants @ Padres,2026-07-31T01:40:00Z,Thu 09:40pm,Petco Park,outdoor,,-113.00,-113,7/30/2026,0.5304,,,,No,SF,4.19,1.59,40.26188936,59.74,40.26188936,0.53,,0,,0.53,,0.52,0.5,Good Bet
Underdog,MLB,,Chandler Simpson,LF,,Runs,0.5,,,7/31/2026,Fri 07:10pm,pre_game,MLB,standard,https://assets.underdogfantasy.com/player-images/mlb/20260328_05-1b943e95-7a9d-49f0-9ed6-b8e46f29a4be.png,,0.5,38.43,61.57,0.18,61.57,Under,https://www.freeiconspng.com/img/1934,,Yes,-1.40,8.1,White Sox @ Rays,2026-07-31T23:10:00Z,Fri 07:10pm,Tropicana Field,indoor,,-160.00,-160,7/31/2026,0.3843,,,,No,,,3.5,35.73467698,64.27,35.73467698,0.38,,0,,0.38,,0.42,0.5,Push
Underdog,MLB,,Jake Cronenworth,2B,,Runs,0.5,,,7/30/2026,Thu 09:40pm,pre_game,MLB,standard,https://assets.underdogfantasy.com/player-images/mlb/20260323_23-a3152805-3787-44a0-a8a9-b3ef604ac40d.png,,0.5,35.17,64.83,-2.91,64.83,Under,https://www.freeiconspng.com/img/1934,2026-07-31T01:41:00Z,Yes,-1.50,8.3,Giants @ Padres,2026-07-31T01:40:00Z,Thu 09:40pm,Petco Park,outdoor,,-184.00,-184,7/30/2026,0.3517,,,,No,SF,4.19,1.59,34.67856831,65.32,34.67856831,0.35,,0,,0.35,,0.4,0.5,Push
Underdog,MLB,,Jake Cronenworth,2B,,RBIs,0.5,,,7/30/2026,Thu 09:40pm,pre_game,MLB,standard,https://assets.underdogfantasy.com/player-images/mlb/20260323_23-a3152805-3787-44a0-a8a9-b3ef604ac40d.png,,0.5,27.49,72.51,-2.49,72.51,Under,https://www.freeiconspng.com/img/1934,2026-07-31T01:41:00Z,Yes,-1.50,8.3,Giants @ Padres,2026-07-31T01:40:00Z,Thu 09:40pm,Petco Park,outdoor,,-264.00,-264,7/30/2026,0.2749,,,,No,SF,4.19,1.59,32.12144273,67.88,32.12144273,0.27,,0,,0.27,,0.35,0.5,Push
Underdog,MLB,,Chandler Simpson,LF,,RBIs,0.5,,,7/31/2026,Fri 07:10pm,pre_game,MLB,standard,https://assets.underdogfantasy.com/player-images/mlb/20260328_05-1b943e95-7a9d-49f0-9ed6-b8e46f29a4be.png,,,,,,,,,,,,,White Sox @ Rays,2026-07-31T23:10:00Z,Fri 07:10pm,Tropicana Field,indoor,,,,,,,,,No,,,3.5,,,,0.00,,0,,0,,0.5,0.5,Push
Underdog,MLB,,Jake Cronenworth,2B,,Batter Walks,0.5,,,7/30/2026,Thu 09:40pm,pre_game,MLB,standard,https://assets.underdogfantasy.com/player-images/mlb/20260323_23-a3152805-3787-44a0-a8a9-b3ef604ac40d.png,,0.5,36.25,63.75,-5.48,63.75,Under,https://www.freeiconspng.com/img/1934,2026-07-31T01:41:00Z,Yes,-1.50,8.3,Giants @ Padres,2026-07-31T01:40:00Z,Thu 09:40pm,Petco Park,outdoor,,-176.00,-176,7/30/2026,0.3625,,,,No,SF,4.19,1.59,30.40656863,69.59,30.40656863,0.36,,0,,0.36,,0.36,0,Push
Underdog,MLB,,Chandler Simpson,LF,,Batter Walks,0.5,,,7/31/2026,Fri 07:10pm,pre_game,MLB,standard,https://assets.underdogfantasy.com/player-images/mlb/20260328_05-1b943e95-7a9d-49f0-9ed6-b8e46f29a4be.png,,0.5,22.84,77.16,-8.35,77.16,Under,https://www.freeiconspng.com/img/1934,,Yes,-1.40,8.1,White Sox @ Rays,2026-07-31T23:10:00Z,Fri 07:10pm,Tropicana Field,indoor,,-338.00,-338,7/31/2026,0.2284,,,,No,,,3.5,20.41941262,79.58,20.41941262,0.23,,0,,0.23,,0.23,0,Push
Underdog,MLB,,Chandler Simpson,LF,,Stolen Bases,0.5,,,7/31/2026,Fri 07:10pm,pre_game,MLB,standard,https://assets.underdogfantasy.com/player-images/mlb/20260328_05-1b943e95-7a9d-49f0-9ed6-b8e46f29a4be.png,,0.5,33.56,66.44,0.22,66.44,Under,https://www.freeiconspng.com/img/1934,,Yes,-1.40,8.1,White Sox @ Rays,2026-07-31T23:10:00Z,Fri 07:10pm,Tropicana Field,indoor,,-198.00,-198,7/31/2026,0.3356,,,,No,,,3.5,34.1506086,65.85,34.1506086,0.34,,0,,0.34,,0.39,0.5,Push
Underdog,MLB,,Jake Cronenworth,2B,,Stolen Bases,0.5,,,7/30/2026,Thu 09:40pm,pre_game,MLB,standard,https://assets.underdogfantasy.com/player-images/mlb/20260323_23-a3152805-3787-44a0-a8a9-b3ef604ac40d.png,,0.5,11.21,88.79,-4.54,88.79,Under,https://www.freeiconspng.com/img/1934,2026-07-31T01:41:00Z,Yes,-1.50,8.3,Giants @ Padres,2026-07-31T01:40:00Z,Thu 09:40pm,Petco Park,outdoor,,-792.00,-792,7/30/2026,0.1121,,,,No,SF,4.19,1.59,26.3650199,73.63,26.3650199,0.11,,0,,0.11,,0.24,0.5,Push
Underdog,MLB,,Chase Meidroth,2B,,Hits + Runs + RBIs,1.5,,,7/31/2026,Fri 07:10pm,pre_game,MLB,standard,https://assets.underdogfantasy.com/player-images/mlb/20260325_02-e2d3b10b-5b8b-4043-a290-03c09970f476.png,,,,,,,,,,,,,White Sox @ Rays,2026-07-31T23:10:00Z,Fri 07:10pm,Tropicana Field,indoor,,,,,,,,,No,,,3.5,,,,0.00,,0,,0,,0,0,Push
Underdog,MLB,,Jordan Walker,RF,,Hits + Runs + RBIs,1.5,,,7/31/2026,Fri 07:07pm,pre_game,MLB,standard,https://assets.underdogfantasy.com/player-images/mlb/20260325_02-7941825b-0909-40e8-b680-8c6493f24c89.png,,1.5,44.72,55.28,0.12,55.28,Under,https://www.freeiconspng.com/img/1934,,Yes,-1.40,7.6,Cardinals @ Blue Jays,2026-07-31T23:07:00Z,Fri 07:07pm,Rogers Centre,retractable,,-124.00,-124,7/31/2026,1.3416,,,,No,,,3.5,38.78424186,61.22,38.78424186,1.34,,0,,1.34,,1.34,0,Push
Underdog,MLB,,Luis Rengifo,3B,,Hits + Runs + RBIs,1.5,,,7/30/2026,Thu 09:40pm,pre_game,MLB,standard,https://assets.underdogfantasy.com/player-images/mlb/20260325_02-5a5c2351-19ee-440a-8db9-07583ff96005.png,,1.5,50.42,49.58,-6.1,50.42,Over,https://www.freeiconspng.com/img/1934,2026-07-31T01:41:00Z,Yes,-1.50,8.3,Giants @ Padres,2026-07-31T01:40:00Z,Thu 09:40pm,Petco Park,outdoor,,-102.00,-102,7/30/2026,1.5126,,,,No,SF,5.23,1.73,44.63828668,55.36,44.63828668,1.51,,0,,1.51,,1.51,0,Great Bet
Underdog,MLB,,Jordan Walker,RF,,Home Runs,0.5,,,7/31/2026,Fri 07:07pm,pre_game,MLB,standard,https://assets.underdogfantasy.com/player-images/mlb/20260325_02-7941825b-0909-40e8-b680-8c6493f24c89.png,,0.5,15.62,84.38,0.35,84.38,Under,https://www.freeiconspng.com/img/1934,,Yes,-1.40,7.6,Cardinals @ Blue Jays,2026-07-31T23:07:00Z,Fri 07:07pm,Rogers Centre,retractable,,-540.00,-540,7/31/2026,0.1562,,,,No,,,3.5,27.9709013,72.03,27.9709013,0.16,,0,,0.16,,0.27,0.5,Push
Underdog,MLB,,Chase Meidroth,2B,,Home Runs,0.5,,,7/31/2026,Fri 07:10pm,pre_game,MLB,standard,https://assets.underdogfantasy.com/player-images/mlb/20260325_02-e2d3b10b-5b8b-4043-a290-03c09970f476.png,,,,,,,,,,,,,White Sox @ Rays,2026-07-31T23:10:00Z,Fri 07:10pm,Tropicana Field,indoor,,,,,,,,,No,,,3.5,,,,0.00,,0,,0,,0.5,0.5,Push
Underdog,MLB,,Luis Rengifo,3B,,Home Runs,0.5,,,7/30/2026,Thu 09:40pm,pre_game,MLB,standard,https://assets.underdogfantasy.com/player-images/mlb/20260325_02-5a5c2351-19ee-440a-8db9-07583ff96005.png,,0.5,13.62,86.38,-2.9,86.38,Under,https://www.freeiconspng.com/img/1934,2026-07-31T01:41:00Z,Yes,-1.50,8.3,Giants @ Padres,2026-07-31T01:40:00Z,Thu 09:40pm,Petco Park,outdoor,,-634.00,-634,7/30/2026,0.1362,,,,No,SF,5.23,1.73,27.24699682,72.75,27.24699682,0.14,,0,,0.14,,0.26,0.5,Push
Underdog,MLB,,Luis Rengifo,3B,,Total Bases,1.5,,,7/30/2026,Thu 09:40pm,pre_game,MLB,standard,https://assets.underdogfantasy.com/player-images/mlb/20260325_02-5a5c2351-19ee-440a-8db9-07583ff96005.png,,1.5,39.3,60.7,-3.84,60.7,Under,https://www.freeiconspng.com/img/1934,2026-07-31T01:41:00Z,Yes,-1.50,8.3,Giants @ Padres,2026-07-31T01:40:00Z,Thu 09:40pm,Petco Park,outdoor,,-154.00,-154,7/30/2026,1.179,,,,No,SF,5.23,1.73,20.54713271,79.45,20.54713271,1.18,,0,,1.18,,0.95,0.5,Push
Underdog,MLB,,Luis Rengifo,3B,,Hitter Fantasy Score,6.5,,,7/30/2026,Thu 09:40pm,pre_game,MLB,standard,https://assets.underdogfantasy.com/player-images/mlb/20260325_02-5a5c2351-19ee-440a-8db9-07583ff96005.png,,,,,,,,,,,,,Giants @ Padres,2026-07-31T01:40:00Z,Thu 09:40pm,Petco Park,outdoor,,,,,5.23,,,,No,SF,5.23,1.73,45.11538462,54.88,54.88461538,5.23,,0,,5.14,,4.29,2.5,Push
Underdog,MLB,,Chase Meidroth,2B,,Hits,0.5,,,7/31/2026,Fri 07:10pm,pre_game,MLB,standard,https://assets.underdogfantasy.com/player-images/mlb/20260325_02-e2d3b10b-5b8b-4043-a290-03c09970f476.png,,,,,,,,,,,,,White Sox @ Rays,2026-07-31T23:10:00Z,Fri 07:10pm,Tropicana Field,indoor,,,,,,,,,No,,,3.5,,,,0.00,,0,,0,,0.5,0.5,Push
Underdog,MLB,,Luis Rengifo,3B,,Hits,0.5,,,7/30/2026,Thu 09:40pm,pre_game,MLB,standard,https://assets.underdogfantasy.com/player-images/mlb/20260325_02-5a5c2351-19ee-440a-8db9-07583ff96005.png,,0.5,64.53,35.47,-3.52,64.53,Over,https://www.freeiconspng.com/img/1934,2026-07-31T01:41:00Z,Yes,-1.50,8.3,Giants @ Padres,2026-07-31T01:40:00Z,Thu 09:40pm,Petco Park,outdoor,,-182.00,-182,7/30/2026,0.6453,,,,No,SF,5.23,1.73,43.59712198,56.40,43.59712198,0.65,,0,,0.65,,0.6,0.5,Good Bet
Underdog,MLB,,Jordan Walker,RF,,Hits,0.5,,,7/31/2026,Fri 07:07pm,pre_game,MLB,standard,https://assets.underdogfantasy.com/player-images/mlb/20260325_02-7941825b-0909-40e8-b680-8c6493f24c89.png,,0.5,60.72,39.28,0.09,60.72,Over,https://www.freeiconspng.com/img/1934,,Yes,-1.40,7.6,Cardinals @ Blue Jays,2026-07-31T23:07:00Z,Fri 07:07pm,Rogers Centre,retractable,,-155.00,-155,7/31/2026,0.6072,,,,No,,,3.5,42.51234748,57.49,42.51234748,0.61,,0,,0.61,,0.57,0.5,Good Bet
Underdog,MLB,,Chase Meidroth,2B,,Runs,0.5,,,7/31/2026,Fri 07:10pm,pre_game,MLB,standard,https://assets.underdogfantasy.com/player-images/mlb/20260325_02-e2d3b10b-5b8b-4043-a290-03c09970f476.png,,,,,,,,,,,,,White Sox @ Rays,2026-07-31T23:10:00Z,Fri 07:10pm,Tropicana Field,indoor,,,,,,,,,No,,,3.5,,,,0.00,,0,,0,,0.5,0.5,Push
Underdog,MLB,,Luis Rengifo,3B,,Runs,0.5,,,7/30/2026,Thu 09:40pm,pre_game,MLB,standard,https://assets.underdogfantasy.com/player-images/mlb/20260325_02-5a5c2351-19ee-440a-8db9-07583ff96005.png,,0.5,43.67,56.33,-2,56.33,Under,https://www.freeiconspng.com/img/1934,2026-07-31T01:41:00Z,Yes,-1.50,8.3,Giants @ Padres,2026-07-31T01:40:00Z,Thu 09:40pm,Petco Park,outdoor,,-129.00,-129,7/30/2026,0.4367,,,,No,SF,5.23,1.73,37.39656267,62.60,37.39656267,0.44,,0,,0.44,,0.46,0.5,Push
Underdog,MLB,,Jordan Walker,RF,,Runs,0.5,,,7/31/2026,Fri 07:07pm,pre_game,MLB,standard,https://assets.underdogfantasy.com/player-images/mlb/20260325_02-7941825b-0909-40e8-b680-8c6493f24c89.png,,0.5,39.68,60.32,0,60.32,Under,https://www.freeiconspng.com/img/1934,,Yes,-1.40,7.6,Cardinals @ Blue Jays,2026-07-31T23:07:00Z,Fri 07:07pm,Rogers Centre,retractable,,-152.00,-152,7/31/2026,0.3968,,,,No,,,3.5,36.13508267,63.86,36.13508267,0.40,,0,,0.4,,0.43,0.5,Push
Underdog,MLB,,Jordan Walker,RF,,RBIs,0.5,,,7/31/2026,Fri 07:07pm,pre_game,MLB,standard,https://assets.underdogfantasy.com/player-images/mlb/20260325_02-7941825b-0909-40e8-b680-8c6493f24c89.png,,,,,,,,,,,,,Cardinals @ Blue Jays,2026-07-31T23:07:00Z,Fri 07:07pm,Rogers Centre,retractable,,,,,,,,,No,,,3.5,,,,0.00,,0,,0,,0.5,0.5,Push
Underdog,MLB,,Chase Meidroth,2B,,RBIs,0.5,,,7/31/2026,Fri 07:10pm,pre_game,MLB,standard,https://assets.underdogfantasy.com/player-images/mlb/20260325_02-e2d3b10b-5b8b-4043-a290-03c09970f476.png,,,,,,,,,,,,,White Sox @ Rays,2026-07-31T23:10:00Z,Fri 07:10pm,Tropicana Field,indoor,,,,,,,,,No,,,3.5,,,,0.00,,0,,0,,0.5,0.5,Push
Underdog,MLB,,Luis Rengifo,3B,,RBIs,0.5,,,7/30/2026,Thu 09:40pm,pre_game,MLB,standard,https://assets.underdogfantasy.com/player-images/mlb/20260325_02-5a5c2351-19ee-440a-8db9-07583ff96005.png,,0.5,32.61,67.39,-1.36,67.39,Under,https://www.freeiconspng.com/img/1934,2026-07-31T01:41:00Z,Yes,-1.50,8.3,Giants @ Padres,2026-07-31T01:40:00Z,Thu 09:40pm,Petco Park,outdoor,,-207.00,-207,7/30/2026,0.3261,,,,No,SF,5.23,1.73,33.83707995,66.16,33.83707995,0.33,,0,,0.33,,0.38,0.5,Push
Underdog,MLB,,Chase Meidroth,2B,,Batter Walks,0.5,,,7/31/2026,Fri 07:10pm,pre_game,MLB,standard,https://assets.underdogfantasy.com/player-images/mlb/20260325_02-e2d3b10b-5b8b-4043-a290-03c09970f476.png,,,,,,,,,,,,,White Sox @ Rays,2026-07-31T23:10:00Z,Fri 07:10pm,Tropicana Field,indoor,,,,,,,,,No,,,3.5,,,,0.00,,0,,0,,0,0,Push
Underdog,MLB,,Jordan Walker,RF,,Batter Walks,0.5,,,7/31/2026,Fri 07:07pm,pre_game,MLB,standard,https://assets.underdogfantasy.com/player-images/mlb/20260325_02-7941825b-0909-40e8-b680-8c6493f24c89.png,,0.5,31.53,68.47,-7.72,68.47,Under,https://www.freeiconspng.com/img/1934,,Yes,-1.40,7.6,Cardinals @ Blue Jays,2026-07-31T23:07:00Z,Fri 07:07pm,Rogers Centre,retractable,,-217.00,-217,7/31/2026,0.3153,,,,No,,,3.5,27.04300296,72.96,27.04300296,0.32,,0,,0.32,,0.32,0,Push
Underdog,MLB,,Luis Rengifo,3B,,Batter Walks,0.5,,,7/30/2026,Thu 09:40pm,pre_game,MLB,standard,https://assets.underdogfantasy.com/player-images/mlb/20260325_02-5a5c2351-19ee-440a-8db9-07583ff96005.png,,0.5,30.43,69.57,-5.43,69.57,Under,https://www.freeiconspng.com/img/1934,2026-07-31T01:41:00Z,Yes,-1.50,8.3,Giants @ Padres,2026-07-31T01:40:00Z,Thu 09:40pm,Petco Park,outdoor,,-229.00,-229,7/30/2026,0.3043,,,,No,SF,5.23,1.73,26.23604586,73.76,26.23604586,0.30,,0,,0.3,,0.3,0,Push
Underdog,MLB,,Jordan Walker,RF,,Stolen Bases,0.5,,,7/31/2026,Fri 07:07pm,pre_game,MLB,standard,https://assets.underdogfantasy.com/player-images/mlb/20260325_02-7941825b-0909-40e8-b680-8c6493f24c89.png,,0.5,11.77,88.23,0.52,88.23,Under,https://www.freeiconspng.com/img/1934,,Yes,-1.40,7.6,Cardinals @ Blue Jays,2026-07-31T23:07:00Z,Fri 07:07pm,Rogers Centre,retractable,,-750.00,-750,7/31/2026,0.1177,,,,No,,,3.5,26.57090946,73.43,26.57090946,0.12,,0,,0.12,,0.25,0.5,Push
Underdog,MLB,,Luis Rengifo,3B,,Stolen Bases,0.5,,,7/30/2026,Thu 09:40pm,pre_game,MLB,standard,https://assets.underdogfantasy.com/player-images/mlb/20260325_02-5a5c2351-19ee-440a-8db9-07583ff96005.png,,0.5,16.55,83.45,-5.44,83.45,Under,https://www.freeiconspng.com/img/1934,2026-07-31T01:41:00Z,Yes,-1.50,8.3,Giants @ Padres,2026-07-31T01:40:00Z,Thu 09:40pm,Petco Park,outdoor,,-504.00,-504,7/30/2026,0.1655,,,,No,SF,5.23,1.73,28.30505909,71.69,28.30505909,0.17,,0,,0.17,,0.28,0.5,Push
Underdog,MLB,,Isaac Collins,LF,,Hits + Runs + RBIs,1.5,,,7/31/2026,Fri 08:40pm,pre_game,MLB,standard,https://assets.underdogfantasy.com/player-images/mlb/20260323_23-affa998e-0ae8-403c-9fe9-33ebe4352d03.png,,1.5,50.57,49.43,-8.38,50.57,Over,https://www.freeiconspng.com/img/1934,,No,1.40,10.9,Royals @ Rockies,2026-08-01T00:40:00Z,Fri 08:40pm,Coors Field,outdoor,,-102.00,-102,7/31/2026,1.5171,,,,No,,,3.5,44.78814851,55.21,44.78814851,1.52,,0,,1.52,,1.52,0,Great Bet
Underdog,MLB,,Colson Montgomery,SS,,Hits + Runs + RBIs,1.5,,,7/31/2026,Fri 07:10pm,pre_game,MLB,standard,https://assets.underdogfantasy.com/player-images/mlb/20260330_04-965f53f5-6709-4e94-8876-3fe10c66e114.png,,,,,,,,,,,,,White Sox @ Rays,2026-07-31T23:10:00Z,Fri 07:10pm,Tropicana Field,indoor,,,,,,,,,No,,,3.5,,,,0.00,,0,,0,,0,0,Push
Underdog,MLB,,Isaac Collins,LF,,Home Runs,0.5,,,7/31/2026,Fri 08:40pm,pre_game,MLB,standard,https://assets.underdogfantasy.com/player-images/mlb/20260323_23-affa998e-0ae8-403c-9fe9-33ebe4352d03.png,,0.5,9.57,90.43,0.34,90.43,Under,https://www.freeiconspng.com/img/1934,,No,1.40,10.9,Royals @ Rockies,2026-08-01T00:40:00Z,Fri 08:40pm,Coors Field,outdoor,,-945.00,-945,7/31/2026,0.0957,,,,No,,,3.5,25.75873067,74.24,25.75873067,0.10,,0,,0.1,,0.23,0.5,Push
Underdog,MLB,,Colson Montgomery,SS,,Home Runs,0.5,,,7/31/2026,Fri 07:10pm,pre_game,MLB,standard,https://assets.underdogfantasy.com/player-images/mlb/20260330_04-965f53f5-6709-4e94-8876-3fe10c66e114.png,,,,,,,,,,,,,White Sox @ Rays,2026-07-31T23:10:00Z,Fri 07:10pm,Tropicana Field,indoor,,,,,,,,,No,,,3.5,,,,0.00,,0,,0,,0.5,0.5,Push
Underdog,MLB,,Isaac Collins,LF,,Total Bases,1.5,,,7/31/2026,Fri 08:40pm,pre_game,MLB,standard,https://assets.underdogfantasy.com/player-images/mlb/20260323_23-affa998e-0ae8-403c-9fe9-33ebe4352d03.png,,1.5,39.37,60.63,0,60.63,Under,https://www.freeiconspng.com/img/1934,,No,1.40,10.9,Royals @ Rockies,2026-08-01T00:40:00Z,Fri 08:40pm,Coors Field,outdoor,,-154.00,-154,7/31/2026,1.1811,,,,No,,,3.5,20.58520976,79.41,20.58520976,1.18,,0,,1.18,,0.95,0.5,Push
Underdog,MLB,,Colson Montgomery,SS,,Hits,0.5,,,7/31/2026,Fri 07:10pm,pre_game,MLB,standard,https://assets.underdogfantasy.com/player-images/mlb/20260330_04-965f53f5-6709-4e94-8876-3fe10c66e114.png,,,,,,,,,,,,,White Sox @ Rays,2026-07-31T23:10:00Z,Fri 07:10pm,Tropicana Field,indoor,,,,,,,,,No,,,3.5,,,,0.00,,0,,0,,0.5,0.5,Push
Underdog,MLB,,Isaac Collins,LF,,Hits,1.5,,,7/31/2026,Fri 08:40pm,pre_game,MLB,standard,https://assets.underdogfantasy.com/player-images/mlb/20260323_23-affa998e-0ae8-403c-9fe9-33ebe4352d03.png,,0.5,66.44,33.56,0.22,66.44,Over,https://www.freeiconspng.com/img/1934,,No,1.40,10.9,Royals @ Rockies,2026-08-01T00:40:00Z,Fri 08:40pm,Coors Field,outdoor,,-198.00,-198,7/31/2026,0.6644,,,,No,,,3.5,11.60755788,88.39,11.60755788,0.66,,0,,0.66,,0.61,0.5,Push
Underdog,MLB,,Colson Montgomery,SS,,Runs,0.5,,,7/31/2026,Fri 07:10pm,pre_game,MLB,standard,https://assets.underdogfantasy.com/player-images/mlb/20260330_04-965f53f5-6709-4e94-8876-3fe10c66e114.png,,,,,,,,,,,,,White Sox @ Rays,2026-07-31T23:10:00Z,Fri 07:10pm,Tropicana Field,indoor,,,,,,,,,No,,,3.5,,,,0.00,,0,,0,,0.5,0.5,Push
Underdog,MLB,,Isaac Collins,LF,,Runs,0.5,,,7/31/2026,Fri 08:40pm,pre_game,MLB,standard,https://assets.underdogfantasy.com/player-images/mlb/20260323_23-affa998e-0ae8-403c-9fe9-33ebe4352d03.png,,0.5,44.62,55.38,0.22,55.38,Under,https://www.freeiconspng.com/img/1934,,No,1.40,10.9,Royals @ Rockies,2026-08-01T00:40:00Z,Fri 08:40pm,Coors Field,outdoor,,-124.00,-124,7/31/2026,0.4462,,,,No,,,3.5,37.69322387,62.31,37.69322387,0.45,,0,,0.45,,0.46,0.5,Push
Underdog,MLB,,Isaac Collins,LF,,RBIs,0.5,,,7/31/2026,Fri 08:40pm,pre_game,MLB,standard,https://assets.underdogfantasy.com/player-images/mlb/20260323_23-affa998e-0ae8-403c-9fe9-33ebe4352d03.png,,,,,,,,,,,,,Royals @ Rockies,2026-08-01T00:40:00Z,Fri 08:40pm,Coors Field,outdoor,,,,,,,,,No,,,3.5,,,,0.00,,0,,0,,0.5,0.5,Push
Underdog,MLB,,Colson Montgomery,SS,,RBIs,0.5,,,7/31/2026,Fri 07:10pm,pre_game,MLB,standard,https://assets.underdogfantasy.com/player-images/mlb/20260330_04-965f53f5-6709-4e94-8876-3fe10c66e114.png,,,,,,,,,,,,,White Sox @ Rays,2026-07-31T23:10:00Z,Fri 07:10pm,Tropicana Field,indoor,,,,,,,,,No,,,3.5,,,,0.00,,0,,0,,0.5,0.5,Push
Underdog,MLB,,Colson Montgomery,SS,,Batter Walks,0.5,,,7/31/2026,Fri 07:10pm,pre_game,MLB,standard,https://assets.underdogfantasy.com/player-images/mlb/20260330_04-965f53f5-6709-4e94-8876-3fe10c66e114.png,,,,,,,,,,,,,White Sox @ Rays,2026-07-31T23:10:00Z,Fri 07:10pm,Tropicana Field,indoor,,,,,,,,,No,,,3.5,,,,0.00,,0,,0,,0,0,Push
Underdog,MLB,,Isaac Collins,LF,,Batter Walks,0.5,,,7/31/2026,Fri 08:40pm,pre_game,MLB,standard,https://assets.underdogfantasy.com/player-images/mlb/20260323_23-affa998e-0ae8-403c-9fe9-33ebe4352d03.png,,0.5,39.8,60.2,-7.01,60.2,Under,https://www.freeiconspng.com/img/1934,,No,1.40,10.9,Royals @ Rockies,2026-08-01T00:40:00Z,Fri 08:40pm,Coors Field,outdoor,,-151.00,-151,7/31/2026,0.398,,,,No,,,3.5,32.83379723,67.17,32.83379723,0.40,,0,,0.4,,0.4,0,Push
Underdog,MLB,,Isaac Collins,LF,,Stolen Bases,0.5,,,7/31/2026,Fri 08:40pm,pre_game,MLB,standard,https://assets.underdogfantasy.com/player-images/mlb/20260323_23-affa998e-0ae8-403c-9fe9-33ebe4352d03.png,,0.5,10.09,89.91,0.63,89.91,Under,https://www.freeiconspng.com/img/1934,,No,1.40,10.9,Royals @ Rockies,2026-08-01T00:40:00Z,Fri 08:40pm,Coors Field,outdoor,,-891.00,-891,7/31/2026,0.1009,,,,No,,,3.5,25.95150725,74.05,25.95150725,0.10,,0,,0.1,,0.23,0.5,Push
Underdog,MLB,,Caleb Durbin,3B,,Hits + Runs + RBIs,1.5,,,7/30/2026,Thu 09:40pm,pre_game,MLB,standard,https://assets.underdogfantasy.com/player-images/mlb/20260324_03-e538823b-c37b-4ecd-ab64-d28d8cbb8974.png,,1.5,57.87,42.13,-4.39,57.87,Over,https://www.freeiconspng.com/img/1934,2026-07-31T01:41:00Z,No,1.50,10,Red Sox @ Athletics,2026-07-31T01:40:00Z,Thu 09:40pm,Sutter Health Park,outdoor,NBCS-CA,-137.00,-137,7/30/2026,1.7361,,,,No,ATH,7.5,2.95,51.78820335,48.21,51.78820335,1.74,,0,,1.74,,1.74,0,Great Bet
Underdog,MLB,,Jeff McNeil,2B,,Hits + Runs + RBIs,1.5,,,7/30/2026,Thu 09:40pm,pre_game,MLB,standard,https://assets.underdogfantasy.com/player-images/mlb/20260325_03-c31c5931-b7db-447d-9207-5d6f58ec0f4f.png,,1.5,46.57,53.43,-3.09,53.43,Under,https://www.freeiconspng.com/img/1934,,No,1.50,10,Red Sox @ Athletics,2026-07-31T01:40:00Z,Thu 09:40pm,Sutter Health Park,outdoor,NBCS-CA,-115.00,-115,7/30/2026,1.3971,,,,No,,,3.5,40.71656887,59.28,40.71656887,1.40,,0,,1.4,,1.4,0,Push
Underdog,MLB,,Caleb Durbin,3B,,Home Runs,0.5,,,7/30/2026,Thu 09:40pm,pre_game,MLB,standard,https://assets.underdogfantasy.com/player-images/mlb/20260324_03-e538823b-c37b-4ecd-ab64-d28d8cbb8974.png,,0.5,12.45,87.55,-1.73,87.55,Under,https://www.freeiconspng.com/img/1934,2026-07-31T01:41:00Z,No,1.50,10,Red Sox @ Athletics,2026-07-31T01:40:00Z,Thu 09:40pm,Sutter Health Park,outdoor,NBCS-CA,-703.00,-703,7/30/2026,0.1245,,,,No,ATH,7.5,2.95,26.82014443,73.18,26.82014443,0.12,,0,,0.12,,0.25,0.5,Push
Underdog,MLB,,Jeff McNeil,2B,,Home Runs,0.5,,,7/30/2026,Thu 09:40pm,pre_game,MLB,standard,https://assets.underdogfantasy.com/player-images/mlb/20260325_03-c31c5931-b7db-447d-9207-5d6f58ec0f4f.png,,0.5,9.89,90.11,-2.48,90.11,Under,https://www.freeiconspng.com/img/1934,,No,1.50,10,Red Sox @ Athletics,2026-07-31T01:40:00Z,Thu 09:40pm,Sutter Health Park,outdoor,NBCS-CA,-911.00,-911,7/30/2026,0.0989,,,,No,,,3.5,25.87742172,74.12,25.87742172,0.10,,0,,0.1,,0.23,0.5,Push
Underdog,MLB,,Jeff McNeil,2B,,Total Bases,1.5,,,7/30/2026,Thu 09:40pm,pre_game,MLB,standard,https://assets.underdogfantasy.com/player-images/mlb/20260325_03-c31c5931-b7db-447d-9207-5d6f58ec0f4f.png,,1.5,35.75,64.25,-6.68,64.25,Under,https://www.freeiconspng.com/img/1934,,No,1.50,10,Red Sox @ Athletics,2026-07-31T01:40:00Z,Thu 09:40pm,Sutter Health Park,outdoor,NBCS-CA,-180.00,-180,7/30/2026,1.0725,,,,No,,,3.5,18.62739762,81.37,18.62739762,1.07,,0,,1.07,,0.88,0.5,Push
Underdog,MLB,,Caleb Durbin,3B,,Total Bases,1.5,,,7/30/2026,Thu 09:40pm,pre_game,MLB,standard,https://assets.underdogfantasy.com/player-images/mlb/20260324_03-e538823b-c37b-4ecd-ab64-d28d8cbb8974.png,,1.5,44.89,55.11,-4.4,55.11,Under,https://www.freeiconspng.com/img/1934,2026-07-31T01:41:00Z,No,1.50,10,Red Sox @ Athletics,2026-07-31T01:40:00Z,Thu 09:40pm,Sutter Health Park,outdoor,NBCS-CA,-123.00,-123,7/30/2026,1.3467,,,,No,ATH,7.5,2.95,23.6071853,76.39,23.6071853,1.35,,0,,1.35,,1.06,0.5,Push
Underdog,MLB,,Caleb Durbin,3B,,Hitter Fantasy Score,7.5,,,7/30/2026,Thu 09:40pm,pre_game,MLB,standard,https://assets.underdogfantasy.com/player-images/mlb/20260324_03-e538823b-c37b-4ecd-ab64-d28d8cbb8974.png,,,,,,,,,,,,,Red Sox @ Athletics,2026-07-31T01:40:00Z,Thu 09:40pm,Sutter Health Park,outdoor,NBCS-CA,,,,7.5,,,,No,ATH,7.5,2.95,50,50.00,50,7.50,,0,,6.67,,5.89,3.5,Push
Underdog,MLB,,Jeff McNeil,2B,,Hitter Fantasy Score,5.5,,,7/30/2026,Thu 09:40pm,pre_game,MLB,standard,https://assets.underdogfantasy.com/player-images/mlb/20260325_03-c31c5931-b7db-447d-9207-5d6f58ec0f4f.png,,,,,,,,,,,,,Red Sox @ Athletics,2026-07-31T01:40:00Z,Thu 09:40pm,Sutter Health Park,outdoor,NBCS-CA,,,,,,,,No,,,3.5,,,,0.00,,0,,6.16,,4.33,2.5,Push
Underdog,MLB,,Jeff McNeil,2B,,Hits,0.5,,,7/30/2026,Thu 09:40pm,pre_game,MLB,standard,https://assets.underdogfantasy.com/player-images/mlb/20260325_03-c31c5931-b7db-447d-9207-5d6f58ec0f4f.png,,0.5,61.92,38.08,-2.99,61.92,Over,https://www.freeiconspng.com/img/1934,,No,1.50,10,Red Sox @ Athletics,2026-07-31T01:40:00Z,Thu 09:40pm,Sutter Health Park,outdoor,NBCS-CA,-163.00,-163,7/30/2026,0.6192,,,,No,,,3.5,42.85624068,57.14,42.85624068,0.62,,0,,0.62,,0.58,0.5,Good Bet
Underdog,MLB,,Caleb Durbin,3B,,Hits,1.5,,,7/30/2026,Thu 09:40pm,pre_game,MLB,standard,https://assets.underdogfantasy.com/player-images/mlb/20260324_03-e538823b-c37b-4ecd-ab64-d28d8cbb8974.png,,1.5,34.14,65.86,-3.56,65.86,Under,https://www.freeiconspng.com/img/1934,2026-07-31T01:41:00Z,No,1.50,10,Red Sox @ Athletics,2026-07-31T01:40:00Z,Thu 09:40pm,Sutter Health Park,outdoor,NBCS-CA,-193.00,-193,7/30/2026,1.0242,,,,No,ATH,7.5,2.95,17.76537307,82.23,17.76537307,1.02,,0,,1.02,,0.85,0.5,Push
Underdog,MLB,,Caleb Durbin,3B,,Runs,0.5,,,7/30/2026,Thu 09:40pm,pre_game,MLB,standard,https://assets.underdogfantasy.com/player-images/mlb/20260324_03-e538823b-c37b-4ecd-ab64-d28d8cbb8974.png,,0.5,48.51,51.49,-8.51,51.49,Under,https://www.freeiconspng.com/img/1934,2026-07-31T01:41:00Z,No,1.50,10,Red Sox @ Athletics,2026-07-31T01:40:00Z,Thu 09:40pm,Sutter Health Park,outdoor,NBCS-CA,-106.00,-106,7/30/2026,0.4851,,,,No,ATH,7.5,2.95,38.8933813,61.11,38.8933813,0.49,,0,,0.49,,0.49,0.5,Push
Underdog,MLB,,Jeff McNeil,2B,,Runs,0.5,,,7/30/2026,Thu 09:40pm,pre_game,MLB,standard,https://assets.underdogfantasy.com/player-images/mlb/20260325_03-c31c5931-b7db-447d-9207-5d6f58ec0f4f.png,,0.5,37.89,62.11,-5.63,62.11,Under,https://www.freeiconspng.com/img/1934,,No,1.50,10,Red Sox @ Athletics,2026-07-31T01:40:00Z,Thu 09:40pm,Sutter Health Park,outdoor,NBCS-CA,-164.00,-164,7/30/2026,0.3789,,,,No,,,3.5,35.56092615,64.44,35.56092615,0.38,,0,,0.38,,0.42,0.5,Push
Underdog,MLB,,Caleb Durbin,3B,,RBIs,0.5,,,7/30/2026,Thu 09:40pm,pre_game,MLB,standard,https://assets.underdogfantasy.com/player-images/mlb/20260324_03-e538823b-c37b-4ecd-ab64-d28d8cbb8974.png,,0.5,37.43,62.57,-5.17,62.57,Under,https://www.freeiconspng.com/img/1934,2026-07-31T01:41:00Z,No,1.50,10,Red Sox @ Athletics,2026-07-31T01:40:00Z,Thu 09:40pm,Sutter Health Park,outdoor,NBCS-CA,-167.00,-167,7/30/2026,0.3743,,,,No,ATH,7.5,2.95,35.4125457,64.59,35.4125457,0.37,,0,,0.37,,0.42,0.5,Push
Underdog,MLB,,Jeff McNeil,2B,,RBIs,0.5,,,7/30/2026,Thu 09:40pm,pre_game,MLB,standard,https://assets.underdogfantasy.com/player-images/mlb/20260325_03-c31c5931-b7db-447d-9207-5d6f58ec0f4f.png,,0.5,29.14,70.86,-2.47,70.86,Under,https://www.freeiconspng.com/img/1934,,No,1.50,10,Red Sox @ Athletics,2026-07-31T01:40:00Z,Thu 09:40pm,Sutter Health Park,outdoor,NBCS-CA,-243.00,-243,7/30/2026,0.2914,,,,No,,,3.5,32.67913718,67.32,32.67913718,0.29,,0,,0.29,,0.36,0.5,Push
Underdog,MLB,,Caleb Durbin,3B,,Batter Walks,0.5,,,7/30/2026,Thu 09:40pm,pre_game,MLB,standard,https://assets.underdogfantasy.com/player-images/mlb/20260324_03-e538823b-c37b-4ecd-ab64-d28d8cbb8974.png,,0.5,33.98,66.02,-9.29,66.02,Under,https://www.freeiconspng.com/img/1934,2026-07-31T01:41:00Z,No,1.50,10,Red Sox @ Athletics,2026-07-31T01:40:00Z,Thu 09:40pm,Sutter Health Park,outdoor,NBCS-CA,-194.00,-194,7/30/2026,0.3398,,,,No,ATH,7.5,2.95,28.80873089,71.19,28.80873089,0.34,,0,,0.34,,0.34,0,Push
Underdog,MLB,,Caleb Durbin,3B,,Stolen Bases,0.5,,,7/30/2026,Thu 09:40pm,pre_game,MLB,standard,https://assets.underdogfantasy.com/player-images/mlb/20260324_03-e538823b-c37b-4ecd-ab64-d28d8cbb8974.png,,0.5,22.76,77.24,-7.38,77.24,Under,https://www.freeiconspng.com/img/1934,2026-07-31T01:41:00Z,No,1.50,10,Red Sox @ Athletics,2026-07-31T01:40:00Z,Thu 09:40pm,Sutter Health Park,outdoor,NBCS-CA,-339.00,-339,7/30/2026,0.2276,,,,No,ATH,7.5,2.95,30.49698131,69.50,30.49698131,0.23,,0,,0.23,,0.32,0.5,Push
Underdog,MLB,,Jonah Heim,C,,Hits + Runs + RBIs,1.5,,,7/30/2026,Thu 09:40pm,pre_game,MLB,standard,https://assets.underdogfantasy.com/player-images/mlb/20260506_15-f75cce17-221d-4269-84ea-92083c354af7.png,,1.5,46.65,53.35,-4.1,53.35,Under,https://www.freeiconspng.com/img/1934,,No,1.50,10,Red Sox @ Athletics,2026-07-31T01:40:00Z,Thu 09:40pm,Sutter Health Park,outdoor,NBCS-CA,-114.00,-114,7/30/2026,1.3995,,,,No,,,3.5,40.79946563,59.20,40.79946563,1.40,,0,,1.4,,1.4,0,Push
Underdog,MLB,,Andrés Giménez,SS,,Hits + Runs + RBIs,1.5,,,7/31/2026,Fri 07:07pm,pre_game,MLB,standard,https://assets.underdogfantasy.com/player-images/mlb/20251021_22-0d84b0e6-869f-4b15-8eea-0d8444c49906.png,,1.5,40.35,59.65,-0.98,59.65,Under,https://www.freeiconspng.com/img/1934,,Yes,-1.40,7.6,Cardinals @ Blue Jays,2026-07-31T23:07:00Z,Fri 07:07pm,Rogers Centre,retractable,,-148.00,-148,,1.2105,,,,No,,,3.5,34.1164414,65.88,34.1164414,1.21,,0,,1.21,,1.21,0,Push
Underdog,MLB,,Andrés Giménez,SS,,Home Runs,0.5,,,7/31/2026,Fri 07:07pm,pre_game,MLB,standard,https://assets.underdogfantasy.com/player-images/mlb/20251021_22-0d84b0e6-869f-4b15-8eea-0d8444c49906.png,,0.5,5.91,94.09,0.63,94.09,Under,https://www.freeiconspng.com/img/1934,,Yes,-1.40,7.6,Cardinals @ Blue Jays,2026-07-31T23:07:00Z,Fri 07:07pm,Rogers Centre,retractable,,"-1,592.00",-1592,,0.0591,,,,No,,,3.5,24.38760793,75.61,24.38760793,0.06,,0,,0.06,,0.21,0.5,Push
Underdog,MLB,,Jonah Heim,C,,Home Runs,0.5,,,7/30/2026,Thu 09:40pm,pre_game,MLB,standard,https://assets.underdogfantasy.com/player-images/mlb/20260506_15-f75cce17-221d-4269-84ea-92083c354af7.png,,0.5,14.17,85.83,-2.66,85.83,Under,https://www.freeiconspng.com/img/1934,,No,1.50,10,Red Sox @ Athletics,2026-07-31T01:40:00Z,Thu 09:40pm,Sutter Health Park,outdoor,NBCS-CA,-606.00,-606,7/30/2026,0.1417,,,,No,,,3.5,27.44679274,72.55,27.44679274,0.14,,0,,0.14,,0.26,0.5,Push
Underdog,MLB,,Jonah Heim,C,,Hitter Fantasy Score,5.5,,,7/30/2026,Thu 09:40pm,pre_game,MLB,standard,https://assets.underdogfantasy.com/player-images/mlb/20260506_15-f75cce17-221d-4269-84ea-92083c354af7.png,,,,,,,,,,,,,Red Sox @ Athletics,2026-07-31T01:40:00Z,Thu 09:40pm,Sutter Health Park,outdoor,NBCS-CA,,,,,,,,No,,,3.5,,,,0.00,,0,,7.49,,7.49,0,Push
Underdog,MLB,,Andrés Giménez,SS,,Hits,0.5,,,7/31/2026,Fri 07:07pm,pre_game,MLB,standard,https://assets.underdogfantasy.com/player-images/mlb/20251021_22-0d84b0e6-869f-4b15-8eea-0d8444c49906.png,,0.5,54.77,45.23,0.22,54.77,Over,https://www.freeiconspng.com/img/1934,,Yes,-1.40,7.6,Cardinals @ Blue Jays,2026-07-31T23:07:00Z,Fri 07:07pm,Rogers Centre,retractable,,-121.00,-121,,0.5477,,,,No,,,3.5,40.77639556,59.22,40.77639556,0.55,,0,,0.55,,0.53,0.5,Good Bet
Underdog,MLB,,Jonah Heim,C,,Hits,0.5,,,7/30/2026,Thu 09:40pm,pre_game,MLB,standard,https://assets.underdogfantasy.com/player-images/mlb/20260506_15-f75cce17-221d-4269-84ea-92083c354af7.png,,0.5,61.04,38.96,-5.18,61.04,Over,https://www.freeiconspng.com/img/1934,,No,1.50,10,Red Sox @ Athletics,2026-07-31T01:40:00Z,Thu 09:40pm,Sutter Health Park,outdoor,NBCS-CA,-157.00,-157,7/30/2026,0.6104,,,,No,,,3.5,42.60425418,57.40,42.60425418,0.61,,0,,0.61,,0.57,0.5,Good Bet
Underdog,MLB,,Jonah Heim,C,,Runs,0.5,,,7/30/2026,Thu 09:40pm,pre_game,MLB,standard,https://assets.underdogfantasy.com/player-images/mlb/20260506_15-f75cce17-221d-4269-84ea-92083c354af7.png,,0.5,38.16,61.84,-4.83,61.84,Under,https://www.freeiconspng.com/img/1934,,No,1.50,10,Red Sox @ Athletics,2026-07-31T01:40:00Z,Thu 09:40pm,Sutter Health Park,outdoor,NBCS-CA,-162.00,-162,7/30/2026,0.3816,,,,No,,,3.5,35.6478602,64.35,35.6478602,0.38,,0,,0.38,,0.42,0.5,Push
Underdog,MLB,,Andrés Giménez,SS,,Runs,0.5,,,7/31/2026,Fri 07:07pm,pre_game,MLB,standard,https://assets.underdogfantasy.com/player-images/mlb/20251021_22-0d84b0e6-869f-4b15-8eea-0d8444c49906.png,,0.5,34.02,65.98,0.23,65.98,Under,https://www.freeiconspng.com/img/1934,,Yes,-1.40,7.6,Cardinals @ Blue Jays,2026-07-31T23:07:00Z,Fri 07:07pm,Rogers Centre,retractable,,-194.00,-194,,0.3402,,,,No,,,3.5,34.30188816,65.70,34.30188816,0.34,,0,,0.34,,0.39,0.5,Push
Underdog,MLB,,Jonah Heim,C,,RBIs,0.5,,,7/30/2026,Thu 09:40pm,pre_game,MLB,standard,https://assets.underdogfantasy.com/player-images/mlb/20260506_15-f75cce17-221d-4269-84ea-92083c354af7.png,,0.5,33.92,66.08,-3.15,66.08,Under,https://www.freeiconspng.com/img/1934,,No,1.50,10,Red Sox @ Athletics,2026-07-31T01:40:00Z,Thu 09:40pm,Sutter Health Park,outdoor,NBCS-CA,-195.00,-195,7/30/2026,0.3392,,,,No,,,3.5,34.26903089,65.73,34.26903089,0.34,,0,,0.34,,0.39,0.5,Push
Underdog,MLB,,Andrés Giménez,SS,,RBIs,0.5,,,7/31/2026,Fri 07:07pm,pre_game,MLB,standard,https://assets.underdogfantasy.com/player-images/mlb/20251021_22-0d84b0e6-869f-4b15-8eea-0d8444c49906.png,,,,,,,,,,,,,Cardinals @ Blue Jays,2026-07-31T23:07:00Z,Fri 07:07pm,Rogers Centre,retractable,,,,,,,,,No,,,3.5,,,,0.00,,0,,0,,0.5,0.5,Push
Underdog,MLB,,Jonah Heim,C,,Batter Walks,0.5,,,7/30/2026,Thu 09:40pm,pre_game,MLB,standard,https://assets.underdogfantasy.com/player-images/mlb/20260506_15-f75cce17-221d-4269-84ea-92083c354af7.png,,0.5,25.8,74.2,-9.13,74.2,Under,https://www.freeiconspng.com/img/1934,,No,1.50,10,Red Sox @ Athletics,2026-07-31T01:40:00Z,Thu 09:40pm,Sutter Health Park,outdoor,NBCS-CA,-288.00,-288,7/30/2026,0.258,,,,No,,,3.5,22.74047679,77.26,22.74047679,0.26,,0,,0.26,,0.26,0,Push
Underdog,MLB,,Andrés Giménez,SS,,Stolen Bases,0.5,,,7/31/2026,Fri 07:07pm,pre_game,MLB,standard,https://assets.underdogfantasy.com/player-images/mlb/20251021_22-0d84b0e6-869f-4b15-8eea-0d8444c49906.png,,0.5,12.46,87.54,0.58,87.54,Under,https://www.freeiconspng.com/img/1934,,Yes,-1.40,7.6,Cardinals @ Blue Jays,2026-07-31T23:07:00Z,Fri 07:07pm,Rogers Centre,retractable,,-703.00,-703,,0.1246,,,,No,,,3.5,26.82380333,73.18,26.82380333,0.12,,0,,0.12,,0.25,0.5,Push
Underdog,MLB,,Daulton Varsho,CF,,Hits + Runs + RBIs,1.5,,,7/31/2026,Fri 07:07pm,pre_game,MLB,standard,https://assets.underdogfantasy.com/player-images/mlb/20260424_14-4d568c58-5600-406f-8c67-6d7197e25976.png,,1.5,44.72,55.28,0.12,55.28,Under,https://www.freeiconspng.com/img/1934,,Yes,-1.40,7.6,Cardinals @ Blue Jays,2026-07-31T23:07:00Z,Fri 07:07pm,Rogers Centre,retractable,,-124.00,-124,7/31/2026,1.3416,,,,No,,,3.5,38.78424186,61.22,38.78424186,1.34,,0,,1.34,,1.34,0,Push
Underdog,MLB,,Daulton Varsho,CF,,Home Runs,0.5,,,7/31/2026,Fri 07:07pm,pre_game,MLB,standard,https://assets.underdogfantasy.com/player-images/mlb/20260424_14-4d568c58-5600-406f-8c67-6d7197e25976.png,,0.5,11.43,88.57,0.08,88.57,Under,https://www.freeiconspng.com/img/1934,,Yes,-1.40,7.6,Cardinals @ Blue Jays,2026-07-31T23:07:00Z,Fri 07:07pm,Rogers Centre,retractable,,-775.00,-775,7/31/2026,0.1143,,,,No,,,3.5,26.44597384,73.55,26.44597384,0.11,,0,,0.11,,0.24,0.5,Push
Underdog,MLB,,Daulton Varsho,CF,,Hits,0.5,,,7/31/2026,Fri 07:07pm,pre_game,MLB,standard,https://assets.underdogfantasy.com/player-images/mlb/20260424_14-4d568c58-5600-406f-8c67-6d7197e25976.png,,0.5,59.71,40.29,0.2,59.71,Over,https://www.freeiconspng.com/img/1934,,Yes,-1.40,7.6,Cardinals @ Blue Jays,2026-07-31T23:07:00Z,Fri 07:07pm,Rogers Centre,retractable,,-148.00,-148,7/31/2026,0.5971,,,,No,,,3.5,42.22130056,57.78,42.22130056,0.60,,0,,0.6,,0.56,0.5,Good Bet
Underdog,MLB,,Daulton Varsho,CF,,Runs,0.5,,,7/31/2026,Fri 07:07pm,pre_game,MLB,standard,https://assets.underdogfantasy.com/player-images/mlb/20260424_14-4d568c58-5600-406f-8c67-6d7197e25976.png,,0.5,37.79,62.21,0.09,62.21,Under,https://www.freeiconspng.com/img/1934,,Yes,-1.40,7.6,Cardinals @ Blue Jays,2026-07-31T23:07:00Z,Fri 07:07pm,Rogers Centre,retractable,,-165.00,-165,7/31/2026,0.3779,,,,No,,,3.5,35.52869855,64.47,35.52869855,0.38,,0,,0.38,,0.42,0.5,Push
Underdog,MLB,,Daulton Varsho,CF,,RBIs,0.5,,,7/31/2026,Fri 07:07pm,pre_game,MLB,standard,https://assets.underdogfantasy.com/player-images/mlb/20260424_14-4d568c58-5600-406f-8c67-6d7197e25976.png,,,,,,,,,,,,,Cardinals @ Blue Jays,2026-07-31T23:07:00Z,Fri 07:07pm,Rogers Centre,retractable,,,,,,,,,No,,,3.5,,,,0.00,,0,,0,,0.5,0.5,Push
Underdog,MLB,,Daulton Varsho,CF,,Batter Walks,0.5,,,7/31/2026,Fri 07:07pm,pre_game,MLB,standard,https://assets.underdogfantasy.com/player-images/mlb/20260424_14-4d568c58-5600-406f-8c67-6d7197e25976.png,,0.5,27.19,72.81,-8.32,72.81,Under,https://www.freeiconspng.com/img/1934,,Yes,-1.40,7.6,Cardinals @ Blue Jays,2026-07-31T23:07:00Z,Fri 07:07pm,Rogers Centre,retractable,,-268.00,-268,7/31/2026,0.2719,,,,No,,,3.5,23.80695497,76.19,23.80695497,0.27,,0,,0.27,,0.27,0,Push
Underdog,MLB,,Daulton Varsho,CF,,Stolen Bases,0.5,,,7/31/2026,Fri 07:07pm,pre_game,MLB,standard,https://assets.underdogfantasy.com/player-images/mlb/20260424_14-4d568c58-5600-406f-8c67-6d7197e25976.png,,0.5,7.72,92.28,0.54,92.28,Under,https://www.freeiconspng.com/img/1934,,Yes,-1.40,7.6,Cardinals @ Blue Jays,2026-07-31T23:07:00Z,Fri 07:07pm,Rogers Centre,retractable,,"-1,195.00",-1195,7/31/2026,0.0772,,,,No,,,3.5,25.06881298,74.93,25.06881298,0.08,,0,,0.08,,0.22,0.5,Push
Underdog,MLB,,Lane Thomas,CF,,Hits + Runs + RBIs,2.5,,,7/31/2026,Fri 08:40pm,pre_game,MLB,standard,https://assets.underdogfantasy.com/player-images/mlb/20260323_23-182d02a7-c606-4a85-a635-89dd1afdac6f.png,,2.5,44.78,55.22,0.06,55.22,Under,https://www.freeiconspng.com/img/1934,,No,1.40,10.9,Royals @ Rockies,2026-08-01T00:40:00Z,Fri 08:40pm,Coors Field,outdoor,,-123.00,-123,7/31/2026,2.239,,,,No,,,3.5,38.77242526,61.23,38.77242526,2.24,,0,,2.24,,2.24,0,Push
Underdog,MLB,,Lane Thomas,CF,,Home Runs,0.5,,,7/31/2026,Fri 08:40pm,pre_game,MLB,standard,https://assets.underdogfantasy.com/player-images/mlb/20260323_23-182d02a7-c606-4a85-a635-89dd1afdac6f.png,,0.5,19.02,80.98,0.32,80.98,Under,https://www.freeiconspng.com/img/1934,,No,1.40,10.9,Royals @ Rockies,2026-08-01T00:40:00Z,Fri 08:40pm,Coors Field,outdoor,,-426.00,-426,7/31/2026,0.1902,,,,No,,,3.5,29.1850465,70.81,29.1850465,0.19,,0,,0.19,,0.29,0.5,Push
Underdog,MLB,,Lane Thomas,CF,,Total Bases,1.5,,,7/31/2026,Fri 08:40pm,pre_game,MLB,standard,https://assets.underdogfantasy.com/player-images/mlb/20260323_23-182d02a7-c606-4a85-a635-89dd1afdac6f.png,,1.5,50.45,49.55,-8.26,50.45,Over,https://www.freeiconspng.com/img/1934,,No,1.40,10.9,Royals @ Rockies,2026-08-01T00:40:00Z,Fri 08:40pm,Coors Field,outdoor,,-102.00,-102,7/31/2026,1.5135,,,,No,,,3.5,26.67242851,73.33,26.67242851,1.51,,0,,1.51,,1.18,0.5,Good Bet
Underdog,MLB,,Lane Thomas,CF,,Hits,1.5,,,7/31/2026,Fri 08:40pm,pre_game,MLB,standard,https://assets.underdogfantasy.com/player-images/mlb/20260323_23-182d02a7-c606-4a85-a635-89dd1afdac6f.png,,1.5,35.38,64.62,0.08,64.62,Under,https://www.freeiconspng.com/img/1934,,No,1.40,10.9,Royals @ Rockies,2026-08-01T00:40:00Z,Fri 08:40pm,Coors Field,outdoor,,-183.00,-183,7/31/2026,1.0614,,,,No,,,3.5,18.42876142,81.57,18.42876142,1.06,,0,,1.06,,0.87,0.5,Push
Underdog,MLB,,Lane Thomas,CF,,Runs,0.5,,,7/31/2026,Fri 08:40pm,pre_game,MLB,standard,https://assets.underdogfantasy.com/player-images/mlb/20260323_23-182d02a7-c606-4a85-a635-89dd1afdac6f.png,,0.5,54.77,45.23,0.22,54.77,Over,https://www.freeiconspng.com/img/1934,,No,1.40,10.9,Royals @ Rockies,2026-08-01T00:40:00Z,Fri 08:40pm,Coors Field,outdoor,,-121.00,-121,7/31/2026,0.5477,,,,No,,,3.5,40.77639556,59.22,40.77639556,0.55,,0,,0.55,,0.53,0.5,Good Bet
Underdog,MLB,,Lane Thomas,CF,,RBIs,0.5,,,7/31/2026,Fri 08:40pm,pre_game,MLB,standard,https://assets.underdogfantasy.com/player-images/mlb/20260323_23-182d02a7-c606-4a85-a635-89dd1afdac6f.png,,,,,,,,,,,,,Royals @ Rockies,2026-08-01T00:40:00Z,Fri 08:40pm,Coors Field,outdoor,,,,,,,,,No,,,3.5,,,,0.00,,0,,0,,0.5,0.5,Push
Underdog,MLB,,Lane Thomas,CF,,Batter Walks,0.5,,,7/31/2026,Fri 08:40pm,pre_game,MLB,standard,https://assets.underdogfantasy.com/player-images/mlb/20260323_23-182d02a7-c606-4a85-a635-89dd1afdac6f.png,,0.5,33.87,66.13,-7.55,66.13,Under,https://www.freeiconspng.com/img/1934,,No,1.40,10.9,Royals @ Rockies,2026-08-01T00:40:00Z,Fri 08:40pm,Coors Field,outdoor,,-195.00,-195,7/31/2026,0.3387,,,,No,,,3.5,28.73037741,71.27,28.73037741,0.34,,0,,0.34,,0.34,0,Push
Underdog,MLB,,Lane Thomas,CF,,Stolen Bases,0.5,,,7/31/2026,Fri 08:40pm,pre_game,MLB,standard,https://assets.underdogfantasy.com/player-images/mlb/20260323_23-182d02a7-c606-4a85-a635-89dd1afdac6f.png,,0.5,13.5,86.5,0.29,86.5,Under,https://www.freeiconspng.com/img/1934,,No,1.40,10.9,Royals @ Rockies,2026-08-01T00:40:00Z,Fri 08:40pm,Coors Field,outdoor,,-641.00,-641,7/31/2026,0.135,,,,No,,,3.5,27.20333192,72.80,27.20333192,0.14,,0,,0.14,,0.26,0.5,Push
Underdog,MLB,,Taylor Walls,SS,,Hits + Runs + RBIs,1.5,,,7/31/2026,Fri 07:10pm,pre_game,MLB,standard,https://assets.underdogfantasy.com/player-images/mlb/20260323_23-4c8bdaff-1cf9-4b2b-b22e-26b6dcde5d1b.png,,1.5,40.21,59.79,-0.53,59.79,Under,https://www.freeiconspng.com/img/1934,,Yes,-1.40,8.1,White Sox @ Rays,2026-07-31T23:10:00Z,Fri 07:10pm,Tropicana Field,indoor,,-149.00,-149,7/31/2026,1.2063,,,,No,,,3.5,33.96485566,66.04,33.96485566,1.21,,0,,1.21,,1.21,0,Push
Underdog,MLB,,Dominic Canzone,DH,,Hits + Runs + RBIs,1.5,,,7/30/2026,Thu 10:10pm,pre_game,MLB,standard,https://assets.underdogfantasy.com/player-images/mlb/20260406_18-c59cd03a-ead5-41d4-9b4a-d26f0dd04ea6.png,,1.5,46.28,53.72,,57.81,Over,https://www.freeiconspng.com/img/1934,2026-07-31T02:11:00Z,Yes,-1.50,8.7,Mariners @ Dodgers,2026-07-31T02:10:00Z,Thu 10:10pm,UNIQLO Field at Dodger Stadium,outdoor,MLB Network,-137.00,-137,7/30/2026,1.3884,,,,No,LAD,4.72,1.58,40.41559542,59.58,40.41559542,1.39,2,0.02402,over,1.39,1.412416,1.4,0,Push
Underdog,MLB,,Taylor Walls,SS,,Home Runs,0.5,,,7/31/2026,Fri 07:10pm,pre_game,MLB,standard,https://assets.underdogfantasy.com/player-images/mlb/20260323_23-4c8bdaff-1cf9-4b2b-b22e-26b6dcde5d1b.png,,,,,,,,,,,,,White Sox @ Rays,2026-07-31T23:10:00Z,Fri 07:10pm,Tropicana Field,indoor,,,,,,,,,No,,,3.5,,,,0.00,,0,,0,,0.5,0.5,Push
Underdog,MLB,,Dominic Canzone,DH,,Home Runs,0.5,,,7/30/2026,Thu 10:10pm,pre_game,MLB,standard,https://assets.underdogfantasy.com/player-images/mlb/20260406_18-c59cd03a-ead5-41d4-9b4a-d26f0dd04ea6.png,,0.5,19.57,80.43,-1.55,80.43,Under,https://www.freeiconspng.com/img/1934,2026-07-31T02:11:00Z,Yes,-1.50,8.7,Mariners @ Dodgers,2026-07-31T02:10:00Z,Thu 10:10pm,UNIQLO Field at Dodger Stadium,outdoor,MLB Network,-411.00,-411,7/30/2026,0.1957,,,,No,LAD,4.72,1.58,29.3795201,70.62,29.3795201,0.20,7,0.006,over,0.2,0.201704,0.27,0.5,Best Bet
Underdog,MLB,,Dominic Canzone,DH,,Total Bases,1.5,,,7/30/2026,Thu 10:10pm,pre_game,MLB,standard,https://assets.underdogfantasy.com/player-images/mlb/20260406_18-c59cd03a-ead5-41d4-9b4a-d26f0dd04ea6.png,,1.5,39.65,60.35,-0.59,60.35,Under,https://www.freeiconspng.com/img/1934,2026-07-31T02:11:00Z,Yes,-1.50,8.7,Mariners @ Dodgers,2026-07-31T02:10:00Z,Thu 10:10pm,UNIQLO Field at Dodger Stadium,outdoor,MLB Network,-152.00,-152,7/30/2026,1.1895,,,,No,LAD,4.72,1.58,20.73759322,79.26,20.73759322,1.19,3,0.24838,over,1.19,1.437876,1.08,0.5,Best Bet
Underdog,MLB,,Dominic Canzone,DH,,Hitter Fantasy Score,6.5,,,7/30/2026,Thu 10:10pm,pre_game,MLB,standard,https://assets.underdogfantasy.com/player-images/mlb/20260406_18-c59cd03a-ead5-41d4-9b4a-d26f0dd04ea6.png,,,,,,,,,,,,,Mariners @ Dodgers,2026-07-31T02:10:00Z,Thu 10:10pm,UNIQLO Field at Dodger Stadium,outdoor,MLB Network,,,,4.72,,,,No,LAD,4.72,1.58,43.15384615,56.85,56.84615385,4.72,3,0.24838,over,4.23,4.968376,4.11,2.5,Push
Underdog,MLB,,Dominic Canzone,DH,,Hits,0.5,,,7/30/2026,Thu 10:10pm,pre_game,MLB,standard,https://assets.underdogfantasy.com/player-images/mlb/20260406_18-c59cd03a-ead5-41d4-9b4a-d26f0dd04ea6.png,,0.5,60.87,39.13,-1.68,60.87,Over,https://www.freeiconspng.com/img/1934,2026-07-31T02:11:00Z,Yes,-1.50,8.7,Mariners @ Dodgers,2026-07-31T02:10:00Z,Thu 10:10pm,UNIQLO Field at Dodger Stadium,outdoor,MLB Network,-156.00,-156,7/30/2026,0.6087,,,,No,LAD,4.72,1.58,42.55544705,57.44,42.55544705,0.61,1,0.02781,over,0.61,0.636508,0.59,0.5,Good Bet
Underdog,MLB,,Taylor Walls,SS,,Hits,0.5,,,7/31/2026,Fri 07:10pm,pre_game,MLB,standard,https://assets.underdogfantasy.com/player-images/mlb/20260323_23-4c8bdaff-1cf9-4b2b-b22e-26b6dcde5d1b.png,,0.5,50.62,49.38,-8.43,50.62,Over,https://www.freeiconspng.com/img/1934,,Yes,-1.40,8.1,White Sox @ Rays,2026-07-31T23:10:00Z,Fri 07:10pm,Tropicana Field,indoor,,-103.00,-103,7/31/2026,0.5062,,,,No,,,3.5,39.5346674,60.47,39.5346674,0.51,,0,,0.51,,0.5,0.5,Good Bet
Underdog,MLB,,Dominic Canzone,DH,,Runs,0.5,,,7/30/2026,Thu 10:10pm,pre_game,MLB,standard,https://assets.underdogfantasy.com/player-images/mlb/20260406_18-c59cd03a-ead5-41d4-9b4a-d26f0dd04ea6.png,,0.5,41.05,58.95,-0.89,58.95,Under,https://www.freeiconspng.com/img/1934,2026-07-31T02:11:00Z,Yes,-1.50,8.7,Mariners @ Dodgers,2026-07-31T02:10:00Z,Thu 10:10pm,UNIQLO Field at Dodger Stadium,outdoor,MLB Network,-144.00,-144,7/30/2026,0.4105,,,,No,LAD,4.72,1.58,36.57106242,63.43,36.57106242,0.41,2,0.02955,over,0.41,0.440046,0.44,0.5,Best Bet
Underdog,MLB,,Taylor Walls,SS,,Runs,0.5,,,7/31/2026,Fri 07:10pm,pre_game,MLB,standard,https://assets.underdogfantasy.com/player-images/mlb/20260323_23-4c8bdaff-1cf9-4b2b-b22e-26b6dcde5d1b.png,,0.5,35.38,64.62,0.08,64.62,Under,https://www.freeiconspng.com/img/1934,,Yes,-1.40,8.1,White Sox @ Rays,2026-07-31T23:10:00Z,Fri 07:10pm,Tropicana Field,indoor,,-183.00,-183,7/31/2026,0.3538,,,,No,,,3.5,34.74711982,65.25,34.74711982,0.35,,0,,0.35,,0.4,0.5,Push
Underdog,MLB,,Dominic Canzone,DH,,RBIs,0.5,,,7/30/2026,Thu 10:10pm,pre_game,MLB,standard,https://assets.underdogfantasy.com/player-images/mlb/20260406_18-c59cd03a-ead5-41d4-9b4a-d26f0dd04ea6.png,,0.5,33.51,66.49,-6.84,66.49,Under,https://www.freeiconspng.com/img/1934,2026-07-31T02:11:00Z,Yes,-1.50,8.7,Mariners @ Dodgers,2026-07-31T02:10:00Z,Thu 10:10pm,UNIQLO Field at Dodger Stadium,outdoor,MLB Network,-198.00,-198,7/30/2026,0.3351,,,,No,LAD,4.72,1.58,34.13414419,65.87,34.13414419,0.34,2,0.02402,over,0.34,0.359116,0.38,0.5,Best Bet
Underdog,MLB,,Taylor Walls,SS,,RBIs,0.5,,,7/31/2026,Fri 07:10pm,pre_game,MLB,standard,https://assets.underdogfantasy.com/player-images/mlb/20260323_23-4c8bdaff-1cf9-4b2b-b22e-26b6dcde5d1b.png,,,,,,,,,,,,,White Sox @ Rays,2026-07-31T23:10:00Z,Fri 07:10pm,Tropicana Field,indoor,,,,,,,,,No,,,3.5,,,,0.00,,0,,0,,0.5,0.5,Push
Underdog,MLB,,Taylor Walls,SS,,Batter Walks,0.5,,,7/31/2026,Fri 07:10pm,pre_game,MLB,standard,https://assets.underdogfantasy.com/player-images/mlb/20260323_23-4c8bdaff-1cf9-4b2b-b22e-26b6dcde5d1b.png,,0.5,37.41,62.59,-7.11,62.59,Under,https://www.freeiconspng.com/img/1934,,Yes,-1.40,8.1,White Sox @ Rays,2026-07-31T23:10:00Z,Fri 07:10pm,Tropicana Field,indoor,,-167.00,-167,7/31/2026,0.3741,,,,No,,,3.5,31.20918824,68.79,31.20918824,0.37,,0,,0.37,,0.37,0,Push
Underdog,MLB,,Dominic Canzone,DH,,Batter Walks,0.5,,,7/30/2026,Thu 10:10pm,pre_game,MLB,standard,https://assets.underdogfantasy.com/player-images/mlb/20260406_18-c59cd03a-ead5-41d4-9b4a-d26f0dd04ea6.png,,0.5,30.3,69.7,-5.3,69.7,Under,https://www.freeiconspng.com/img/1934,2026-07-31T02:11:00Z,Yes,-1.50,8.7,Mariners @ Dodgers,2026-07-31T02:10:00Z,Thu 10:10pm,UNIQLO Field at Dodger Stadium,outdoor,MLB Network,-230.00,-230,7/30/2026,0.303,,,,No,LAD,4.72,1.58,26.14009036,73.86,26.14009036,0.30,4,0.0237,over,0.3,0.3267,0.31,0,Push
Underdog,MLB,,Taylor Walls,SS,,Stolen Bases,0.5,,,7/31/2026,Fri 07:10pm,pre_game,MLB,standard,https://assets.underdogfantasy.com/player-images/mlb/20260323_23-4c8bdaff-1cf9-4b2b-b22e-26b6dcde5d1b.png,,0.5,21.41,78.59,0.47,78.59,Under,https://www.freeiconspng.com/img/1934,,Yes,-1.40,8.1,White Sox @ Rays,2026-07-31T23:10:00Z,Fri 07:10pm,Tropicana Field,indoor,,-367.00,-367,7/31/2026,0.2141,,,,No,,,3.5,30.026249,69.97,30.026249,0.21,,0,,0.21,,0.31,0.5,Push
Underdog,MLB,,Cole Young,2B,,Hits + Runs + RBIs,1.5,,,7/30/2026,Thu 10:10pm,pre_game,MLB,standard,https://assets.underdogfantasy.com/player-images/mlb/20260325_03-bcf169d0-b8f6-42e8-9af2-63a92a7b088f.png,,1.5,47.83,52.17,-3.39,52.17,Under,https://www.freeiconspng.com/img/1934,2026-07-31T02:11:00Z,Yes,-1.50,8.7,Mariners @ Dodgers,2026-07-31T02:10:00Z,Thu 10:10pm,UNIQLO Field at Dodger Stadium,outdoor,MLB Network,-109.00,-109,7/30/2026,1.4349,,,,No,LAD,5.74,2.59,42.01549186,57.98,42.01549186,1.43,2,0.03937,over,1.43,1.474268,1.45,0,Push
Underdog,MLB,,Nathan Lukes,RF,,Hits + Runs + RBIs,1.5,,,7/31/2026,Fri 07:07pm,pre_game,MLB,standard,https://assets.underdogfantasy.com/player-images/mlb/20251030_18-520079c8-a8d6-432b-8dcb-fa3c2ba1468b.png,,1.5,50.34,49.66,-8.15,50.34,Over,https://www.freeiconspng.com/img/1934,,Yes,-1.40,7.6,Cardinals @ Blue Jays,2026-07-31T23:07:00Z,Fri 07:07pm,Rogers Centre,retractable,,-101.00,-101,7/31/2026,1.5102,,,,No,,,3.5,44.55826679,55.44,44.55826679,1.51,,0,,1.51,,1.51,0,Great Bet
Underdog,MLB,,Nathan Lukes,RF,,Home Runs,0.5,,,7/31/2026,Fri 07:07pm,pre_game,MLB,standard,https://assets.underdogfantasy.com/player-images/mlb/20251030_18-520079c8-a8d6-432b-8dcb-fa3c2ba1468b.png,,0.5,7.3,92.7,0.11,92.7,Under,https://www.freeiconspng.com/img/1934,,Yes,-1.40,7.6,Cardinals @ Blue Jays,2026-07-31T23:07:00Z,Fri 07:07pm,Rogers Centre,retractable,,"-1,270.00",-1270,7/31/2026,0.073,,,,No,,,3.5,24.91129215,75.09,24.91129215,0.07,,0,,0.07,,0.22,0.5,Push
Underdog,MLB,,Cole Young,2B,,Home Runs,0.5,,,7/30/2026,Thu 10:10pm,pre_game,MLB,standard,https://assets.underdogfantasy.com/player-images/mlb/20260325_03-bcf169d0-b8f6-42e8-9af2-63a92a7b088f.png,,0.5,13.96,86.04,-0.92,86.04,Under,https://www.freeiconspng.com/img/1934,2026-07-31T02:11:00Z,Yes,-1.50,8.7,Mariners @ Dodgers,2026-07-31T02:10:00Z,Thu 10:10pm,UNIQLO Field at Dodger Stadium,outdoor,MLB Network,-616.00,-616,7/30/2026,0.1396,,,,No,LAD,5.74,2.59,27.37057186,72.63,27.37057186,0.14,7,0.00984,over,0.14,0.149442,0.26,0.5,Best Bet
Underdog,MLB,,Cole Young,2B,,Total Bases,1.5,,,7/30/2026,Thu 10:10pm,pre_game,MLB,standard,https://assets.underdogfantasy.com/player-images/mlb/20260325_03-bcf169d0-b8f6-42e8-9af2-63a92a7b088f.png,,1.5,38.75,61.25,-0.87,61.25,Under,https://www.freeiconspng.com/img/1934,2026-07-31T02:11:00Z,Yes,-1.50,8.7,Mariners @ Dodgers,2026-07-31T02:10:00Z,Thu 10:10pm,UNIQLO Field at Dodger Stadium,outdoor,MLB Network,-158.00,-158,7/30/2026,1.1625,,,,No,LAD,5.74,2.59,20.24822649,79.75,20.24822649,1.16,3,0.40715,over,1.16,1.569648,1.1,0.5,Great Bet
Underdog,MLB,,Nathan Lukes,RF,,Total Bases,1.5,,,7/31/2026,Fri 07:07pm,pre_game,MLB,standard,https://assets.underdogfantasy.com/player-images/mlb/20251030_18-520079c8-a8d6-432b-8dcb-fa3c2ba1468b.png,,1.5,39.28,60.72,0.09,60.72,Under,https://www.freeiconspng.com/img/1934,,Yes,-1.40,7.6,Cardinals @ Blue Jays,2026-07-31T23:07:00Z,Fri 07:07pm,Rogers Centre,retractable,,-155.00,-155,7/31/2026,1.1784,,,,No,,,3.5,20.53625496,79.46,20.53625496,1.18,,0,,1.18,,0.95,0.5,Push
Underdog,MLB,,Cole Young,2B,,Hitter Fantasy Score,5.5,,,7/30/2026,Thu 10:10pm,pre_game,MLB,standard,https://assets.underdogfantasy.com/player-images/mlb/20260325_03-bcf169d0-b8f6-42e8-9af2-63a92a7b088f.png,,,,,,,,,,,,,Mariners @ Dodgers,2026-07-31T02:10:00Z,Thu 10:10pm,UNIQLO Field at Dodger Stadium,outdoor,MLB Network,,,,5.74,,,,No,LAD,5.74,2.59,64.1596638,35.84,35.8403362,5.74,3,0.40715,over,5.31,6.147148,4.92,2.5,Good Bet
Underdog,MLB,,Cole Young,2B,,Hits,0.5,,,7/30/2026,Thu 10:10pm,pre_game,MLB,standard,https://assets.underdogfantasy.com/player-images/mlb/20260325_03-bcf169d0-b8f6-42e8-9af2-63a92a7b088f.png,,0.5,62.03,37.97,-1.21,62.03,Over,https://www.freeiconspng.com/img/1934,2026-07-31T02:11:00Z,Yes,-1.50,8.7,Mariners @ Dodgers,2026-07-31T02:10:00Z,Thu 10:10pm,UNIQLO Field at Dodger Stadium,outdoor,MLB Network,-163.00,-163,7/30/2026,0.6203,,,,No,LAD,5.74,2.59,42.88766111,57.11,42.88766111,0.62,1,0.04558,over,0.62,0.665884,0.6,0.5,Good Bet
Underdog,MLB,,Nathan Lukes,RF,,Hits,0.5,,,7/31/2026,Fri 07:07pm,pre_game,MLB,standard,https://assets.underdogfantasy.com/player-images/mlb/20251030_18-520079c8-a8d6-432b-8dcb-fa3c2ba1468b.png,,0.5,68.26,31.74,0.21,68.26,Over,https://www.freeiconspng.com/img/1934,,Yes,-1.40,7.6,Cardinals @ Blue Jays,2026-07-31T23:07:00Z,Fri 07:07pm,Rogers Centre,retractable,,-215.00,-215,7/31/2026,0.6826,,,,No,,,3.5,44.63928725,55.36,44.63928725,0.68,,0,,0.68,,0.62,0.5,Good Bet
Underdog,MLB,,Cole Young,2B,,Runs,0.5,,,7/30/2026,Thu 10:10pm,pre_game,MLB,standard,https://assets.underdogfantasy.com/player-images/mlb/20260325_03-bcf169d0-b8f6-42e8-9af2-63a92a7b088f.png,,0.5,42.38,57.62,,57.81,Over,https://www.freeiconspng.com/img/1934,2026-07-31T02:11:00Z,Yes,-1.50,8.7,Mariners @ Dodgers,2026-07-31T02:10:00Z,Thu 10:10pm,UNIQLO Field at Dodger Stadium,outdoor,MLB Network,-137.00,-137,7/30/2026,0.4238,,,,No,LAD,5.74,2.59,36.99146547,63.01,36.99146547,0.42,2,0.04843,over,0.42,0.472233,0.45,0.5,Best Bet
Underdog,MLB,,Nathan Lukes,RF,,Runs,0.5,,,7/31/2026,Fri 07:07pm,pre_game,MLB,standard,https://assets.underdogfantasy.com/player-images/mlb/20251030_18-520079c8-a8d6-432b-8dcb-fa3c2ba1468b.png,,0.5,40.62,59.38,0.2,59.38,Under,https://www.freeiconspng.com/img/1934,,Yes,-1.40,7.6,Cardinals @ Blue Jays,2026-07-31T23:07:00Z,Fri 07:07pm,Rogers Centre,retractable,,-146.00,-146,7/31/2026,0.4062,,,,No,,,3.5,36.4345435,63.57,36.4345435,0.41,,0,,0.41,,0.44,0.5,Push
Underdog,MLB,,Nathan Lukes,RF,,RBIs,0.5,,,7/31/2026,Fri 07:07pm,pre_game,MLB,standard,https://assets.underdogfantasy.com/player-images/mlb/20251030_18-520079c8-a8d6-432b-8dcb-fa3c2ba1468b.png,,,,,,,,,,,,,Cardinals @ Blue Jays,2026-07-31T23:07:00Z,Fri 07:07pm,Rogers Centre,retractable,,,,,,,,,No,,,3.5,,,,0.00,,0,,0,,0.5,0.5,Push
Underdog,MLB,,Cole Young,2B,,RBIs,0.5,,,7/30/2026,Thu 10:10pm,pre_game,MLB,standard,https://assets.underdogfantasy.com/player-images/mlb/20260325_03-bcf169d0-b8f6-42e8-9af2-63a92a7b088f.png,,0.5,27.47,72.53,-6.19,72.53,Under,https://www.freeiconspng.com/img/1934,2026-07-31T02:11:00Z,Yes,-1.50,8.7,Mariners @ Dodgers,2026-07-31T02:10:00Z,Thu 10:10pm,UNIQLO Field at Dodger Stadium,outdoor,MLB Network,-264.00,-264,7/30/2026,0.2747,,,,No,LAD,5.74,2.59,32.11465454,67.89,32.11465454,0.27,2,0.03937,over,0.27,0.314068,0.34,0.5,Best Bet
Underdog,MLB,,Nathan Lukes,RF,,Batter Walks,0.5,,,7/31/2026,Fri 07:07pm,pre_game,MLB,standard,https://assets.underdogfantasy.com/player-images/mlb/20251030_18-520079c8-a8d6-432b-8dcb-fa3c2ba1468b.png,,0.5,28.95,71.05,-8.12,71.05,Under,https://www.freeiconspng.com/img/1934,,Yes,-1.40,7.6,Cardinals @ Blue Jays,2026-07-31T23:07:00Z,Fri 07:07pm,Rogers Centre,retractable,,-245.00,-245,7/31/2026,0.2895,,,,No,,,3.5,25.13622071,74.86,25.13622071,0.29,,0,,0.29,,0.29,0,Push
Underdog,MLB,,Cole Young,2B,,Batter Walks,0.5,,,7/30/2026,Thu 10:10pm,pre_game,MLB,standard,https://assets.underdogfantasy.com/player-images/mlb/20260325_03-bcf169d0-b8f6-42e8-9af2-63a92a7b088f.png,,0.5,30.47,69.53,-6.08,69.53,Under,https://www.freeiconspng.com/img/1934,2026-07-31T02:11:00Z,Yes,-1.50,8.7,Mariners @ Dodgers,2026-07-31T02:10:00Z,Thu 10:10pm,UNIQLO Field at Dodger Stadium,outdoor,MLB Network,-228.00,-228,7/30/2026,0.3047,,,,No,LAD,5.74,2.59,26.26554554,73.73,26.26554554,0.30,4,0.03885,over,0.3,0.34355,0.32,0,Push
Underdog,MLB,,Michael Massey,2B,,Hits + Runs + RBIs,2.5,,,7/31/2026,Fri 08:40pm,pre_game,MLB,standard,https://assets.underdogfantasy.com/player-images/mlb/20260323_23-d2cf2da2-3691-41cd-91cd-d8691269bfea.png,,1.5,59.28,40.72,0.1,59.28,Over,https://www.freeiconspng.com/img/1934,,No,1.40,10.9,Royals @ Rockies,2026-08-01T00:40:00Z,Fri 08:40pm,Coors Field,outdoor,,-146.00,-146,7/31/2026,1.7784,,,,No,,,3.5,26.36019896,73.64,26.36019896,1.78,,0,,1.78,,1.78,0,Push
Underdog,MLB,,Michael Massey,2B,,Home Runs,0.5,,,7/31/2026,Fri 08:40pm,pre_game,MLB,standard,https://assets.underdogfantasy.com/player-images/mlb/20260323_23-d2cf2da2-3691-41cd-91cd-d8691269bfea.png,,0.5,15.8,84.2,0.17,84.2,Under,https://www.freeiconspng.com/img/1934,,No,1.40,10.9,Royals @ Rockies,2026-08-01T00:40:00Z,Fri 08:40pm,Coors Field,outdoor,,-533.00,-533,7/31/2026,0.158,,,,No,,,3.5,28.03569833,71.96,28.03569833,0.16,,0,,0.16,,0.27,0.5,Push
Underdog,MLB,,Michael Massey,2B,,Total Bases,1.5,,,7/31/2026,Fri 08:40pm,pre_game,MLB,standard,https://assets.underdogfantasy.com/player-images/mlb/20260323_23-d2cf2da2-3691-41cd-91cd-d8691269bfea.png,,1.5,49.88,50.12,-7.69,50.12,Under,https://www.freeiconspng.com/img/1934,,No,1.40,10.9,Royals @ Rockies,2026-08-01T00:40:00Z,Fri 08:40pm,Coors Field,outdoor,,-100.00,-100,7/31/2026,1.4964,,,,No,,,3.5,26.3578935,73.64,26.3578935,1.50,,0,,1.5,,1.16,0.5,Push
Underdog,MLB,,Michael Massey,2B,,Hits,1.5,,,7/31/2026,Fri 08:40pm,pre_game,MLB,standard,https://assets.underdogfantasy.com/player-images/mlb/20260323_23-d2cf2da2-3691-41cd-91cd-d8691269bfea.png,,1.5,34.52,65.48,0.08,65.48,Under,https://www.freeiconspng.com/img/1934,,No,1.40,10.9,Royals @ Rockies,2026-08-01T00:40:00Z,Fri 08:40pm,Coors Field,outdoor,,-190.00,-190,7/31/2026,1.0356,,,,No,,,3.5,17.96827837,82.03,17.96827837,1.04,,0,,1.04,,0.86,0.5,Push
Underdog,MLB,,Michael Massey,2B,,Runs,0.5,,,7/31/2026,Fri 08:40pm,pre_game,MLB,standard,https://assets.underdogfantasy.com/player-images/mlb/20260323_23-d2cf2da2-3691-41cd-91cd-d8691269bfea.png,,0.5,48.31,51.69,-6.12,51.69,Under,https://www.freeiconspng.com/img/1934,,No,1.40,10.9,Royals @ Rockies,2026-08-01T00:40:00Z,Fri 08:40pm,Coors Field,outdoor,,-107.00,-107,7/31/2026,0.4831,,,,No,,,3.5,38.83224412,61.17,38.83224412,0.48,,0,,0.48,,0.49,0.5,Push
Underdog,MLB,,Michael Massey,2B,,RBIs,0.5,,,7/31/2026,Fri 08:40pm,pre_game,MLB,standard,https://assets.underdogfantasy.com/player-images/mlb/20260323_23-d2cf2da2-3691-41cd-91cd-d8691269bfea.png,,,,,,,,,,,,,Royals @ Rockies,2026-08-01T00:40:00Z,Fri 08:40pm,Coors Field,outdoor,,,,,,,,,No,,,3.5,,,,0.00,,0,,0,,0.5,0.5,Push
Underdog,MLB,,Josh Rojas,3B,,Hits + Runs + RBIs,1.5,,,7/31/2026,Fri 08:40pm,pre_game,MLB,standard,https://assets.underdogfantasy.com/player-images/mlb/20260722_11-cd4ccb68-8795-4486-a7d6-989072685c42.png,,1.5,50.37,49.63,-8.18,50.37,Over,https://www.freeiconspng.com/img/1934,,No,1.40,10.9,Royals @ Rockies,2026-08-01T00:40:00Z,Fri 08:40pm,Coors Field,outdoor,,-101.00,-101,7/31/2026,1.5111,,,,No,,,3.5,44.58828186,55.41,44.58828186,1.51,,0,,1.51,,1.51,0,Great Bet
Underdog,MLB,,Josh Rojas,3B,,Home Runs,0.5,,,7/31/2026,Fri 08:40pm,pre_game,MLB,standard,https://assets.underdogfantasy.com/player-images/mlb/20260722_11-cd4ccb68-8795-4486-a7d6-989072685c42.png,,0.5,10.42,89.58,0.3,89.58,Under,https://www.freeiconspng.com/img/1934,,No,1.40,10.9,Royals @ Rockies,2026-08-01T00:40:00Z,Fri 08:40pm,Coors Field,outdoor,,-860.00,-860,7/31/2026,0.1042,,,,No,,,3.5,26.07358652,73.93,26.07358652,0.10,,0,,0.1,,0.24,0.5,Push
Underdog,MLB,,Josh Rojas,3B,,Total Bases,1.5,,,7/31/2026,Fri 08:40pm,pre_game,MLB,standard,https://assets.underdogfantasy.com/player-images/mlb/20260722_11-cd4ccb68-8795-4486-a7d6-989072685c42.png,,1.5,38.22,61.78,0.09,61.78,Under,https://www.freeiconspng.com/img/1934,,No,1.40,10.9,Royals @ Rockies,2026-08-01T00:40:00Z,Fri 08:40pm,Coors Field,outdoor,,-162.00,-162,7/31/2026,1.1466,,,,No,,,3.5,19.96066254,80.04,19.96066254,1.15,,0,,1.15,,0.93,0.5,Push
Underdog,MLB,,Josh Rojas,3B,,Hits,0.5,,,7/31/2026,Fri 08:40pm,pre_game,MLB,standard,https://assets.underdogfantasy.com/player-images/mlb/20260722_11-cd4ccb68-8795-4486-a7d6-989072685c42.png,,0.5,65.15,34.85,0.24,65.15,Over,https://www.freeiconspng.com/img/1934,,No,1.40,10.9,Royals @ Rockies,2026-08-01T00:40:00Z,Fri 08:40pm,Coors Field,outdoor,,-187.00,-187,7/31/2026,0.6515,,,,No,,,3.5,43.77170016,56.23,43.77170016,0.65,,0,,0.65,,0.6,0.5,Good Bet
Underdog,MLB,,Josh Rojas,3B,,Runs,0.5,,,7/31/2026,Fri 08:40pm,pre_game,MLB,standard,https://assets.underdogfantasy.com/player-images/mlb/20260722_11-cd4ccb68-8795-4486-a7d6-989072685c42.png,,0.5,41.99,58.01,0.2,58.01,Under,https://www.freeiconspng.com/img/1934,,No,1.40,10.9,Royals @ Rockies,2026-08-01T00:40:00Z,Fri 08:40pm,Coors Field,outdoor,,-138.00,-138,7/31/2026,0.4199,,,,No,,,3.5,36.86847895,63.13,36.86847895,0.42,,0,,0.42,,0.45,0.5,Push
Underdog,MLB,,Josh Rojas,3B,,RBIs,0.5,,,7/31/2026,Fri 08:40pm,pre_game,MLB,standard,https://assets.underdogfantasy.com/player-images/mlb/20260722_11-cd4ccb68-8795-4486-a7d6-989072685c42.png,,,,,,,,,,,,,Royals @ Rockies,2026-08-01T00:40:00Z,Fri 08:40pm,Coors Field,outdoor,,,,,,,,,No,,,3.5,,,,0.00,,0,,0,,0.5,0.5,Push
Underdog,MLB,,Josh Rojas,3B,,Batter Walks,0.5,,,7/31/2026,Fri 08:40pm,pre_game,MLB,standard,https://assets.underdogfantasy.com/player-images/mlb/20260722_11-cd4ccb68-8795-4486-a7d6-989072685c42.png,,0.5,32.08,67.92,-7.69,67.92,Under,https://www.freeiconspng.com/img/1934,,No,1.40,10.9,Royals @ Rockies,2026-08-01T00:40:00Z,Fri 08:40pm,Coors Field,outdoor,,-212.00,-212,7/31/2026,0.3208,,,,No,,,3.5,27.44316499,72.56,27.44316499,0.32,,0,,0.32,,0.32,0,Push
Underdog,MLB,,Josh Rojas,3B,,Stolen Bases,0.5,,,7/31/2026,Fri 08:40pm,pre_game,MLB,standard,https://assets.underdogfantasy.com/player-images/mlb/20260722_11-cd4ccb68-8795-4486-a7d6-989072685c42.png,,0.5,7.17,92.83,0.24,92.83,Under,https://www.freeiconspng.com/img/1934,,No,1.40,10.9,Royals @ Rockies,2026-08-01T00:40:00Z,Fri 08:40pm,Coors Field,outdoor,,"-1,295.00",-1295,7/31/2026,0.0717,,,,No,,,3.5,24.86246862,75.14,24.86246862,0.07,,0,,0.07,,0.21,0.5,Push
Underdog,MLB,,Luke Raley,RF,,Hits + Runs + RBIs,0.5,,,7/30/2026,Thu 10:10pm,pre_game,MLB,standard,https://assets.underdogfantasy.com/player-images/mlb/20260325_03-4d98a6ec-d2d4-4b23-8e4d-d44e0e828512.png,,0.5,56.6,43.4,1.04,56.6,Over,https://www.freeiconspng.com/img/1934,2026-07-31T02:11:00Z,Yes,-1.50,8.7,Mariners @ Dodgers,2026-07-31T02:10:00Z,Thu 10:10pm,UNIQLO Field at Dodger Stadium,outdoor,MLB Network,-130.00,-130,7/30/2026,0.566,,,,No,LAD,4.64,2.21,43.22079293,56.78,43.22079293,0.57,2,0.03359,over,0.57,0.599592,0.58,0,Great Bet
Underdog,MLB,,Luke Raley,RF,,Home Runs,0.5,,,7/30/2026,Thu 10:10pm,pre_game,MLB,standard,https://assets.underdogfantasy.com/player-images/mlb/20260325_03-4d98a6ec-d2d4-4b23-8e4d-d44e0e828512.png,,0.5,16.9,83.1,-3.11,83.1,Under,https://www.freeiconspng.com/img/1934,2026-07-31T02:11:00Z,Yes,-1.50,8.7,Mariners @ Dodgers,2026-07-31T02:10:00Z,Thu 10:10pm,UNIQLO Field at Dodger Stadium,outdoor,MLB Network,-492.00,-492,7/30/2026,0.169,,,,No,LAD,4.64,2.21,28.43041552,71.57,28.43041552,0.17,7,0.0084,over,0.17,0.177398,0.25,0.5,Best Bet
Underdog,MLB,,Luke Raley,RF,,Hits,0.5,,,7/30/2026,Thu 10:10pm,pre_game,MLB,standard,https://assets.underdogfantasy.com/player-images/mlb/20260325_03-4d98a6ec-d2d4-4b23-8e4d-d44e0e828512.png,,0.5,51.48,48.52,-9.29,51.48,Over,https://www.freeiconspng.com/img/1934,2026-07-31T02:11:00Z,Yes,-1.50,8.7,Mariners @ Dodgers,2026-07-31T02:10:00Z,Thu 10:10pm,UNIQLO Field at Dodger Stadium,outdoor,MLB Network,-106.00,-106,7/30/2026,0.5148,,,,No,LAD,4.64,2.21,39.79411012,60.21,39.79411012,0.51,1,0.0389,over,0.51,0.553696,0.52,0.5,Good Bet
Underdog,MLB,,Luke Raley,RF,,Runs,0.5,,,7/30/2026,Thu 10:10pm,pre_game,MLB,standard,https://assets.underdogfantasy.com/player-images/mlb/20260325_03-4d98a6ec-d2d4-4b23-8e4d-d44e0e828512.png,,0.5,35.6,64.4,-3.13,64.4,Under,https://www.freeiconspng.com/img/1934,2026-07-31T02:11:00Z,Yes,-1.50,8.7,Mariners @ Dodgers,2026-07-31T02:10:00Z,Thu 10:10pm,UNIQLO Field at Dodger Stadium,outdoor,MLB Network,-181.00,-181,7/30/2026,0.356,,,,No,LAD,4.64,2.21,34.81885852,65.18,34.81885852,0.36,2,0.04133,over,0.36,0.397327,0.4,0.5,Best Bet
Underdog,MLB,,Luke Raley,RF,,RBIs,0.5,,,7/30/2026,Thu 10:10pm,pre_game,MLB,standard,https://assets.underdogfantasy.com/player-images/mlb/20260325_03-4d98a6ec-d2d4-4b23-8e4d-d44e0e828512.png,,0.5,28.64,71.36,-6.42,71.36,Under,https://www.freeiconspng.com/img/1934,2026-07-31T02:11:00Z,Yes,-1.50,8.7,Mariners @ Dodgers,2026-07-31T02:10:00Z,Thu 10:10pm,UNIQLO Field at Dodger Stadium,outdoor,MLB Network,-249.00,-249,7/30/2026,0.2864,,,,No,LAD,4.64,2.21,32.51062447,67.49,32.51062447,0.29,2,0.03359,over,0.29,0.319992,0.35,0.5,Best Bet
Underdog,MLB,,Luke Raley,RF,,Batter Walks,0.5,,,7/30/2026,Thu 10:10pm,pre_game,MLB,standard,https://assets.underdogfantasy.com/player-images/mlb/20260325_03-4d98a6ec-d2d4-4b23-8e4d-d44e0e828512.png,,0.5,26.17,73.83,-5.12,73.83,Under,https://www.freeiconspng.com/img/1934,2026-07-31T02:11:00Z,Yes,-1.50,8.7,Mariners @ Dodgers,2026-07-31T02:10:00Z,Thu 10:10pm,UNIQLO Field at Dodger Stadium,outdoor,MLB Network,-282.00,-282,7/30/2026,0.2617,,,,No,LAD,4.64,2.21,23.02580884,76.97,23.02580884,0.26,4,0.03315,over,0.26,0.29485,0.27,0,Push
Underdog,MLB,,Luke Raley,RF,,Stolen Bases,0.5,,,7/30/2026,Thu 10:10pm,pre_game,MLB,standard,https://assets.underdogfantasy.com/player-images/mlb/20260325_03-4d98a6ec-d2d4-4b23-8e4d-d44e0e828512.png,,0.5,10.32,89.68,-2.06,89.68,Under,https://www.freeiconspng.com/img/1934,2026-07-31T02:11:00Z,Yes,-1.50,8.7,Mariners @ Dodgers,2026-07-31T02:10:00Z,Thu 10:10pm,UNIQLO Field at Dodger Stadium,outdoor,MLB Network,-869.00,-869,7/30/2026,0.1032,,,,No,LAD,4.64,2.21,26.03661407,73.96,26.03661407,0.10,29,-0.01856,under,0.1,0.084636,0.24,0.5,Best Bet
Underdog,MLB,,Masataka Yoshida,DH,,Hits + Runs + RBIs,1.5,,,7/30/2026,Thu 09:40pm,pre_game,MLB,standard,https://assets.underdogfantasy.com/player-images/mlb/20260329_17-6de34681-ea14-4946-a3de-26053e746465.png,,1.5,55.01,44.99,-5.77,55.01,Over,https://www.freeiconspng.com/img/1934,2026-07-31T01:41:00Z,No,1.50,10,Red Sox @ Athletics,2026-07-31T01:40:00Z,Thu 09:40pm,Sutter Health Park,outdoor,NBCS-CA,-122.00,-122,7/30/2026,1.6503,,,,No,ATH,6.39,2.71,49.11628012,50.88,49.11628012,1.65,,0,,1.65,,1.65,0,Great Bet
Underdog,MLB,,Masataka Yoshida,DH,,Home Runs,0.5,,,7/30/2026,Thu 09:40pm,pre_game,MLB,standard,https://assets.underdogfantasy.com/player-images/mlb/20260329_17-6de34681-ea14-4946-a3de-26053e746465.png,,0.5,13.36,86.64,-1.85,86.64,Under,https://www.freeiconspng.com/img/1934,2026-07-31T01:41:00Z,No,1.50,10,Red Sox @ Athletics,2026-07-31T01:40:00Z,Thu 09:40pm,Sutter Health Park,outdoor,NBCS-CA,-649.00,-649,7/30/2026,0.1336,,,,No,ATH,6.39,2.71,27.15235642,72.85,27.15235642,0.13,,0,,0.13,,0.26,0.5,Push
Underdog,MLB,,Masataka Yoshida,DH,,Total Bases,1.5,,,7/30/2026,Thu 09:40pm,pre_game,MLB,standard,https://assets.underdogfantasy.com/player-images/mlb/20260329_17-6de34681-ea14-4946-a3de-26053e746465.png,,1.5,43.27,56.73,-3.59,56.73,Under,https://www.freeiconspng.com/img/1934,2026-07-31T01:41:00Z,No,1.50,10,Red Sox @ Athletics,2026-07-31T01:40:00Z,Thu 09:40pm,Sutter Health Park,outdoor,NBCS-CA,-131.00,-131,7/30/2026,1.2981,,,,No,ATH,6.39,2.71,22.71700478,77.28,22.71700478,1.30,,0,,1.3,,1.03,0.5,Push
Underdog,MLB,,Masataka Yoshida,DH,,Hitter Fantasy Score,7.5,,,7/30/2026,Thu 09:40pm,pre_game,MLB,standard,https://assets.underdogfantasy.com/player-images/mlb/20260329_17-6de34681-ea14-4946-a3de-26053e746465.png,,,,,,,,,,,,,Red Sox @ Athletics,2026-07-31T01:40:00Z,Thu 09:40pm,Sutter Health Park,outdoor,NBCS-CA,,,,6.39,,,,No,ATH,6.39,2.71,46.3,53.70,53.7,6.39,,0,,5.45,,5.11,3.5,Push
Underdog,MLB,,Masataka Yoshida,DH,,Hits,0.5,,,7/30/2026,Thu 09:40pm,pre_game,MLB,standard,https://assets.underdogfantasy.com/player-images/mlb/20260329_17-6de34681-ea14-4946-a3de-26053e746465.png,,1.5,32.69,67.31,-4.12,67.31,Under,https://www.freeiconspng.com/img/1934,2026-07-31T01:41:00Z,No,1.50,10,Red Sox @ Athletics,2026-07-31T01:40:00Z,Thu 09:40pm,Sutter Health Park,outdoor,NBCS-CA,-206.00,-206,7/30/2026,0.9807,,,,No,ATH,6.39,2.71,52.30530451,47.69,52.30530451,0.98,,0,,0.98,,0.82,0.5,Great Bet
Underdog,MLB,,Masataka Yoshida,DH,,Runs,0.5,,,7/30/2026,Thu 09:40pm,pre_game,MLB,standard,https://assets.underdogfantasy.com/player-images/mlb/20260329_17-6de34681-ea14-4946-a3de-26053e746465.png,,0.5,48.1,51.9,-1.59,51.9,Under,https://www.freeiconspng.com/img/1934,2026-07-31T01:41:00Z,No,1.50,10,Red Sox @ Athletics,2026-07-31T01:40:00Z,Thu 09:40pm,Sutter Health Park,outdoor,NBCS-CA,-108.00,-108,7/30/2026,0.481,,,,No,ATH,6.39,2.71,38.76798424,61.23,38.76798424,0.48,,0,,0.48,,0.49,0.5,Push
Underdog,MLB,,Masataka Yoshida,DH,,RBIs,0.5,,,7/30/2026,Thu 09:40pm,pre_game,MLB,standard,https://assets.underdogfantasy.com/player-images/mlb/20260329_17-6de34681-ea14-4946-a3de-26053e746465.png,,0.5,37.52,62.48,-3.04,62.48,Under,https://www.freeiconspng.com/img/1934,2026-07-31T01:41:00Z,No,1.50,10,Red Sox @ Athletics,2026-07-31T01:40:00Z,Thu 09:40pm,Sutter Health Park,outdoor,NBCS-CA,-167.00,-167,7/30/2026,0.3752,,,,No,ATH,6.39,2.71,35.44160352,64.56,35.44160352,0.38,,0,,0.38,,0.42,0.5,Push
Underdog,MLB,,Masataka Yoshida,DH,,Batter Walks,0.5,,,7/30/2026,Thu 09:40pm,pre_game,MLB,standard,https://assets.underdogfantasy.com/player-images/mlb/20260329_17-6de34681-ea14-4946-a3de-26053e746465.png,,0.5,32.04,67.96,-9.05,67.96,Under,https://www.freeiconspng.com/img/1934,2026-07-31T01:41:00Z,No,1.50,10,Red Sox @ Athletics,2026-07-31T01:40:00Z,Thu 09:40pm,Sutter Health Park,outdoor,NBCS-CA,-212.00,-212,7/30/2026,0.3204,,,,No,ATH,6.39,2.71,27.41413645,72.59,27.41413645,0.32,,0,,0.32,,0.32,0,Push
Underdog,MLB,,Edouard Julien,2B,,Hits + Runs + RBIs,1.5,,,7/31/2026,Fri 08:40pm,pre_game,MLB,standard,https://assets.underdogfantasy.com/player-images/mlb/20260323_23-fcb6b23a-cace-4dc1-bc05-e12378183fbc.png,,1.5,48.77,51.23,-6.58,51.23,Under,https://www.freeiconspng.com/img/1934,,No,1.40,10.9,Royals @ Rockies,2026-08-01T00:40:00Z,Fri 08:40pm,Coors Field,outdoor,,-105.00,-105,7/31/2026,1.4631,,,,No,,,3.5,42.97493516,57.03,42.97493516,1.46,,0,,1.46,,1.46,0,Push
Underdog,MLB,,Jake McCarthy,CF,,Hits + Runs + RBIs,2.5,,,7/31/2026,Fri 08:40pm,pre_game,MLB,standard,https://assets.underdogfantasy.com/player-images/mlb/20260325_03-9e51bbf6-6d71-4bc8-b86d-901df0fd1f38.png,,2.5,44.88,55.12,0.17,55.12,Under,https://www.freeiconspng.com/img/1934,,No,1.40,10.9,Royals @ Rockies,2026-08-01T00:40:00Z,Fri 08:40pm,Coors Field,outdoor,,-123.00,-123,7/31/2026,2.244,,,,No,,,3.5,38.90594524,61.09,38.90594524,2.24,,0,,2.24,,2.24,0,Push
Underdog,MLB,,Edouard Julien,2B,,Home Runs,0.5,,,7/31/2026,Fri 08:40pm,pre_game,MLB,standard,https://assets.underdogfantasy.com/player-images/mlb/20260323_23-fcb6b23a-cace-4dc1-bc05-e12378183fbc.png,,0.5,9.35,90.65,0.56,90.65,Under,https://www.freeiconspng.com/img/1934,,No,1.40,10.9,Royals @ Rockies,2026-08-01T00:40:00Z,Fri 08:40pm,Coors Field,outdoor,,-970.00,-970,7/31/2026,0.0935,,,,No,,,3.5,25.67702034,74.32,25.67702034,0.09,,0,,0.09,,0.23,0.5,Push
Underdog,MLB,,Jake McCarthy,CF,,Home Runs,0.5,,,7/31/2026,Fri 08:40pm,pre_game,MLB,standard,https://assets.underdogfantasy.com/player-images/mlb/20260325_03-9e51bbf6-6d71-4bc8-b86d-901df0fd1f38.png,,0.5,10.93,89.07,0.58,89.07,Under,https://www.freeiconspng.com/img/1934,,No,1.40,10.9,Royals @ Rockies,2026-08-01T00:40:00Z,Fri 08:40pm,Coors Field,outdoor,,-815.00,-815,7/31/2026,0.1093,,,,No,,,3.5,26.26185873,73.74,26.26185873,0.11,,0,,0.11,,0.24,0.5,Push
Underdog,MLB,,Jake McCarthy,CF,,Total Bases,1.5,,,7/31/2026,Fri 08:40pm,pre_game,MLB,standard,https://assets.underdogfantasy.com/player-images/mlb/20260325_03-9e51bbf6-6d71-4bc8-b86d-901df0fd1f38.png,,1.5,51.91,48.09,-9.72,51.91,Over,https://www.freeiconspng.com/img/1934,,No,1.40,10.9,Royals @ Rockies,2026-08-01T00:40:00Z,Fri 08:40pm,Coors Field,outdoor,,-108.00,-108,7/31/2026,1.5573,,,,No,,,3.5,27.47794422,72.52,27.47794422,1.56,,0,,1.56,,1.2,0.5,Good Bet
Underdog,MLB,,Edouard Julien,2B,,Hits,0.5,,,7/31/2026,Fri 08:40pm,pre_game,MLB,standard,https://assets.underdogfantasy.com/player-images/mlb/20260323_23-fcb6b23a-cace-4dc1-bc05-e12378183fbc.png,,0.5,61.48,38.52,0.09,61.48,Over,https://www.freeiconspng.com/img/1934,,No,1.40,10.9,Royals @ Rockies,2026-08-01T00:40:00Z,Fri 08:40pm,Coors Field,outdoor,,-160.00,-160,7/31/2026,0.6148,,,,No,,,3.5,42.73038602,57.27,42.73038602,0.61,,0,,0.61,,0.58,0.5,Good Bet
Underdog,MLB,,Jake McCarthy,CF,,Hits,1.5,,,7/31/2026,Fri 08:40pm,pre_game,MLB,standard,https://assets.underdogfantasy.com/player-images/mlb/20260325_03-9e51bbf6-6d71-4bc8-b86d-901df0fd1f38.png,,1.5,39.37,60.63,0,60.63,Under,https://www.freeiconspng.com/img/1934,,No,1.40,10.9,Royals @ Rockies,2026-08-01T00:40:00Z,Fri 08:40pm,Coors Field,outdoor,,-154.00,-154,7/31/2026,1.1811,,,,No,,,3.5,20.58520976,79.41,20.58520976,1.18,,0,,1.18,,0.95,0.5,Push
Underdog,MLB,,Jake McCarthy,CF,,Runs,0.5,,,7/31/2026,Fri 08:40pm,pre_game,MLB,standard,https://assets.underdogfantasy.com/player-images/mlb/20260325_03-9e51bbf6-6d71-4bc8-b86d-901df0fd1f38.png,,0.5,51.91,48.09,-9.72,51.91,Over,https://www.freeiconspng.com/img/1934,,No,1.40,10.9,Royals @ Rockies,2026-08-01T00:40:00Z,Fri 08:40pm,Coors Field,outdoor,,-108.00,-108,7/31/2026,0.5191,,,,No,,,3.5,39.92341374,60.08,39.92341374,0.52,,0,,0.52,,0.51,0.5,Good Bet
Underdog,MLB,,Edouard Julien,2B,,Runs,0.5,,,7/31/2026,Fri 08:40pm,pre_game,MLB,standard,https://assets.underdogfantasy.com/player-images/mlb/20260323_23-fcb6b23a-cace-4dc1-bc05-e12378183fbc.png,,0.5,39.28,60.72,0.09,60.72,Under,https://www.freeiconspng.com/img/1934,,No,1.40,10.9,Royals @ Rockies,2026-08-01T00:40:00Z,Fri 08:40pm,Coors Field,outdoor,,-155.00,-155,7/31/2026,0.3928,,,,No,,,3.5,36.00722502,63.99,36.00722502,0.39,,0,,0.39,,0.43,0.5,Push
Underdog,MLB,,Jake McCarthy,CF,,RBIs,0.5,,,7/31/2026,Fri 08:40pm,pre_game,MLB,standard,https://assets.underdogfantasy.com/player-images/mlb/20260325_03-9e51bbf6-6d71-4bc8-b86d-901df0fd1f38.png,,,,,,,,,,,,,Royals @ Rockies,2026-08-01T00:40:00Z,Fri 08:40pm,Coors Field,outdoor,,,,,,,,,No,,,3.5,,,,0.00,,0,,0,,0.5,0.5,Push
Underdog,MLB,,Edouard Julien,2B,,RBIs,0.5,,,7/31/2026,Fri 08:40pm,pre_game,MLB,standard,https://assets.underdogfantasy.com/player-images/mlb/20260323_23-fcb6b23a-cace-4dc1-bc05-e12378183fbc.png,,,,,,,,,,,,,Royals @ Rockies,2026-08-01T00:40:00Z,Fri 08:40pm,Coors Field,outdoor,,,,,,,,,No,,,3.5,,,,0.00,,0,,0,,0.5,0.5,Push
Underdog,MLB,,Edouard Julien,2B,,Batter Walks,0.5,,,7/31/2026,Fri 08:40pm,pre_game,MLB,standard,https://assets.underdogfantasy.com/player-images/mlb/20260323_23-fcb6b23a-cace-4dc1-bc05-e12378183fbc.png,,0.5,33.87,66.13,-7.55,66.13,Under,https://www.freeiconspng.com/img/1934,,No,1.40,10.9,Royals @ Rockies,2026-08-01T00:40:00Z,Fri 08:40pm,Coors Field,outdoor,,-195.00,-195,7/31/2026,0.3387,,,,No,,,3.5,28.73037741,71.27,28.73037741,0.34,,0,,0.34,,0.34,0,Push
Underdog,MLB,,Jake McCarthy,CF,,Stolen Bases,0.5,,,7/31/2026,Fri 08:40pm,pre_game,MLB,standard,https://assets.underdogfantasy.com/player-images/mlb/20260325_03-9e51bbf6-6d71-4bc8-b86d-901df0fd1f38.png,,0.5,19.19,80.81,0.15,80.81,Under,https://www.freeiconspng.com/img/1934,,No,1.40,10.9,Royals @ Rockies,2026-08-01T00:40:00Z,Fri 08:40pm,Coors Field,outdoor,,-421.00,-421,7/31/2026,0.1919,,,,No,,,3.5,29.24521364,70.75,29.24521364,0.19,,0,,0.19,,0.29,0.5,Push
Underdog,MLB,,Christian Koss,2B,,Hits + Runs + RBIs,0.5,,,7/30/2026,Thu 09:40pm,pre_game,MLB,standard,https://assets.underdogfantasy.com/player-images/mlb/20260323_23-3f1a41fe-5bdf-42f6-b827-7b76fdb46e48.png,,0.5,60.08,39.92,-3.56,60.08,Over,https://www.freeiconspng.com/img/1934,2026-07-31T01:41:00Z,Yes,-1.50,8.3,Giants @ Padres,2026-07-31T01:40:00Z,Thu 09:40pm,Petco Park,outdoor,,-151.00,8/1/1899,7/30/2026,0.6008,,,,No,SD,4.07,1.78,45.16272376,54.84,45.16272376,0.60,,0,,0.6,,0.6,0,Great Bet
Underdog,MLB,,Connor Wong,C,,Hits + Runs + RBIs,1.5,,,7/30/2026,Thu 09:40pm,pre_game,MLB,standard,https://assets.underdogfantasy.com/player-images/mlb/20260329_17-dc90f6e6-0e5d-4272-8070-9cd82ee97959.png,,1.5,47.32,52.68,-5.65,52.68,Under,https://www.freeiconspng.com/img/1934,2026-07-31T01:41:00Z,No,1.50,10,Red Sox @ Athletics,2026-07-31T01:40:00Z,Thu 09:40pm,Sutter Health Park,outdoor,NBCS-CA,-111.00,9/10/1899,7/30/2026,1.4196,,,,No,ATH,4.85,1.9,41.49147774,58.51,41.49147774,1.42,,0,,1.42,,1.42,0,Push
Underdog,MLB,,Christian Koss,2B,,Home Runs,0.5,,,7/30/2026,Thu 09:40pm,pre_game,MLB,standard,https://assets.underdogfantasy.com/player-images/mlb/20260323_23-3f1a41fe-5bdf-42f6-b827-7b76fdb46e48.png,,0.5,9.36,90.64,-0.27,90.64,Under,https://www.freeiconspng.com/img/1934,2026-07-31T01:41:00Z,Yes,-1.50,8.3,Giants @ Padres,2026-07-31T01:40:00Z,Thu 09:40pm,Petco Park,outdoor,,-968.00,-968,7/30/2026,0.0936,,,,No,SD,4.07,1.78,25.6807364,74.32,25.6807364,0.09,,0,,0.09,,0.23,0.5,Push
Underdog,MLB,,Connor Wong,C,,Home Runs,0.5,,,7/30/2026,Thu 09:40pm,pre_game,MLB,standard,https://assets.underdogfantasy.com/player-images/mlb/20260329_17-dc90f6e6-0e5d-4272-8070-9cd82ee97959.png,,0.5,10.28,89.72,-2.02,89.72,Under,https://www.freeiconspng.com/img/1934,2026-07-31T01:41:00Z,No,1.50,10,Red Sox @ Athletics,2026-07-31T01:40:00Z,Thu 09:40pm,Sutter Health Park,outdoor,NBCS-CA,-873.00,8/9/1897,7/30/2026,0.1028,,,,No,ATH,4.85,1.9,26.02181992,73.98,26.02181992,0.10,,0,,0.1,,0.24,0.5,Push
Underdog,MLB,,Connor Wong,C,,Hitter Fantasy Score,5.5,,,7/30/2026,Thu 09:40pm,pre_game,MLB,standard,https://assets.underdogfantasy.com/player-images/mlb/20260329_17-dc90f6e6-0e5d-4272-8070-9cd82ee97959.png,,,,,,,,,,,,,Red Sox @ Athletics,2026-07-31T01:40:00Z,Thu 09:40pm,Sutter Health Park,outdoor,NBCS-CA,,,,4.85,,,,No,ATH,4.85,1.9,67.95648695,32.04,32.04351305,4.85,,0,,4.1,,3.82,2.5,Push
Underdog,MLB,,Connor Wong,C,,Hits,0.5,,,7/30/2026,Thu 09:40pm,pre_game,MLB,standard,https://assets.underdogfantasy.com/player-images/mlb/20260329_17-dc90f6e6-0e5d-4272-8070-9cd82ee97959.png,,0.5,60.23,39.77,-4.31,60.23,Over,https://www.freeiconspng.com/img/1934,2026-07-31T01:41:00Z,No,1.50,10,Red Sox @ Athletics,2026-07-31T01:40:00Z,Thu 09:40pm,Sutter Health Park,outdoor,NBCS-CA,-151.00,8/1/1899,7/30/2026,0.6023,,,,No,ATH,4.85,1.9,42.37133005,57.63,42.37133005,0.60,,0,,0.6,,0.57,0.5,Good Bet
Underdog,MLB,,Christian Koss,2B,,Hits,0.5,,,7/30/2026,Thu 09:40pm,pre_game,MLB,standard,https://assets.underdogfantasy.com/player-images/mlb/20260323_23-3f1a41fe-5bdf-42f6-b827-7b76fdb46e48.png,,0.5,54.87,45.13,-3.29,54.87,Over,https://www.freeiconspng.com/img/1934,2026-07-31T01:41:00Z,Yes,-1.50,8.3,Giants @ Padres,2026-07-31T01:40:00Z,Thu 09:40pm,Petco Park,outdoor,,-122.00,-122,7/30/2026,0.5487,,,,No,SD,4.07,1.78,40.80599997,59.19,40.80599997,0.55,,0,,0.55,,0.53,0.5,Good Bet
Underdog,MLB,,Connor Wong,C,,Runs,0.5,,,7/30/2026,Thu 09:40pm,pre_game,MLB,standard,https://assets.underdogfantasy.com/player-images/mlb/20260329_17-dc90f6e6-0e5d-4272-8070-9cd82ee97959.png,,0.5,40.31,59.69,-2.57,59.69,Under,https://www.freeiconspng.com/img/1934,2026-07-31T01:41:00Z,No,1.50,10,Red Sox @ Athletics,2026-07-31T01:40:00Z,Thu 09:40pm,Sutter Health Park,outdoor,NBCS-CA,-148.00,8/4/1899,7/30/2026,0.4031,,,,No,ATH,4.85,1.9,36.33594065,63.66,36.33594065,0.40,,0,,0.4,,0.44,0.5,Push
Underdog,MLB,,Christian Koss,2B,,Runs,0.5,,,7/30/2026,Thu 09:40pm,pre_game,MLB,standard,https://assets.underdogfantasy.com/player-images/mlb/20260323_23-3f1a41fe-5bdf-42f6-b827-7b76fdb46e48.png,,0.5,32.1,67.9,-6.78,67.9,Under,https://www.freeiconspng.com/img/1934,2026-07-31T01:41:00Z,Yes,-1.50,8.3,Giants @ Padres,2026-07-31T01:40:00Z,Thu 09:40pm,Petco Park,outdoor,,-212.00,-212,7/30/2026,0.321,,,,No,SD,4.07,1.78,33.6681492,66.33,33.6681492,0.32,,0,,0.32,,0.38,0.5,Push
Underdog,MLB,,Connor Wong,C,,RBIs,0.5,,,7/30/2026,Thu 09:40pm,pre_game,MLB,standard,https://assets.underdogfantasy.com/player-images/mlb/20260329_17-dc90f6e6-0e5d-4272-8070-9cd82ee97959.png,,0.5,32.15,67.85,-3.58,67.85,Under,https://www.freeiconspng.com/img/1934,2026-07-31T01:41:00Z,No,1.50,10,Red Sox @ Athletics,2026-07-31T01:40:00Z,Thu 09:40pm,Sutter Health Park,outdoor,NBCS-CA,-211.00,-211,7/30/2026,0.3215,,,,No,ATH,4.85,1.9,33.68473009,66.32,33.68473009,0.32,,0,,0.32,,0.38,0.5,Push
Underdog,MLB,,Christian Koss,2B,,RBIs,0.5,,,7/30/2026,Thu 09:40pm,pre_game,MLB,standard,https://assets.underdogfantasy.com/player-images/mlb/20260323_23-3f1a41fe-5bdf-42f6-b827-7b76fdb46e48.png,,0.5,24.5,75.5,-6.32,75.5,Under,https://www.freeiconspng.com/img/1934,2026-07-31T01:41:00Z,Yes,-1.50,8.3,Giants @ Padres,2026-07-31T01:40:00Z,Thu 09:40pm,Petco Park,outdoor,,-308.00,2/25/1899,7/30/2026,0.245,,,,No,SD,4.07,1.78,31.09903484,68.90,31.09903484,0.24,,0,,0.24,,0.33,0.5,Push
Underdog,MLB,,Christian Koss,2B,,Batter Walks,0.5,,,7/30/2026,Thu 09:40pm,pre_game,MLB,standard,https://assets.underdogfantasy.com/player-images/mlb/20260323_23-3f1a41fe-5bdf-42f6-b827-7b76fdb46e48.png,,0.5,22.32,77.68,-5.65,77.68,Under,https://www.freeiconspng.com/img/1934,2026-07-31T01:41:00Z,Yes,-1.50,8.3,Giants @ Padres,2026-07-31T01:40:00Z,Thu 09:40pm,Petco Park,outdoor,,-348.00,1/16/1899,7/30/2026,0.2232,,,,No,SD,4.07,1.78,20.00451577,80.00,20.00451577,0.22,,0,,0.22,,0.22,0,Push
Underdog,MLB,,Connor Wong,C,,Batter Walks,0.5,,,7/30/2026,Thu 09:40pm,pre_game,MLB,standard,https://assets.underdogfantasy.com/player-images/mlb/20260329_17-dc90f6e6-0e5d-4272-8070-9cd82ee97959.png,,0.5,31.08,68.92,-8.86,68.92,Under,https://www.freeiconspng.com/img/1934,2026-07-31T01:41:00Z,No,1.50,10,Red Sox @ Athletics,2026-07-31T01:40:00Z,Thu 09:40pm,Sutter Health Park,outdoor,NBCS-CA,-222.00,5/22/1899,7/30/2026,0.3108,,,,No,ATH,4.85,1.9,26.71395667,73.29,26.71395667,0.31,,0,,0.31,,0.31,0,Push
Underdog,MLB,,Christian Koss,2B,,Stolen Bases,0.5,,,7/30/2026,Thu 09:40pm,pre_game,MLB,standard,https://assets.underdogfantasy.com/player-images/mlb/20260323_23-3f1a41fe-5bdf-42f6-b827-7b76fdb46e48.png,,0.5,10.85,89.15,-8.89,89.15,Under,https://www.freeiconspng.com/img/1934,2026-07-31T01:41:00Z,Yes,-1.50,8.3,Giants @ Padres,2026-07-31T01:40:00Z,Thu 09:40pm,Petco Park,outdoor,,-822.00,-822,7/30/2026,0.1085,,,,No,SD,4.07,1.78,26.23235757,73.77,26.23235757,0.11,,0,,0.11,,0.24,0.5,Push
Underdog,MLB,,Connor Wong,C,,Stolen Bases,0.5,,,7/30/2026,Thu 09:40pm,pre_game,MLB,standard,https://assets.underdogfantasy.com/player-images/mlb/20260329_17-dc90f6e6-0e5d-4272-8070-9cd82ee97959.png,,0.5,9.33,90.67,-6.1,90.67,Under,https://www.freeiconspng.com/img/1934,2026-07-31T01:41:00Z,No,1.50,10,Red Sox @ Athletics,2026-07-31T01:40:00Z,Thu 09:40pm,Sutter Health Park,outdoor,NBCS-CA,-972.00,5/2/1897,7/30/2026,0.0933,,,,No,ATH,4.85,1.9,25.66958767,74.33,25.66958767,0.09,,0,,0.09,,0.23,0.5,Push
Underdog,MLB,,Dalton Rushing,C,,Hits + Runs + RBIs,1.5,,,7/30/2026,Thu 10:10pm,pre_game,MLB,standard,https://assets.underdogfantasy.com/player-images/mlb/20260405_19-3cb563aa-77bc-46b5-aeaa-4a02e72a4ea5.png,,1.5,43.34,56.66,,57.81,Over,https://www.freeiconspng.com/img/1934,2026-07-31T02:11:00Z,Yes,-1.50,8.7,Mariners @ Dodgers,2026-07-31T02:10:00Z,Thu 10:10pm,UNIQLO Field at Dodger Stadium,outdoor,MLB Network,-137.00,8/15/1899,7/30/2026,1.3002,,,,No,SEA,4.97,1.98,37.32477327,62.68,37.32477327,1.30,,0,,1.3,,1.3,0,Push
Underdog,MLB,,Dalton Rushing,C,,Home Runs,0.5,,,7/30/2026,Thu 10:10pm,pre_game,MLB,standard,https://assets.underdogfantasy.com/player-images/mlb/20260405_19-3cb563aa-77bc-46b5-aeaa-4a02e72a4ea5.png,,0.5,19.09,80.91,-1.73,80.91,Under,https://www.freeiconspng.com/img/1934,2026-07-31T02:11:00Z,Yes,-1.50,8.7,Mariners @ Dodgers,2026-07-31T02:10:00Z,Thu 10:10pm,UNIQLO Field at Dodger Stadium,outdoor,MLB Network,-424.00,11/1/1898,7/30/2026,0.1909,,,,No,SEA,4.97,1.98,29.2098274,70.79,29.2098274,0.19,,0,,0.19,,0.29,0.5,Push
Underdog,MLB,,Dalton Rushing,C,,Hits,0.5,,,7/30/2026,Thu 10:10pm,pre_game,MLB,standard,https://assets.underdogfantasy.com/player-images/mlb/20260405_19-3cb563aa-77bc-46b5-aeaa-4a02e72a4ea5.png,,0.5,55.99,44.01,-0.91,55.99,Over,https://www.freeiconspng.com/img/1934,2026-07-31T02:11:00Z,Yes,-1.50,8.7,Mariners @ Dodgers,2026-07-31T02:10:00Z,Thu 10:10pm,UNIQLO Field at Dodger Stadium,outdoor,MLB Network,-127.00,-127,7/30/2026,0.5599,,,,No,SEA,4.97,1.98,41.13655993,58.86,41.13655993,0.56,,0,,0.56,,0.54,0.5,Good Bet
Underdog,MLB,,Dalton Rushing,C,,Runs,0.5,,,7/30/2026,Thu 10:10pm,pre_game,MLB,standard,https://assets.underdogfantasy.com/player-images/mlb/20260405_19-3cb563aa-77bc-46b5-aeaa-4a02e72a4ea5.png,,0.5,38.89,61.11,-2.53,61.11,Under,https://www.freeiconspng.com/img/1934,2026-07-31T02:11:00Z,Yes,-1.50,8.7,Mariners @ Dodgers,2026-07-31T02:10:00Z,Thu 10:10pm,UNIQLO Field at Dodger Stadium,outdoor,MLB Network,-157.00,7/26/1899,7/30/2026,0.3889,,,,No,SEA,4.97,1.98,35.88231737,64.12,35.88231737,0.39,,0,,0.39,,0.43,0.5,Push
Underdog,MLB,,Dalton Rushing,C,,RBIs,0.5,,,7/30/2026,Thu 10:10pm,pre_game,MLB,standard,https://assets.underdogfantasy.com/player-images/mlb/20260405_19-3cb563aa-77bc-46b5-aeaa-4a02e72a4ea5.png,,0.5,32.51,67.49,-5.84,67.49,Under,https://www.freeiconspng.com/img/1934,2026-07-31T02:11:00Z,Yes,-1.50,8.7,Mariners @ Dodgers,2026-07-31T02:10:00Z,Thu 10:10pm,UNIQLO Field at Dodger Stadium,outdoor,MLB Network,-208.00,6/5/1899,7/30/2026,0.3251,,,,No,SEA,4.97,1.98,33.80399021,66.20,33.80399021,0.33,,0,,0.33,,0.38,0.5,Push
Underdog,MLB,,Dalton Rushing,C,,Batter Walks,0.5,,,7/30/2026,Thu 10:10pm,pre_game,MLB,standard,https://assets.underdogfantasy.com/player-images/mlb/20260405_19-3cb563aa-77bc-46b5-aeaa-4a02e72a4ea5.png,,0.5,28.53,71.47,-6.31,71.47,Under,https://www.freeiconspng.com/img/1934,2026-07-31T02:11:00Z,Yes,-1.50,8.7,Mariners @ Dodgers,2026-07-31T02:10:00Z,Thu 10:10pm,UNIQLO Field at Dodger Stadium,outdoor,MLB Network,-251.00,-251,7/30/2026,0.2853,,,,No,SEA,4.97,1.98,24.82113161,75.18,24.82113161,0.29,,0,,0.29,,0.29,0,Push
Underdog,MLB,,Weston Wilson,3B,,Hits + Runs + RBIs,0.5,,,7/30/2026,Thu 10:10pm,pre_game,MLB,standard,https://assets.underdogfantasy.com/player-images/mlb/20260513_16-fdab4701-969b-4535-9c5d-bb226c18355c.png,,0.5,53.27,46.73,-11.08,53.27,Over,https://www.freeiconspng.com/img/1934,2026-08-01T02:11:00Z,Yes,-1.50,8.7,Mariners @ Dodgers,2026-07-31T02:10:00Z,Thu 10:10pm,UNIQLO Field at Dodger Stadium,outdoor,MLB Network,-114.00,9/7/1899,7/30/2026,0.5327,,,,No,LAD,4.5,2.22,41.29821202,58.70,41.29821202,0.53,2,0.03374,over,0.53,0.566444,0.54,0,Great Bet
Underdog,MLB,,Weston Wilson,3B,,Home Runs,0.5,,,7/30/2026,Thu 10:10pm,pre_game,MLB,standard,https://assets.underdogfantasy.com/player-images/mlb/20260513_16-fdab4701-969b-4535-9c5d-bb226c18355c.png,,0.5,12.52,87.48,-2.61,87.48,Under,https://www.freeiconspng.com/img/1934,2026-08-01T02:11:00Z,Yes,-1.50,8.7,Mariners @ Dodgers,2026-07-31T02:10:00Z,Thu 10:10pm,UNIQLO Field at Dodger Stadium,outdoor,MLB Network,-699.00,-699,7/30/2026,0.1252,,,,No,LAD,4.5,2.22,26.8457529,73.15,26.8457529,0.13,7,0.00844,over,0.13,0.133636,0.25,0.5,Best Bet
Underdog,MLB,,Weston Wilson,3B,,Hits,0.5,,,7/30/2026,Thu 10:10pm,pre_game,MLB,standard,https://assets.underdogfantasy.com/player-images/mlb/20260513_16-fdab4701-969b-4535-9c5d-bb226c18355c.png,,0.5,48.49,51.51,,57.81,Over,https://www.freeiconspng.com/img/1934,2026-08-01T02:11:00Z,Yes,-1.50,8.7,Mariners @ Dodgers,2026-07-31T02:10:00Z,Thu 10:10pm,UNIQLO Field at Dodger Stadium,outdoor,MLB Network,-137.00,8/15/1899,7/30/2026,0.4849,,,,No,LAD,4.5,2.22,38.88727033,61.11,38.88727033,0.48,1,0.03907,over,0.48,0.523972,0.5,0.5,Great Bet
Underdog,MLB,,Weston Wilson,3B,,Runs,0.5,,,7/30/2026,Thu 10:10pm,pre_game,MLB,standard,https://assets.underdogfantasy.com/player-images/mlb/20260513_16-fdab4701-969b-4535-9c5d-bb226c18355c.png,,0.5,30.4,69.6,-2.85,69.6,Under,https://www.freeiconspng.com/img/1934,2026-08-01T02:11:00Z,Yes,-1.50,8.7,Mariners @ Dodgers,2026-07-31T02:10:00Z,Thu 10:10pm,UNIQLO Field at Dodger Stadium,outdoor,MLB Network,-229.00,5/15/1899,7/30/2026,0.304,,,,No,LAD,4.5,2.22,33.10192543,66.90,33.10192543,0.30,2,0.04151,over,0.3,0.345514,0.36,0.5,Best Bet
Underdog,MLB,,Weston Wilson,3B,,RBIs,0.5,,,7/30/2026,Thu 10:10pm,pre_game,MLB,standard,https://assets.underdogfantasy.com/player-images/mlb/20260513_16-fdab4701-969b-4535-9c5d-bb226c18355c.png,,0.5,24.4,75.6,-5.28,75.6,Under,https://www.freeiconspng.com/img/1934,2026-08-01T02:11:00Z,Yes,-1.50,8.7,Mariners @ Dodgers,2026-07-31T02:10:00Z,Thu 10:10pm,UNIQLO Field at Dodger Stadium,outdoor,MLB Network,-310.00,2/23/1899,7/30/2026,0.244,,,,No,LAD,4.5,2.22,31.06457575,68.94,31.06457575,0.24,2,0.03374,over,0.24,0.277744,0.32,0.5,Best Bet
Underdog,MLB,,Weston Wilson,3B,,Batter Walks,0.5,,,7/30/2026,Thu 10:10pm,pre_game,MLB,standard,https://assets.underdogfantasy.com/player-images/mlb/20260513_16-fdab4701-969b-4535-9c5d-bb226c18355c.png,,0.5,24.61,75.39,-4.61,75.39,Under,https://www.freeiconspng.com/img/1934,2026-08-01T02:11:00Z,Yes,-1.50,8.7,Mariners @ Dodgers,2026-07-31T02:10:00Z,Thu 10:10pm,UNIQLO Field at Dodger Stadium,outdoor,MLB Network,-306.00,2/27/1899,7/30/2026,0.2461,,,,No,LAD,4.5,2.22,21.81559634,78.18,21.81559634,0.25,4,0.0333,over,0.25,0.2794,0.26,0,Push
Underdog,MLB,,Weston Wilson,3B,,Stolen Bases,0.5,,,7/30/2026,Thu 10:10pm,pre_game,MLB,standard,https://assets.underdogfantasy.com/player-images/mlb/20260513_16-fdab4701-969b-4535-9c5d-bb226c18355c.png,,0.5,14.73,85.27,-0.94,85.27,Under,https://www.freeiconspng.com/img/1934,2026-08-01T02:11:00Z,Yes,-1.50,8.7,Mariners @ Dodgers,2026-07-31T02:10:00Z,Thu 10:10pm,UNIQLO Field at Dodger Stadium,outdoor,MLB Network,-579.00,-579,7/30/2026,0.1473,,,,No,LAD,4.5,2.22,27.64965757,72.35,27.64965757,0.15,29,-0.01865,under,0.15,0.128652,0.26,0.5,Best Bet
Underdog,MLB,,Nick Loftin,3B,,Hits + Runs + RBIs,1.5,,,7/31/2026,Fri 08:40pm,pre_game,MLB,standard,https://assets.underdogfantasy.com/player-images/mlb/20260424_14-00d968a4-d1ae-4433-8d00-ca4646d945d6.png,,1.5,54.57,45.43,0.23,54.57,Over,https://www.freeiconspng.com/img/1934,,No,1.40,10.9,Royals @ Rockies,2026-08-01T00:40:00Z,Fri 08:40pm,Coors Field,outdoor,,-120.00,-120,7/31/2026,1.6371,,,,No,,,3.5,48.69695975,51.30,48.69695975,1.64,,0,,1.64,,1.64,0,Great Bet
Underdog,MLB,,Nick Loftin,3B,,Home Runs,0.5,,,7/31/2026,Fri 08:40pm,pre_game,MLB,standard,https://assets.underdogfantasy.com/player-images/mlb/20260424_14-00d968a4-d1ae-4433-8d00-ca4646d945d6.png,,0.5,9.54,90.46,0.37,90.46,Under,https://www.freeiconspng.com/img/1934,,No,1.40,10.9,Royals @ Rockies,2026-08-01T00:40:00Z,Fri 08:40pm,Coors Field,outdoor,,-948.00,5/26/1897,7/31/2026,0.0954,,,,No,,,3.5,25.74759364,74.25,25.74759364,0.10,,0,,0.1,,0.23,0.5,Push
Underdog,MLB,,Nick Loftin,3B,,Total Bases,1.5,,,7/31/2026,Fri 08:40pm,pre_game,MLB,standard,https://assets.underdogfantasy.com/player-images/mlb/20260424_14-00d968a4-d1ae-4433-8d00-ca4646d945d6.png,,1.5,43,57,0.1,57,Under,https://www.freeiconspng.com/img/1934,,No,1.40,10.9,Royals @ Rockies,2026-08-01T00:40:00Z,Fri 08:40pm,Coors Field,outdoor,,-133.00,-133,7/31/2026,1.29,,,,No,,,3.5,22.56886006,77.43,22.56886006,1.29,,0,,1.29,,1.03,0.5,Push
Underdog,MLB,,Nick Loftin,3B,,Hits,1.5,,,7/31/2026,Fri 08:40pm,pre_game,MLB,standard,https://assets.underdogfantasy.com/player-images/mlb/20260424_14-00d968a4-d1ae-4433-8d00-ca4646d945d6.png,,1.5,30.99,69.01,0.07,69.01,Under,https://www.freeiconspng.com/img/1934,,No,1.40,10.9,Royals @ Rockies,2026-08-01T00:40:00Z,Fri 08:40pm,Coors Field,outdoor,,-223.00,5/21/1899,7/31/2026,0.9297,,,,No,,,3.5,16.0983064,83.90,16.0983064,0.93,,0,,0.93,,0.79,0.5,Push
Underdog,MLB,,Nick Loftin,3B,,Runs,0.5,,,7/31/2026,Fri 08:40pm,pre_game,MLB,standard,https://assets.underdogfantasy.com/player-images/mlb/20260424_14-00d968a4-d1ae-4433-8d00-ca4646d945d6.png,,0.5,42.35,57.65,0.2,57.65,Under,https://www.freeiconspng.com/img/1934,,No,1.40,10.9,Royals @ Rockies,2026-08-01T00:40:00Z,Fri 08:40pm,Coors Field,outdoor,,-136.00,8/16/1899,7/31/2026,0.4235,,,,No,,,3.5,36.98201348,63.02,36.98201348,0.42,,0,,0.42,,0.45,0.5,Push
Underdog,MLB,,Nick Loftin,3B,,RBIs,0.5,,,7/31/2026,Fri 08:40pm,pre_game,MLB,standard,https://assets.underdogfantasy.com/player-images/mlb/20260424_14-00d968a4-d1ae-4433-8d00-ca4646d945d6.png,,,,,,,,,,,,,Royals @ Rockies,2026-08-01T00:40:00Z,Fri 08:40pm,Coors Field,outdoor,,,,,,,,,No,,,3.5,,,,0.00,,0,,0,,0.5,0.5,Push
Underdog,MLB,,Nick Loftin,3B,,Batter Walks,0.5,,,7/31/2026,Fri 08:40pm,pre_game,MLB,standard,https://assets.underdogfantasy.com/player-images/mlb/20260424_14-00d968a4-d1ae-4433-8d00-ca4646d945d6.png,,0.5,25.36,74.64,-8.27,74.64,Under,https://www.freeiconspng.com/img/1934,,No,1.40,10.9,Royals @ Rockies,2026-08-01T00:40:00Z,Fri 08:40pm,Coors Field,outdoor,,-294.00,3/11/1899,7/31/2026,0.2536,,,,No,,,3.5,22.39978592,77.60,22.39978592,0.25,,0,,0.25,,0.25,0,Push
Underdog,MLB,,Kyle Karros,3B,,Hits + Runs + RBIs,1.5,,,7/31/2026,Fri 08:40pm,pre_game,MLB,standard,https://assets.underdogfantasy.com/player-images/mlb/20260325_03-bdff6c05-b931-493c-bdbb-a9ec53b226fc.png,,1.5,52.33,47.67,-10.14,52.33,Over,https://www.freeiconspng.com/img/1934,,No,1.40,10.9,Royals @ Rockies,2026-08-01T00:40:00Z,Fri 08:40pm,Coors Field,outdoor,,-110.00,-110,7/31/2026,1.5699,7/31/2026,Day-To-Day,Jul 29: Karros (biceps) remains out of the lineup for Wednesday's contest in San Diego.,No,,,3.5,46.52912177,53.47,46.52912177,1.57,,0,,1.57,,1.57,0,Great Bet
Underdog,MLB,,Kyle Karros,3B,,Home Runs,0.5,,,7/31/2026,Fri 08:40pm,pre_game,MLB,standard,https://assets.underdogfantasy.com/player-images/mlb/20260325_03-bdff6c05-b931-493c-bdbb-a9ec53b226fc.png,,0.5,12.49,87.51,0.55,87.51,Under,https://www.freeiconspng.com/img/1934,,No,1.40,10.9,Royals @ Rockies,2026-08-01T00:40:00Z,Fri 08:40pm,Coors Field,outdoor,,-701.00,1/28/1898,7/31/2026,0.1249,7/31/2026,Day-To-Day,Jul 29: Karros (biceps) remains out of the lineup for Wednesday's contest in San Diego.,No,,,3.5,26.83477894,73.17,26.83477894,0.12,,0,,0.12,,0.25,0.5,Push
Underdog,MLB,,Kyle Karros,3B,,Total Bases,1.5,,,7/31/2026,Fri 08:40pm,pre_game,MLB,standard,https://assets.underdogfantasy.com/player-images/mlb/20260325_03-bdff6c05-b931-493c-bdbb-a9ec53b226fc.png,,1.5,42.09,57.91,0.1,57.91,Under,https://www.freeiconspng.com/img/1934,,No,1.40,10.9,Royals @ Rockies,2026-08-01T00:40:00Z,Fri 08:40pm,Coors Field,outdoor,,-138.00,-138,7/31/2026,1.2627,7/31/2026,Day-To-Day,Jul 29: Karros (biceps) remains out of the lineup for Wednesday's contest in San Diego.,No,,,3.5,22.07009333,77.93,22.07009333,1.26,,0,,1.26,,1.01,0.5,Push
Underdog,MLB,,Kyle Karros,3B,,Hits,1.5,,,7/31/2026,Fri 08:40pm,pre_game,MLB,standard,https://assets.underdogfantasy.com/player-images/mlb/20260325_03-bdff6c05-b931-493c-bdbb-a9ec53b226fc.png,,0.5,68.05,31.95,0,68.05,Over,https://www.freeiconspng.com/img/1934,,No,1.40,10.9,Royals @ Rockies,2026-08-01T00:40:00Z,Fri 08:40pm,Coors Field,outdoor,,-213.00,-213,7/31/2026,0.6805,7/31/2026,Day-To-Day,Jul 29: Karros (biceps) remains out of the lineup for Wednesday's contest in San Diego.,No,,,3.5,11.87013876,88.13,11.87013876,0.68,,0,,0.68,,0.62,0.5,Push
Underdog,MLB,,Kyle Karros,3B,,Runs,0.5,,,7/31/2026,Fri 08:40pm,pre_game,MLB,standard,https://assets.underdogfantasy.com/player-images/mlb/20260325_03-bdff6c05-b931-493c-bdbb-a9ec53b226fc.png,,0.5,48.31,51.69,-6.12,51.69,Under,https://www.freeiconspng.com/img/1934,,No,1.40,10.9,Royals @ Rockies,2026-08-01T00:40:00Z,Fri 08:40pm,Coors Field,outdoor,,-107.00,-107,7/31/2026,0.4831,7/31/2026,Day-To-Day,Jul 29: Karros (biceps) remains out of the lineup for Wednesday's contest in San Diego.,No,,,3.5,38.83224412,61.17,38.83224412,0.48,,0,,0.48,,0.49,0.5,Push
Underdog,MLB,,Kyle Karros,3B,,RBIs,0.5,,,7/31/2026,Fri 08:40pm,pre_game,MLB,standard,https://assets.underdogfantasy.com/player-images/mlb/20260325_03-bdff6c05-b931-493c-bdbb-a9ec53b226fc.png,,,,,,,,,,,,,Royals @ Rockies,2026-08-01T00:40:00Z,Fri 08:40pm,Coors Field,outdoor,,,,,,7/31/2026,Day-To-Day,Jul 29: Karros (biceps) remains out of the lineup for Wednesday's contest in San Diego.,No,,,3.5,,,,0.00,,0,,0,,0.5,0.5,Push
Underdog,MLB,,Kyle Karros,3B,,Batter Walks,0.5,,,7/31/2026,Fri 08:40pm,pre_game,MLB,standard,https://assets.underdogfantasy.com/player-images/mlb/20260325_03-bdff6c05-b931-493c-bdbb-a9ec53b226fc.png,,0.5,33.25,66.75,-7.61,66.75,Under,https://www.freeiconspng.com/img/1934,,No,1.40,10.9,Royals @ Rockies,2026-08-01T00:40:00Z,Fri 08:40pm,Coors Field,outdoor,,-201.00,-201,7/31/2026,0.3325,7/31/2026,Day-To-Day,Jul 29: Karros (biceps) remains out of the lineup for Wednesday's contest in San Diego.,No,,,3.5,28.28713311,71.71,28.28713311,0.33,,0,,0.33,,0.33,0,Push
Underdog,MLB,,Andruw Monasterio,SS,,Hits + Runs + RBIs,1.5,,,7/30/2026,Thu 09:40pm,pre_game,MLB,standard,https://assets.underdogfantasy.com/player-images/mlb/20260323_23-93dd9c6d-6a90-470e-a99e-f8233ac60ddc.png,,1.5,53.23,46.77,-4.22,53.23,Over,https://www.freeiconspng.com/img/1934,2026-07-31T01:41:00Z,No,1.50,10,Red Sox @ Athletics,2026-07-31T01:40:00Z,Thu 09:40pm,Sutter Health Park,outdoor,NBCS-CA,-114.00,-114,7/30/2026,1.5969,,,,No,ATH,6.02,2.25,47.40670648,52.59,47.40670648,1.60,,0,,1.6,,1.6,0,Great Bet
Underdog,MLB,,Andruw Monasterio,SS,,Home Runs,0.5,,,7/30/2026,Thu 09:40pm,pre_game,MLB,standard,https://assets.underdogfantasy.com/player-images/mlb/20260323_23-93dd9c6d-6a90-470e-a99e-f8233ac60ddc.png,,0.5,13.97,86.03,-2.46,86.03,Under,https://www.freeiconspng.com/img/1934,2026-07-31T01:41:00Z,No,1.50,10,Red Sox @ Athletics,2026-07-31T01:40:00Z,Thu 09:40pm,Sutter Health Park,outdoor,NBCS-CA,-616.00,-616,7/30/2026,0.1397,,,,No,ATH,6.02,2.25,27.37420324,72.63,27.37420324,0.14,,0,,0.14,,0.26,0.5,Push
Underdog,MLB,,Andruw Monasterio,SS,,Total Bases,1.5,,,7/30/2026,Thu 09:40pm,pre_game,MLB,standard,https://assets.underdogfantasy.com/player-images/mlb/20260323_23-93dd9c6d-6a90-470e-a99e-f8233ac60ddc.png,,1.5,40.84,59.16,-3.39,59.16,Under,https://www.freeiconspng.com/img/1934,2026-07-31T01:41:00Z,No,1.50,10,Red Sox @ Athletics,2026-07-31T01:40:00Z,Thu 09:40pm,Sutter Health Park,outdoor,NBCS-CA,-145.00,-145,7/30/2026,1.2252,,,,No,ATH,6.02,2.25,21.38649161,78.61,21.38649161,1.23,,0,,1.23,,0.98,0.5,Push
Underdog,MLB,,Andruw Monasterio,SS,,Hitter Fantasy Score,6.5,,,7/30/2026,Thu 09:40pm,pre_game,MLB,standard,https://assets.underdogfantasy.com/player-images/mlb/20260323_23-93dd9c6d-6a90-470e-a99e-f8233ac60ddc.png,,,,,,,,,,,,,Red Sox @ Athletics,2026-07-31T01:40:00Z,Thu 09:40pm,Sutter Health Park,outdoor,NBCS-CA,,,,6.02,,,,No,ATH,6.02,2.25,48.15384615,51.85,51.84615385,6.02,,0,,5.2,,4.57,2.5,Push
Underdog,MLB,,Andruw Monasterio,SS,,Hits,0.5,,,7/30/2026,Thu 09:40pm,pre_game,MLB,standard,https://assets.underdogfantasy.com/player-images/mlb/20260323_23-93dd9c6d-6a90-470e-a99e-f8233ac60ddc.png,,0.5,64.66,35.34,-3.79,64.66,Over,https://www.freeiconspng.com/img/1934,2026-07-31T01:41:00Z,No,1.50,10,Red Sox @ Athletics,2026-07-31T01:40:00Z,Thu 09:40pm,Sutter Health Park,outdoor,NBCS-CA,-183.00,-183,7/30/2026,0.6466,,,,No,ATH,6.02,2.25,43.63377193,56.37,43.63377193,0.65,,0,,0.65,,0.6,0.5,Good Bet
Underdog,MLB,,Andruw Monasterio,SS,,Runs,0.5,,,7/30/2026,Thu 09:40pm,pre_game,MLB,standard,https://assets.underdogfantasy.com/player-images/mlb/20260323_23-93dd9c6d-6a90-470e-a99e-f8233ac60ddc.png,,0.5,43.9,56.1,-4.68,56.1,Under,https://www.freeiconspng.com/img/1934,2026-07-31T01:41:00Z,No,1.50,10,Red Sox @ Athletics,2026-07-31T01:40:00Z,Thu 09:40pm,Sutter Health Park,outdoor,NBCS-CA,-128.00,-128,7/30/2026,0.439,,,,No,ATH,6.02,2.25,37.46851524,62.53,37.46851524,0.44,,0,,0.44,,0.46,0.5,Push
Underdog,MLB,,Andruw Monasterio,SS,,RBIs,0.5,,,7/30/2026,Thu 09:40pm,pre_game,MLB,standard,https://assets.underdogfantasy.com/player-images/mlb/20260323_23-93dd9c6d-6a90-470e-a99e-f8233ac60ddc.png,,0.5,37.04,62.96,-5.79,62.96,Under,https://www.freeiconspng.com/img/1934,2026-07-31T01:41:00Z,No,1.50,10,Red Sox @ Athletics,2026-07-31T01:40:00Z,Thu 09:40pm,Sutter Health Park,outdoor,NBCS-CA,-170.00,-170,7/30/2026,0.3704,,,,No,ATH,6.02,2.25,35.28647729,64.71,35.28647729,0.37,,0,,0.37,,0.41,0.5,Push
Underdog,MLB,,Andruw Monasterio,SS,,Batter Walks,0.5,,,7/30/2026,Thu 09:40pm,pre_game,MLB,standard,https://assets.underdogfantasy.com/player-images/mlb/20260323_23-93dd9c6d-6a90-470e-a99e-f8233ac60ddc.png,,0.5,33.63,66.37,-3.33,66.37,Under,https://www.freeiconspng.com/img/1934,2026-07-31T01:41:00Z,No,1.50,10,Red Sox @ Athletics,2026-07-31T01:40:00Z,Thu 09:40pm,Sutter Health Park,outdoor,NBCS-CA,-197.00,-197,7/30/2026,0.3363,,,,No,ATH,6.02,2.25,28.5591249,71.44,28.5591249,0.34,,0,,0.34,,0.34,0,Push
Underdog,MLB,,Andruw Monasterio,SS,,Stolen Bases,0.5,,,7/30/2026,Thu 09:40pm,pre_game,MLB,standard,https://assets.underdogfantasy.com/player-images/mlb/20260323_23-93dd9c6d-6a90-470e-a99e-f8233ac60ddc.png,,0.5,12.31,87.69,-6.43,87.69,Under,https://www.freeiconspng.com/img/1934,2026-07-31T01:41:00Z,No,1.50,10,Red Sox @ Athletics,2026-07-31T01:40:00Z,Thu 09:40pm,Sutter Health Park,outdoor,NBCS-CA,-712.00,-712,7/30/2026,0.1231,,,,No,ATH,6.02,2.25,26.7689006,73.23,26.7689006,0.12,,0,,0.12,,0.25,0.5,Push
Underdog,MLB,,Carlos Cortes,RF,,Hits + Runs + RBIs,1.5,,,7/30/2026,Thu 09:40pm,pre_game,MLB,standard,https://assets.underdogfantasy.com/player-images/mlb/20260411_05-088a8499-8613-49ea-bebe-06fbb6b8d8ec.png,,1.5,49.57,50.43,-5.99,50.43,Under,https://www.freeiconspng.com/img/1934,,No,1.50,10,Red Sox @ Athletics,2026-07-31T01:40:00Z,Thu 09:40pm,Sutter Health Park,outdoor,NBCS-CA,-102.00,-102,7/30/2026,1.4871,,,,No,,,3.5,43.78477886,56.22,43.78477886,1.49,,0,,1.49,,1.49,0,Push
Underdog,MLB,,Carlos Cortes,RF,,Home Runs,0.5,,,7/30/2026,Thu 09:40pm,pre_game,MLB,standard,https://assets.underdogfantasy.com/player-images/mlb/20260411_05-088a8499-8613-49ea-bebe-06fbb6b8d8ec.png,,0.5,13.9,86.1,-0.86,86.1,Under,https://www.freeiconspng.com/img/1934,,No,1.50,10,Red Sox @ Athletics,2026-07-31T01:40:00Z,Thu 09:40pm,Sutter Health Park,outdoor,NBCS-CA,-619.00,-619,7/30/2026,0.139,,,,No,,,3.5,27.34877976,72.65,27.34877976,0.14,,0,,0.14,,0.26,0.5,Push
Underdog,MLB,,Carlos Cortes,RF,,Hitter Fantasy Score,5.5,,,7/30/2026,Thu 09:40pm,pre_game,MLB,standard,https://assets.underdogfantasy.com/player-images/mlb/20260411_05-088a8499-8613-49ea-bebe-06fbb6b8d8ec.png,,,,,,,,,,,,,Red Sox @ Athletics,2026-07-31T01:40:00Z,Thu 09:40pm,Sutter Health Park,outdoor,NBCS-CA,,,,,,,,No,,,3.5,,,,0.00,,0,,0,,2.5,2.5,Push
Underdog,MLB,,Carlos Cortes,RF,,Hits,0.5,,,7/30/2026,Thu 09:40pm,pre_game,MLB,standard,https://assets.underdogfantasy.com/player-images/mlb/20260411_05-088a8499-8613-49ea-bebe-06fbb6b8d8ec.png,,0.5,63.68,36.32,-3.43,63.68,Over,https://www.freeiconspng.com/img/1934,,No,1.50,10,Red Sox @ Athletics,2026-07-31T01:40:00Z,Thu 09:40pm,Sutter Health Park,outdoor,NBCS-CA,-175.00,-175,7/30/2026,0.6368,,,,No,,,3.5,43.35689963,56.64,43.35689963,0.64,,0,,0.64,,0.59,0.5,Good Bet
Underdog,MLB,,Carlos Cortes,RF,,Runs,0.5,,,7/30/2026,Thu 09:40pm,pre_game,MLB,standard,https://assets.underdogfantasy.com/player-images/mlb/20260411_05-088a8499-8613-49ea-bebe-06fbb6b8d8ec.png,,0.5,40.19,59.81,-2.31,59.81,Under,https://www.freeiconspng.com/img/1934,,No,1.50,10,Red Sox @ Athletics,2026-07-31T01:40:00Z,Thu 09:40pm,Sutter Health Park,outdoor,NBCS-CA,-149.00,-149,7/30/2026,0.4019,,,,No,,,3.5,36.29773075,63.70,36.29773075,0.40,,0,,0.4,,0.43,0.5,Push
Underdog,MLB,,Carlos Cortes,RF,,RBIs,0.5,,,7/30/2026,Thu 09:40pm,pre_game,MLB,standard,https://assets.underdogfantasy.com/player-images/mlb/20260411_05-088a8499-8613-49ea-bebe-06fbb6b8d8ec.png,,0.5,32.87,67.13,-5.47,67.13,Under,https://www.freeiconspng.com/img/1934,,No,1.50,10,Red Sox @ Athletics,2026-07-31T01:40:00Z,Thu 09:40pm,Sutter Health Park,outdoor,NBCS-CA,-204.00,-204,7/30/2026,0.3287,,,,No,,,3.5,33.92303586,66.08,33.92303586,0.33,,0,,0.33,,0.39,0.5,Push
Underdog,MLB,,Carlos Cortes,RF,,Batter Walks,0.5,,,7/30/2026,Thu 09:40pm,pre_game,MLB,standard,https://assets.underdogfantasy.com/player-images/mlb/20260411_05-088a8499-8613-49ea-bebe-06fbb6b8d8ec.png,,0.5,24.56,75.44,-6.38,75.44,Under,https://www.freeiconspng.com/img/1934,,No,1.50,10,Red Sox @ Athletics,2026-07-31T01:40:00Z,Thu 09:40pm,Sutter Health Park,outdoor,NBCS-CA,-307.00,-307,7/30/2026,0.2456,,,,No,,,3.5,21.77649436,78.22,21.77649436,0.25,,0,,0.25,,0.25,0,Push
Underdog,MLB,,Troy Johnston,RF,,Hits + Runs + RBIs,1.5,,,7/31/2026,Fri 08:40pm,pre_game,MLB,standard,https://assets.underdogfantasy.com/player-images/mlb/20260323_23-9ddc9a57-7a9f-46cb-9013-c3f899b6867e.png,,1.5,50.48,49.52,-8.29,50.48,Over,https://www.freeiconspng.com/img/1934,,No,1.40,10.9,Royals @ Rockies,2026-08-01T00:40:00Z,Fri 08:40pm,Coors Field,outdoor,,-102.00,-102,7/31/2026,1.5144,,,,No,,,3.5,44.69825891,55.30,44.69825891,1.51,,0,,1.51,,1.51,0,Great Bet
Underdog,MLB,,Troy Johnston,RF,,Home Runs,0.5,,,7/31/2026,Fri 08:40pm,pre_game,MLB,standard,https://assets.underdogfantasy.com/player-images/mlb/20260323_23-9ddc9a57-7a9f-46cb-9013-c3f899b6867e.png,,0.5,8.63,91.37,0.46,91.37,Under,https://www.freeiconspng.com/img/1934,,No,1.40,10.9,Royals @ Rockies,2026-08-01T00:40:00Z,Fri 08:40pm,Coors Field,outdoor,,"-1,059.00",-1059,7/31/2026,0.0863,,,,No,,,3.5,25.40897542,74.59,25.40897542,0.09,,0,,0.09,,0.22,0.5,Push
Underdog,MLB,,Troy Johnston,RF,,Total Bases,1.5,,,7/31/2026,Fri 08:40pm,pre_game,MLB,standard,https://assets.underdogfantasy.com/player-images/mlb/20260323_23-9ddc9a57-7a9f-46cb-9013-c3f899b6867e.png,,1.5,39.97,60.03,0.19,60.03,Under,https://www.freeiconspng.com/img/1934,,No,1.40,10.9,Royals @ Rockies,2026-08-01T00:40:00Z,Fri 08:40pm,Coors Field,outdoor,,-150.00,-150,7/31/2026,1.1991,,,,No,,,3.5,20.91188962,79.09,20.91188962,1.20,,0,,1.2,,0.97,0.5,Push
Underdog,MLB,,Troy Johnston,RF,,Hits,0.5,,,7/31/2026,Fri 08:40pm,pre_game,MLB,standard,https://assets.underdogfantasy.com/player-images/mlb/20260323_23-9ddc9a57-7a9f-46cb-9013-c3f899b6867e.png,,0.5,67.32,32.68,0.21,67.32,Over,https://www.freeiconspng.com/img/1934,,No,1.40,10.9,Royals @ Rockies,2026-08-01T00:40:00Z,Fri 08:40pm,Coors Field,outdoor,,-206.00,-206,7/31/2026,0.6732,,,,No,,,3.5,44.37847949,55.62,44.37847949,0.67,,0,,0.67,,0.62,0.5,Good Bet
Underdog,MLB,,Troy Johnston,RF,,Runs,0.5,,,7/31/2026,Fri 08:40pm,pre_game,MLB,standard,https://assets.underdogfantasy.com/player-images/mlb/20260323_23-9ddc9a57-7a9f-46cb-9013-c3f899b6867e.png,,0.5,40.29,59.71,0.2,59.71,Under,https://www.freeiconspng.com/img/1934,,No,1.40,10.9,Royals @ Rockies,2026-08-01T00:40:00Z,Fri 08:40pm,Coors Field,outdoor,,-148.00,-148,7/31/2026,0.4029,,,,No,,,3.5,36.32957392,63.67,36.32957392,0.40,,0,,0.4,,0.44,0.5,Push
Underdog,MLB,,Troy Johnston,RF,,RBIs,0.5,,,7/31/2026,Fri 08:40pm,pre_game,MLB,standard,https://assets.underdogfantasy.com/player-images/mlb/20260323_23-9ddc9a57-7a9f-46cb-9013-c3f899b6867e.png,,,,,,,,,,,,,Royals @ Rockies,2026-08-01T00:40:00Z,Fri 08:40pm,Coors Field,outdoor,,,,,,,,,No,,,3.5,,,,0.00,,0,,0,,0.5,0.5,Push
Underdog,MLB,,Troy Johnston,RF,,Batter Walks,0.5,,,7/31/2026,Fri 08:40pm,pre_game,MLB,standard,https://assets.underdogfantasy.com/player-images/mlb/20260323_23-9ddc9a57-7a9f-46cb-9013-c3f899b6867e.png,,0.5,26.01,73.99,-8.47,73.99,Under,https://www.freeiconspng.com/img/1934,,No,1.40,10.9,Royals @ Rockies,2026-08-01T00:40:00Z,Fri 08:40pm,Coors Field,outdoor,,-284.00,-284,7/31/2026,0.2601,,,,No,,,3.5,22.90255155,77.10,22.90255155,0.26,,0,,0.26,,0.26,0,Push
Underdog,MLB,,Anthony Seigler,2B,,Hits + Runs + RBIs,1.5,,,7/30/2026,Thu 09:40pm,pre_game,MLB,standard,https://assets.underdogfantasy.com/player-images/mlb/20260323_23-c43575ba-a876-4133-a9a8-65526f985c11.png,,1.5,57.5,42.5,-4.04,57.5,Over,https://www.freeiconspng.com/img/1934,2026-07-31T01:41:00Z,No,1.50,10,Red Sox @ Athletics,2026-07-31T01:40:00Z,Thu 09:40pm,Sutter Health Park,outdoor,NBCS-CA,-135.00,-135,7/30/2026,1.725,,,,No,ATH,6.95,3.01,51.44784339,48.55,51.44784339,1.73,,0,,1.73,,1.73,0,Great Bet
Underdog,MLB,,Anthony Seigler,2B,,Home Runs,0.5,,,7/30/2026,Thu 09:40pm,pre_game,MLB,standard,https://assets.underdogfantasy.com/player-images/mlb/20260323_23-c43575ba-a876-4133-a9a8-65526f985c11.png,,0.5,15.02,84.98,-1.98,84.98,Under,https://www.freeiconspng.com/img/1934,2026-07-31T01:41:00Z,No,1.50,10,Red Sox @ Athletics,2026-07-31T01:40:00Z,Thu 09:40pm,Sutter Health Park,outdoor,NBCS-CA,-566.00,-566,7/30/2026,0.1502,,,,No,ATH,6.95,3.01,27.75448955,72.25,27.75448955,0.15,,0,,0.15,,0.27,0.5,Push
Underdog,MLB,,Anthony Seigler,2B,,Total Bases,1.5,,,7/30/2026,Thu 09:40pm,pre_game,MLB,standard,https://assets.underdogfantasy.com/player-images/mlb/20260323_23-c43575ba-a876-4133-a9a8-65526f985c11.png,,1.5,44.73,55.27,-4.24,55.27,Under,https://www.freeiconspng.com/img/1934,2026-07-31T01:41:00Z,No,1.50,10,Red Sox @ Athletics,2026-07-31T01:40:00Z,Thu 09:40pm,Sutter Health Park,outdoor,NBCS-CA,-124.00,-124,7/30/2026,1.3419,,,,No,ATH,6.95,3.01,23.51917611,76.48,23.51917611,1.34,,0,,1.34,,1.06,0.5,Push
Underdog,MLB,,Anthony Seigler,2B,,Hitter Fantasy Score,6.5,,,7/30/2026,Thu 09:40pm,pre_game,MLB,standard,https://assets.underdogfantasy.com/player-images/mlb/20260323_23-c43575ba-a876-4133-a9a8-65526f985c11.png,,,,,,,,,,,,,Red Sox @ Athletics,2026-07-31T01:40:00Z,Thu 09:40pm,Sutter Health Park,outdoor,NBCS-CA,,,,6.95,,,,No,ATH,6.95,3.01,51.73076923,48.27,51.73076923,6.95,,0,,6.83,,6.89,0,Push
Underdog,MLB,,Anthony Seigler,2B,,Hits,1.5,,,7/30/2026,Thu 09:40pm,pre_game,MLB,standard,https://assets.underdogfantasy.com/player-images/mlb/20260323_23-c43575ba-a876-4133-a9a8-65526f985c11.png,,1.5,32.07,67.93,-3.5,67.93,Under,https://www.freeiconspng.com/img/1934,2026-07-31T01:41:00Z,No,1.50,10,Red Sox @ Athletics,2026-07-31T01:40:00Z,Thu 09:40pm,Sutter Health Park,outdoor,NBCS-CA,-212.00,-212,7/30/2026,0.9621,,,,No,ATH,6.95,3.01,16.6666902,83.33,16.6666902,0.96,,0,,0.96,,0.81,0.5,Push
Underdog,MLB,,Anthony Seigler,2B,,Runs,0.5,,,7/30/2026,Thu 09:40pm,pre_game,MLB,standard,https://assets.underdogfantasy.com/player-images/mlb/20260323_23-c43575ba-a876-4133-a9a8-65526f985c11.png,,0.5,53.27,46.73,-4.18,53.27,Over,https://www.freeiconspng.com/img/1934,2026-07-31T01:41:00Z,No,1.50,10,Red Sox @ Athletics,2026-07-31T01:40:00Z,Thu 09:40pm,Sutter Health Park,outdoor,NBCS-CA,-114.00,-114,7/30/2026,0.5327,,,,No,ATH,6.95,3.01,40.3305487,59.67,40.3305487,0.53,,0,,0.53,,0.52,0.5,Good Bet
Underdog,MLB,,Anthony Seigler,2B,,RBIs,0.5,,,7/30/2026,Thu 09:40pm,pre_game,MLB,standard,https://assets.underdogfantasy.com/player-images/mlb/20260323_23-c43575ba-a876-4133-a9a8-65526f985c11.png,,0.5,34.8,65.2,-3.55,65.2,Under,https://www.freeiconspng.com/img/1934,2026-07-31T01:41:00Z,No,1.50,10,Red Sox @ Athletics,2026-07-31T01:40:00Z,Thu 09:40pm,Sutter Health Park,outdoor,NBCS-CA,-187.00,-187,7/30/2026,0.348,,,,No,ATH,6.95,3.01,34.55761181,65.44,34.55761181,0.35,,0,,0.35,,0.4,0.5,Push
Underdog,MLB,,Anthony Seigler,2B,,Batter Walks,0.5,,,7/30/2026,Thu 09:40pm,pre_game,MLB,standard,https://assets.underdogfantasy.com/player-images/mlb/20260323_23-c43575ba-a876-4133-a9a8-65526f985c11.png,,0.5,40.61,59.39,-7.28,59.39,Under,https://www.freeiconspng.com/img/1934,2026-07-31T01:41:00Z,No,1.50,10,Red Sox @ Athletics,2026-07-31T01:40:00Z,Thu 09:40pm,Sutter Health Park,outdoor,NBCS-CA,-146.00,-146,7/30/2026,0.4061,,,,No,ATH,6.95,3.01,33.37564603,66.62,33.37564603,0.41,,0,,0.41,,0.41,0,Push
Underdog,MLB,,Anthony Seigler,2B,,Stolen Bases,0.5,,,7/30/2026,Thu 09:40pm,pre_game,MLB,standard,https://assets.underdogfantasy.com/player-images/mlb/20260323_23-c43575ba-a876-4133-a9a8-65526f985c11.png,,0.5,10.29,89.71,-8.33,89.71,Under,https://www.freeiconspng.com/img/1934,2026-07-31T01:41:00Z,No,1.50,10,Red Sox @ Athletics,2026-07-31T01:40:00Z,Thu 09:40pm,Sutter Health Park,outdoor,NBCS-CA,-872.00,-872,7/30/2026,0.1029,,,,No,ATH,6.95,3.01,26.02551873,73.97,26.02551873,0.10,,0,,0.1,,0.24,0.5,Push
Underdog,MLB,,Hunter Feduccia,C,,Hits + Runs + RBIs,0.5,,,7/31/2026,Fri 07:10pm,pre_game,MLB,standard,https://assets.underdogfantasy.com/player-images/mlb/20260323_23-9a36a760-28dd-4d80-8953-6639d27741a8.png,,0.5,57.26,42.74,-0.55,57.26,Over,https://www.freeiconspng.com/img/1934,,Yes,-1.40,8.1,White Sox @ Rays,2026-07-31T23:10:00Z,Fri 07:10pm,Tropicana Field,indoor,,-134.00,-134,7/31/2026,0.5726,,,,No,,,3.5,43.59430176,56.41,43.59430176,0.57,,0,,0.57,,0.57,0,Great Bet
Underdog,MLB,,Hunter Feduccia,C,,Home Runs,0.5,,,7/31/2026,Fri 07:10pm,pre_game,MLB,standard,https://assets.underdogfantasy.com/player-images/mlb/20260323_23-9a36a760-28dd-4d80-8953-6639d27741a8.png,,0.5,5.98,94.02,0.56,94.02,Under,https://www.freeiconspng.com/img/1934,,Yes,-1.40,8.1,White Sox @ Rays,2026-07-31T23:10:00Z,Fri 07:10pm,Tropicana Field,indoor,,"-1,572.00",-1572,7/31/2026,0.0598,,,,No,,,3.5,24.41406764,75.59,24.41406764,0.06,,0,,0.06,,0.21,0.5,Push
Underdog,MLB,,Hunter Feduccia,C,,Hits,0.5,,,7/31/2026,Fri 07:10pm,pre_game,MLB,standard,https://assets.underdogfantasy.com/player-images/mlb/20260323_23-9a36a760-28dd-4d80-8953-6639d27741a8.png,,0.5,49.69,50.31,-7.5,50.31,Under,https://www.freeiconspng.com/img/1934,,Yes,-1.40,8.1,White Sox @ Rays,2026-07-31T23:10:00Z,Fri 07:10pm,Tropicana Field,indoor,,-101.00,-101,7/31/2026,0.4969,,,,No,,,3.5,39.25284888,60.75,39.25284888,0.50,,0,,0.5,,0.5,0.5,Push
Underdog,MLB,,Hunter Feduccia,C,,Runs,0.5,,,7/31/2026,Fri 07:10pm,pre_game,MLB,standard,https://assets.underdogfantasy.com/player-images/mlb/20260323_23-9a36a760-28dd-4d80-8953-6639d27741a8.png,,0.5,32.4,67.6,0.07,67.6,Under,https://www.freeiconspng.com/img/1934,,Yes,-1.40,8.1,White Sox @ Rays,2026-07-31T23:10:00Z,Fri 07:10pm,Tropicana Field,indoor,,-209.00,-209,7/31/2026,0.324,,,,No,,,3.5,33.76757239,66.23,33.76757239,0.32,,0,,0.32,,0.38,0.5,Push
Underdog,MLB,,Hunter Feduccia,C,,RBIs,0.5,,,7/31/2026,Fri 07:10pm,pre_game,MLB,standard,https://assets.underdogfantasy.com/player-images/mlb/20260323_23-9a36a760-28dd-4d80-8953-6639d27741a8.png,,,,,,,,,,,,,White Sox @ Rays,2026-07-31T23:10:00Z,Fri 07:10pm,Tropicana Field,indoor,,,,,,,,,No,,,3.5,,,,0.00,,0,,0,,0.5,0.5,Push
Underdog,MLB,,Hunter Feduccia,C,,Batter Walks,0.5,,,7/31/2026,Fri 07:10pm,pre_game,MLB,standard,https://assets.underdogfantasy.com/player-images/mlb/20260323_23-9a36a760-28dd-4d80-8953-6639d27741a8.png,,0.5,33.25,66.75,-7.61,66.75,Under,https://www.freeiconspng.com/img/1934,,Yes,-1.40,8.1,White Sox @ Rays,2026-07-31T23:10:00Z,Fri 07:10pm,Tropicana Field,indoor,,-201.00,-201,7/31/2026,0.3325,,,,No,,,3.5,28.28713311,71.71,28.28713311,0.33,,0,,0.33,,0.33,0,Push
Underdog,MLB,,Mason Barnett,SP,,Strikeouts,2.5,,,7/30/2026,Thu 09:40pm,pre_game,MLB,standard,https://assets.underdogfantasy.com/player-images/mlb/20260730_12-3937b4a0-cea7-4377-afc5-3e933a77ebf1.png,,,,,,,,,,,,,Red Sox @ Athletics,2026-07-31T01:40:00Z,Thu 09:40pm,Sutter Health Park,outdoor,NBCS-CA,,,,,,,,No,,,5,,,,0.00,,0,,0,,0,0,Push
Underdog,MLB,,Kyle Leahy,SP,,Strikeouts,3.5,,,7/31/2026,Fri 07:07pm,pre_game,MLB,standard,https://assets.underdogfantasy.com/player-images/mlb/20260323_23-66ca1e33-1303-4354-9f94-edae0d332456.png,,,,,,,,,,,,,Cardinals @ Blue Jays,2026-07-31T23:07:00Z,Fri 07:07pm,Rogers Centre,retractable,,,,,,,,,No,,,5,,,,0.00,,0,,0,,0,0,Push
Underdog,MLB,,Victor Mesa,RF,,Hits + Runs + RBIs,1.5,,,7/31/2026,Fri 07:10pm,pre_game,MLB,standard,https://assets.underdogfantasy.com/player-images/mlb/20260323_23-4fe260a9-a32f-4137-8df2-b48b046b543b.png,,1.5,47.99,52.01,-5.8,52.01,Under,https://www.freeiconspng.com/img/1934,,Yes,-1.40,8.1,White Sox @ Rays,2026-07-31T23:10:00Z,Fri 07:10pm,Tropicana Field,indoor,,-108.00,-108,7/31/2026,1.4397,,,,No,,,3.5,42.17939113,57.82,42.17939113,1.44,,0,,1.44,,1.44,0,Push
Underdog,MLB,,Jase Bowen,RF,,Hits + Runs + RBIs,0.5,,,7/30/2026,Thu 09:40pm,pre_game,MLB,standard,https://assets.underdogfantasy.com/player-images/mlb/20260722_11-dfd1273d-395a-4438-9a5e-5d6b87c393e9.png,,0.5,54.85,45.15,-2.6,54.85,Over,https://www.freeiconspng.com/img/1934,2026-07-31T01:41:00Z,Yes,-1.50,8.3,Giants @ Padres,2026-07-31T01:40:00Z,Thu 09:40pm,Petco Park,outdoor,,-121.00,-121,7/30/2026,0.5485,,,,No,SF,4.52,1.92,42.21841155,57.78,42.21841155,0.55,,0,,0.55,,0.55,0,Great Bet
Underdog,MLB,,Tommy White,3B,,Hits + Runs + RBIs,1.5,,,7/30/2026,Thu 09:40pm,pre_game,MLB,standard,https://assets.underdogfantasy.com/player-images/mlb/20260717_12-afbfcf5e-89d5-40ba-b8ef-34217387bca3.png,,1.5,50.21,49.79,-6.31,50.21,Over,https://www.freeiconspng.com/img/1934,,No,1.50,10,Red Sox @ Athletics,2026-07-31T01:40:00Z,Thu 09:40pm,Sutter Health Park,outdoor,NBCS-CA,-101.00,-101,7/30/2026,1.5063,,,,No,,,3.5,44.4280961,55.57,44.4280961,1.51,,0,,1.51,,1.51,0,Great Bet
Underdog,MLB,,Donovan Walton,3B,,Hits + Runs + RBIs,1.5,,,7/30/2026,Thu 09:40pm,pre_game,MLB,standard,https://assets.underdogfantasy.com/player-images/mlb/20260721_12-ba8ec78f-732b-4aae-bc61-30c2e617452c.png,,1.5,43.3,56.7,-5.56,56.7,Under,https://www.freeiconspng.com/img/1934,,No,1.50,10,Red Sox @ Athletics,2026-07-31T01:40:00Z,Thu 09:40pm,Sutter Health Park,outdoor,NBCS-CA,-131.00,-131,7/30/2026,1.299,,,,No,,,3.5,37.28225438,62.72,37.28225438,1.30,,0,,1.3,,1.3,0,Push
Underdog,MLB,,Andrew Velazquez,SS,,Hits + Runs + RBIs,1.5,,,7/31/2026,Fri 08:40pm,pre_game,MLB,standard,https://assets.underdogfantasy.com/player-images/mlb/20260323_23-8795cd8e-0a6d-4207-b0b9-ccedd1822c13.png,,1.5,42.82,57.18,-0.63,57.18,Under,https://www.freeiconspng.com/img/1934,,No,1.40,10.9,Royals @ Rockies,2026-08-01T00:40:00Z,Fri 08:40pm,Coors Field,outdoor,,-134.00,-134,7/31/2026,1.2846,,,,No,,,3.5,36.77112117,63.23,36.77112117,1.28,,0,,1.28,,1.28,0,Push
Underdog,MLB,,Yohendrick Piñango,LF,,Hits + Runs + RBIs,1.5,,,7/31/2026,Fri 07:07pm,pre_game,MLB,standard,https://assets.underdogfantasy.com/player-images/mlb/20260430_15-4fdd40d1-2023-47a8-8fbb-7aafff1ab329.png,,1.5,48.3,51.7,-6.11,51.7,Under,https://www.freeiconspng.com/img/1934,,Yes,-1.40,7.6,Cardinals @ Blue Jays,2026-07-31T23:07:00Z,Fri 07:07pm,Rogers Centre,retractable,,-107.00,-107,,1.449,,,,No,,,3.5,42.49626145,57.50,42.49626145,1.45,,0,,1.45,,1.45,0,Push
Underdog,MLB,,JJ Wetherholt,2B,,Hits + Runs + RBIs,1.5,,,7/31/2026,Fri 07:07pm,pre_game,MLB,standard,https://assets.underdogfantasy.com/player-images/mlb/20260324_03-6b8ee0e4-6279-46d3-936b-2f5d18e07e42.png,,1.5,45.18,54.82,-0.13,54.82,Under,https://www.freeiconspng.com/img/1934,,Yes,-1.40,7.6,Cardinals @ Blue Jays,2026-07-31T23:07:00Z,Fri 07:07pm,Rogers Centre,retractable,,-121.00,-121,7/31/2026,1.3554,,,,No,,,3.5,39.26739217,60.73,39.26739217,1.36,,0,,1.36,,1.36,0,Push
Underdog,MLB,,Cole Carrigg,CF,,Hits + Runs + RBIs,1.5,,,7/31/2026,Fri 08:40pm,pre_game,MLB,standard,https://assets.underdogfantasy.com/player-images/mlb/20260612_19-88eda900-fcf7-4528-8f47-b2615afdab3a.png,,1.5,56.18,43.82,-0.72,56.18,Over,https://www.freeiconspng.com/img/1934,,No,1.40,10.9,Royals @ Rockies,2026-08-01T00:40:00Z,Fri 08:40pm,Coors Field,outdoor,,-128.00,-128,7/31/2026,1.6854,,,,No,,,3.5,50.22066796,49.78,50.22066796,1.69,,0,,1.69,,1.69,0,Great Bet
Underdog,MLB,,Carter Jensen,C,,Hits + Runs + RBIs,2.5,,,7/31/2026,Fri 08:40pm,pre_game,MLB,standard,https://assets.underdogfantasy.com/player-images/mlb/20260325_03-22b70e15-8bc4-4ffc-81a9-8d3251303ed5.png,,2.5,49.97,50.03,-7.78,50.03,Under,https://www.freeiconspng.com/img/1934,,No,1.40,10.9,Royals @ Rockies,2026-08-01T00:40:00Z,Fri 08:40pm,Coors Field,outdoor,,-100.00,-100,7/31/2026,2.4985,,,,No,,,3.5,45.5802053,54.42,45.5802053,2.50,,0,,2.5,,2.5,0,Push
Underdog,MLB,,Nathan Church,CF,,Hits + Runs + RBIs,0.5,,,7/31/2026,Fri 07:07pm,pre_game,MLB,standard,https://assets.underdogfantasy.com/player-images/mlb/20260323_23-9cc101f1-932b-4190-af09-d8fc8d90d00e.png,,0.5,55.86,44.14,-0.28,55.86,Over,https://www.freeiconspng.com/img/1934,,Yes,-1.40,7.6,Cardinals @ Blue Jays,2026-07-31T23:07:00Z,Fri 07:07pm,Rogers Centre,retractable,,-127.00,-127,7/31/2026,0.5586,,,,No,,,3.5,42.79906834,57.20,42.79906834,0.56,,0,,0.56,,0.56,0,Great Bet
Underdog,MLB,,TJ Rumfield,1B,,Hits + Runs + RBIs,1.5,,,7/31/2026,Fri 08:40pm,pre_game,MLB,standard,https://assets.underdogfantasy.com/player-images/mlb/20260329_17-93dd8717-b9f4-495b-954b-8bc6b6bcf6e2.png,,1.5,57.48,42.52,-0.68,57.48,Over,https://www.freeiconspng.com/img/1934,,No,1.40,10.9,Royals @ Rockies,2026-08-01T00:40:00Z,Fri 08:40pm,Coors Field,outdoor,,-135.00,-135,7/31/2026,1.7244,,,,No,,,3.5,51.42940016,48.57,51.42940016,1.72,,0,,1.72,,1.72,0,Great Bet
Underdog,MLB,,Daniel Susac,C,,Hits + Runs + RBIs,0.5,,,7/30/2026,Thu 09:40pm,pre_game,MLB,standard,https://assets.underdogfantasy.com/player-images/mlb/20260402_16-6d893dc3-3ed0-4eaa-ab90-b1ddd977c8a2.png,,1.5,41.25,58.75,-2.79,58.75,Under,https://www.freeiconspng.com/img/1934,2026-07-31T01:41:00Z,Yes,-1.50,8.3,Giants @ Padres,2026-07-31T01:40:00Z,Thu 09:40pm,Petco Park,outdoor,,-142.00,-142,7/30/2026,1.2375,,,,No,SD,4.26,1.9,70.98914164,29.01,70.98914164,1.24,,0,,1.24,,1.24,0,Push
Underdog,MLB,,Munetaka Murakami,1B,,Hits + Runs + RBIs,1.5,,,7/31/2026,Fri 07:10pm,pre_game,MLB,standard,https://assets.underdogfantasy.com/player-images/mlb/20260407_15-3e133b70-a0ee-4f6d-870b-8bdad776193c.png,,,,,,,,,,,,,White Sox @ Rays,2026-07-31T23:10:00Z,Fri 07:10pm,Tropicana Field,indoor,,,,,,,,,No,,,3.5,,,,0.00,,0,,0,,0,0,Push
Underdog,MLB,,Blaze Jordan,3B,,Hits + Runs + RBIs,0.5,,,7/31/2026,Fri 07:07pm,pre_game,MLB,standard,https://assets.underdogfantasy.com/player-images/mlb/20260618_16-83300129-34c7-42d4-bd6f-26f674b591e1.png,,0.5,59.6,40.4,-1.03,59.6,Over,https://www.freeiconspng.com/img/1934,,Yes,-1.40,7.6,Cardinals @ Blue Jays,2026-07-31T23:07:00Z,Fri 07:07pm,Rogers Centre,retractable,,-148.00,-148,7/31/2026,0.596,,,,No,,,3.5,44.8988721,55.10,44.8988721,0.60,,0,,0.6,,0.6,0,Great Bet
Underdog,MLB,,Colt Emerson,SS,,Hits + Runs + RBIs,0.5,,,7/30/2026,Thu 10:10pm,pre_game,MLB,standard,https://assets.underdogfantasy.com/player-images/mlb/20260518_18-43f35706-6e0a-4e0f-9f70-e1b95a3f9386.png,,0.5,56.07,43.93,1.52,56.07,Over,https://www.freeiconspng.com/img/1934,2026-07-31T02:11:00Z,Yes,-1.50,8.7,Mariners @ Dodgers,2026-07-31T02:10:00Z,Thu 10:10pm,UNIQLO Field at Dodger Stadium,outdoor,MLB Network,-128.00,-128,7/30/2026,0.5607,,,,No,LAD,4.01,1.81,42.91906426,57.08,42.91906426,0.56,2,0.02751,over,0.56,0.588212,0.57,0,Great Bet
Underdog,MLB,,Drew Romo,C,,Hits + Runs + RBIs,0.5,,,7/31/2026,Fri 07:10pm,pre_game,MLB,standard,https://assets.underdogfantasy.com/player-images/mlb/20260506_15-946e46a3-0f4a-4227-b353-30a319348ed6.png,,,,,,,,,,,,,White Sox @ Rays,2026-07-31T23:10:00Z,Fri 07:10pm,Tropicana Field,indoor,,,,,,,,,No,,,3.5,,,,0.00,,0,,0,,0,0,Push
Underdog,MLB,,Tristan Peters,CF,,Hits + Runs + RBIs,1.5,,,7/31/2026,Fri 07:10pm,pre_game,MLB,standard,https://assets.underdogfantasy.com/player-images/mlb/20260329_17-229d68e2-2688-4004-8569-a3d4a091f82a.png,,,,,,,,,,,,,White Sox @ Rays,2026-07-31T23:10:00Z,Fri 07:10pm,Tropicana Field,indoor,,,,,,,,,No,,,3.5,,,,0.00,,0,,0,,0,0,Push
Underdog,MLB,,Richie Palacios,2B,,Hits + Runs + RBIs,0.5,,,7/31/2026,Fri 07:10pm,pre_game,MLB,standard,https://assets.underdogfantasy.com/player-images/mlb/20260323_23-24887442-7de5-4d3d-ab41-3a95e68828ec.png,,0.5,59.7,40.3,-0.93,59.7,Over,https://www.freeiconspng.com/img/1934,,Yes,-1.40,8.1,White Sox @ Rays,2026-07-31T23:10:00Z,Fri 07:10pm,Tropicana Field,indoor,,-148.00,-148,7/31/2026,0.597,,,,No,,,3.5,44.95394569,55.05,44.95394569,0.60,,0,,0.6,,0.6,0,Great Bet
Underdog,MLB,,Kazuma Okamoto,3B,,Hits + Runs + RBIs,1.5,,,7/31/2026,Fri 07:07pm,pre_game,MLB,standard,https://assets.underdogfantasy.com/player-images/mlb/20260325_03-c81e7d0e-6677-4f64-8b1c-7b831b8f3afb.png,,1.5,49.91,50.09,-7.72,50.09,Under,https://www.freeiconspng.com/img/1934,,Yes,-1.40,7.6,Cardinals @ Blue Jays,2026-07-31T23:07:00Z,Fri 07:07pm,Rogers Centre,retractable,,-100.00,-100,7/31/2026,1.4973,,,,No,,,3.5,44.12705162,55.87,44.12705162,1.50,,0,,1.5,,1.5,0,Push
Underdog,MLB,,Luis Campusano,C,,Hits + Runs + RBIs,1.5,,,7/30/2026,Thu 09:40pm,pre_game,MLB,standard,https://assets.underdogfantasy.com/player-images/mlb/20260403_17-11df9b71-0e8a-4531-b8ef-12cfcfb9d8ff.png,,1.5,42.76,57.24,-3.54,57.24,Under,https://www.freeiconspng.com/img/1934,2026-07-31T01:41:00Z,Yes,-1.50,8.3,Giants @ Padres,2026-07-31T01:40:00Z,Thu 09:40pm,Petco Park,outdoor,,-134.00,-134,7/30/2026,1.2828,,,,No,SF,4.46,1.78,36.70711347,63.29,36.70711347,1.28,,0,,1.28,,1.28,0,Push
Underdog,MLB,,Jimmy Crooks,C,,Hits + Runs + RBIs,0.5,,,7/31/2026,Fri 07:07pm,pre_game,MLB,standard,https://assets.underdogfantasy.com/player-images/mlb/20260530_15-388b0d7b-6117-43b1-944b-8e28c78d17f1.png,,0.5,49.85,50.15,-7.66,50.15,Under,https://www.freeiconspng.com/img/1934,,Yes,-1.40,7.6,Cardinals @ Blue Jays,2026-07-31T23:07:00Z,Fri 07:07pm,Rogers Centre,retractable,,-101.00,-101,7/31/2026,0.4985,,,,No,,,3.5,39.25588616,60.74,39.25588616,0.50,,0,,0.5,,0.5,0,Push
Underdog,MLB,,Sam Antonacci,LF,,Hits + Runs + RBIs,1.5,,,7/31/2026,Fri 07:10pm,pre_game,MLB,standard,https://assets.underdogfantasy.com/player-images/mlb/20260424_14-3851010a-01b7-4839-ba1e-f3527777358e.png,,,,,,,,,,,,,White Sox @ Rays,2026-07-31T23:10:00Z,Fri 07:10pm,Tropicana Field,indoor,,,,,,,,,No,,,3.5,,,,0.00,,0,,0,,0,0,Push
Underdog,MLB,,Grant McCray,CF,,Hits + Runs + RBIs,0.5,,,7/30/2026,Thu 09:40pm,pre_game,MLB,standard,https://assets.underdogfantasy.com/player-images/mlb/20260323_23-61d6bbe5-5933-44ee-97a3-980bcdfbd152.png,,0.5,52.66,47.34,-1.89,52.66,Over,https://www.freeiconspng.com/img/1934,2026-07-31T01:41:00Z,Yes,-1.50,8.3,Giants @ Padres,2026-07-31T01:40:00Z,Thu 09:40pm,Petco Park,outdoor,,-111.00,-111,7/30/2026,0.5266,,,,No,SD,4.14,2.01,40.93903674,59.06,40.93903674,0.53,,0,,0.53,,0.53,0,Great Bet
Underdog,MLB,,Braden Montgomery,RF,,Hits + Runs + RBIs,1.5,,,7/31/2026,Fri 07:10pm,pre_game,MLB,standard,https://assets.underdogfantasy.com/player-images/mlb/20260618_16-0f77fc5d-213d-4a9c-8870-e9317108d53a.png,,,,,,,,,,,,,White Sox @ Rays,2026-07-31T23:10:00Z,Fri 07:10pm,Tropicana Field,indoor,,,,,,,,,No,,,3.5,,,,0.00,,0,,0,,0,0,Push
Underdog,MLB,,Munetaka Murakami,1B,,Home Runs,0.5,,,7/31/2026,Fri 07:10pm,pre_game,MLB,standard,https://assets.underdogfantasy.com/player-images/mlb/20260407_15-3e133b70-a0ee-4f6d-870b-8bdad776193c.png,,,,,,,,,,,,,White Sox @ Rays,2026-07-31T23:10:00Z,Fri 07:10pm,Tropicana Field,indoor,,,,,,,,,No,,,3.5,,,,0.00,,0,,0,,0.5,0.5,Push
Underdog,MLB,,Kazuma Okamoto,3B,,Home Runs,0.5,,,7/31/2026,Fri 07:07pm,pre_game,MLB,standard,https://assets.underdogfantasy.com/player-images/mlb/20260325_03-c81e7d0e-6677-4f64-8b1c-7b831b8f3afb.png,,0.5,21.06,78.94,0.22,78.94,Under,https://www.freeiconspng.com/img/1934,,Yes,-1.40,7.6,Cardinals @ Blue Jays,2026-07-31T23:07:00Z,Fri 07:07pm,Rogers Centre,retractable,,-375.00,-375,7/31/2026,0.2106,,,,No,,,3.5,29.90368773,70.10,29.90368773,0.21,,0,,0.21,,0.31,0.5,Push
Underdog,MLB,,Colt Emerson,SS,,Home Runs,0.5,,,7/30/2026,Thu 10:10pm,pre_game,MLB,standard,https://assets.underdogfantasy.com/player-images/mlb/20260518_18-43f35706-6e0a-4e0f-9f70-e1b95a3f9386.png,,0.5,11.59,88.41,-3.33,88.41,Under,https://www.freeiconspng.com/img/1934,2026-07-31T02:11:00Z,Yes,-1.50,8.7,Mariners @ Dodgers,2026-07-31T02:10:00Z,Thu 10:10pm,UNIQLO Field at Dodger Stadium,outdoor,MLB Network,-763.00,-763,7/30/2026,0.1159,,,,No,LAD,4.01,1.81,26.50479353,73.50,26.50479353,0.12,7,0.00688,over,0.12,0.122778,0.24,0.5,Best Bet
Underdog,MLB,,Richie Palacios,2B,,Home Runs,0.5,,,7/31/2026,Fri 07:10pm,pre_game,MLB,standard,https://assets.underdogfantasy.com/player-images/mlb/20260323_23-24887442-7de5-4d3d-ab41-3a95e68828ec.png,,0.5,5.76,94.24,0.78,94.24,Under,https://www.freeiconspng.com/img/1934,,Yes,-1.40,8.1,White Sox @ Rays,2026-07-31T23:10:00Z,Fri 07:10pm,Tropicana Field,indoor,,"-1,636.00",-1636,7/31/2026,0.0576,,,,No,,,3.5,24.33087737,75.67,24.33087737,0.06,,0,,0.06,,0.21,0.5,Push
Underdog,MLB,,Sam Antonacci,LF,,Home Runs,0.5,,,7/31/2026,Fri 07:10pm,pre_game,MLB,standard,https://assets.underdogfantasy.com/player-images/mlb/20260424_14-3851010a-01b7-4839-ba1e-f3527777358e.png,,,,,,,,,,,,,White Sox @ Rays,2026-07-31T23:10:00Z,Fri 07:10pm,Tropicana Field,indoor,,,,,,,,,No,,,3.5,,,,0.00,,0,,0,,0.5,0.5,Push
Underdog,MLB,,Braden Montgomery,RF,,Home Runs,0.5,,,7/31/2026,Fri 07:10pm,pre_game,MLB,standard,https://assets.underdogfantasy.com/player-images/mlb/20260618_16-0f77fc5d-213d-4a9c-8870-e9317108d53a.png,,,,,,,,,,,,,White Sox @ Rays,2026-07-31T23:10:00Z,Fri 07:10pm,Tropicana Field,indoor,,,,,,,,,No,,,3.5,,,,0.00,,0,,0,,0.5,0.5,Push
Underdog,MLB,,Victor Mesa,RF,,Home Runs,0.5,,,7/31/2026,Fri 07:10pm,pre_game,MLB,standard,https://assets.underdogfantasy.com/player-images/mlb/20260323_23-4fe260a9-a32f-4137-8df2-b48b046b543b.png,,0.5,12.51,87.49,0.53,87.49,Under,https://www.freeiconspng.com/img/1934,,Yes,-1.40,8.1,White Sox @ Rays,2026-07-31T23:10:00Z,Fri 07:10pm,Tropicana Field,indoor,,-699.00,-699,7/31/2026,0.1251,,,,No,,,3.5,26.84209509,73.16,26.84209509,0.13,,0,,0.13,,0.25,0.5,Push
Underdog,MLB,,Nathan Church,CF,,Home Runs,0.5,,,7/31/2026,Fri 07:07pm,pre_game,MLB,standard,https://assets.underdogfantasy.com/player-images/mlb/20260323_23-9cc101f1-932b-4190-af09-d8fc8d90d00e.png,,0.5,8,92,0.26,92,Under,https://www.freeiconspng.com/img/1934,,Yes,-1.40,7.6,Cardinals @ Blue Jays,2026-07-31T23:07:00Z,Fri 07:07pm,Rogers Centre,retractable,,"-1,150.00",-1150,7/31/2026,0.08,,,,No,,,3.5,25.17364324,74.83,25.17364324,0.08,,0,,0.08,,0.22,0.5,Push
Underdog,MLB,,Grant McCray,CF,,Home Runs,0.5,,,7/30/2026,Thu 09:40pm,pre_game,MLB,standard,https://assets.underdogfantasy.com/player-images/mlb/20260323_23-61d6bbe5-5933-44ee-97a3-980bcdfbd152.png,,0.5,8.49,91.51,-1.08,91.51,Under,https://www.freeiconspng.com/img/1934,2026-07-31T01:41:00Z,Yes,-1.50,8.3,Giants @ Padres,2026-07-31T01:40:00Z,Thu 09:40pm,Petco Park,outdoor,,"-1,078.00",-1078,7/30/2026,0.0849,,,,No,SD,4.14,2.01,25.35674343,74.64,25.35674343,0.08,,0,,0.08,,0.22,0.5,Push
Underdog,MLB,,Yohendrick Piñango,LF,,Home Runs,0.5,,,7/31/2026,Fri 07:07pm,pre_game,MLB,standard,https://assets.underdogfantasy.com/player-images/mlb/20260430_15-4fdd40d1-2023-47a8-8fbb-7aafff1ab329.png,,0.5,9.75,90.25,0.16,90.25,Under,https://www.freeiconspng.com/img/1934,,Yes,-1.40,7.6,Cardinals @ Blue Jays,2026-07-31T23:07:00Z,Fri 07:07pm,Rogers Centre,retractable,,-926.00,-926,,0.0975,,,,No,,,3.5,25.82551775,74.17,25.82551775,0.10,,0,,0.1,,0.23,0.5,Push
Underdog,MLB,,Blaze Jordan,3B,,Home Runs,0.5,,,7/31/2026,Fri 07:07pm,pre_game,MLB,standard,https://assets.underdogfantasy.com/player-images/mlb/20260618_16-83300129-34c7-42d4-bd6f-26f674b591e1.png,,0.5,7.64,92.36,0.62,92.36,Under,https://www.freeiconspng.com/img/1934,,Yes,-1.40,7.6,Cardinals @ Blue Jays,2026-07-31T23:07:00Z,Fri 07:07pm,Rogers Centre,retractable,,"-1,209.00",-1209,7/31/2026,0.0764,,,,No,,,3.5,25.03883451,74.96,25.03883451,0.08,,0,,0.08,,0.22,0.5,Push
Underdog,MLB,,Luis Campusano,C,,Home Runs,0.5,,,7/30/2026,Thu 09:40pm,pre_game,MLB,standard,https://assets.underdogfantasy.com/player-images/mlb/20260403_17-11df9b71-0e8a-4531-b8ef-12cfcfb9d8ff.png,,0.5,14.15,85.85,-1.11,85.85,Under,https://www.freeiconspng.com/img/1934,2026-07-31T01:41:00Z,Yes,-1.50,8.3,Giants @ Padres,2026-07-31T01:40:00Z,Thu 09:40pm,Petco Park,outdoor,,-607.00,-607,7/30/2026,0.1415,,,,No,SF,4.46,1.78,27.43953705,72.56,27.43953705,0.14,,0,,0.14,,0.26,0.5,Push
Underdog,MLB,,Carter Jensen,C,,Home Runs,0.5,,,7/31/2026,Fri 08:40pm,pre_game,MLB,standard,https://assets.underdogfantasy.com/player-images/mlb/20260325_03-22b70e15-8bc4-4ffc-81a9-8d3251303ed5.png,,0.5,26.2,73.8,0.26,73.8,Under,https://www.freeiconspng.com/img/1934,,No,1.40,10.9,Royals @ Rockies,2026-08-01T00:40:00Z,Fri 08:40pm,Coors Field,outdoor,,-282.00,-282,7/31/2026,0.262,,,,No,,,3.5,31.68221104,68.32,31.68221104,0.26,,0,,0.26,,0.34,0.5,Push
Underdog,MLB,,Cole Carrigg,CF,,Home Runs,0.5,,,7/31/2026,Fri 08:40pm,pre_game,MLB,standard,https://assets.underdogfantasy.com/player-images/mlb/20260612_19-88eda900-fcf7-4528-8f47-b2615afdab3a.png,,0.5,13.7,86.3,0.09,86.3,Under,https://www.freeiconspng.com/img/1934,,No,1.40,10.9,Royals @ Rockies,2026-08-01T00:40:00Z,Fri 08:40pm,Coors Field,outdoor,,-630.00,-630,7/31/2026,0.137,,,,No,,,3.5,27.2760922,72.72,27.2760922,0.14,,0,,0.14,,0.26,0.5,Push
Underdog,MLB,,JJ Wetherholt,2B,,Home Runs,0.5,,,7/31/2026,Fri 07:07pm,pre_game,MLB,standard,https://assets.underdogfantasy.com/player-images/mlb/20260324_03-6b8ee0e4-6279-46d3-936b-2f5d18e07e42.png,,0.5,10.59,89.41,0.13,89.41,Under,https://www.freeiconspng.com/img/1934,,Yes,-1.40,7.6,Cardinals @ Blue Jays,2026-07-31T23:07:00Z,Fri 07:07pm,Rogers Centre,retractable,,-844.00,-844,7/31/2026,0.1059,,,,No,,,3.5,26.13639728,73.86,26.13639728,0.11,,0,,0.11,,0.24,0.5,Push
Underdog,MLB,,Drew Romo,C,,Home Runs,0.5,,,7/31/2026,Fri 07:10pm,pre_game,MLB,standard,https://assets.underdogfantasy.com/player-images/mlb/20260506_15-946e46a3-0f4a-4227-b353-30a319348ed6.png,,,,,,,,,,,,,White Sox @ Rays,2026-07-31T23:10:00Z,Fri 07:10pm,Tropicana Field,indoor,,,,,,,,,No,,,3.5,,,,0.00,,0,,0,,0.5,0.5,Push
Underdog,MLB,,Daniel Susac,C,,Home Runs,0.5,,,7/30/2026,Thu 09:40pm,pre_game,MLB,standard,https://assets.underdogfantasy.com/player-images/mlb/20260402_16-6d893dc3-3ed0-4eaa-ab90-b1ddd977c8a2.png,,0.5,10.79,89.21,-0.07,89.21,Under,https://www.freeiconspng.com/img/1934,2026-07-31T01:41:00Z,Yes,-1.50,8.3,Giants @ Padres,2026-07-31T01:40:00Z,Thu 09:40pm,Petco Park,outdoor,,-827.00,-827,7/30/2026,0.1079,,,,No,SD,4.26,1.9,26.21022396,73.79,26.21022396,0.11,,0,,0.11,,0.24,0.5,Push
Underdog,MLB,,Jase Bowen,RF,,Home Runs,0.5,,,7/30/2026,Thu 09:40pm,pre_game,MLB,standard,https://assets.underdogfantasy.com/player-images/mlb/20260722_11-dfd1273d-395a-4438-9a5e-5d6b87c393e9.png,,0.5,10.04,89.96,-1.78,89.96,Under,https://www.freeiconspng.com/img/1934,2026-07-31T01:41:00Z,Yes,-1.50,8.3,Giants @ Padres,2026-07-31T01:40:00Z,Thu 09:40pm,Petco Park,outdoor,,-896.00,-896,7/30/2026,0.1004,,,,No,SF,4.52,1.92,25.93299281,74.07,25.93299281,0.10,,0,,0.1,,0.23,0.5,Push
Underdog,MLB,,Donovan Walton,3B,,Home Runs,0.5,,,7/30/2026,Thu 09:40pm,pre_game,MLB,standard,https://assets.underdogfantasy.com/player-images/mlb/20260721_12-ba8ec78f-732b-4aae-bc61-30c2e617452c.png,,0.5,10.95,89.05,-3.54,89.05,Under,https://www.freeiconspng.com/img/1934,,No,1.50,10,Red Sox @ Athletics,2026-07-31T01:40:00Z,Thu 09:40pm,Sutter Health Park,outdoor,NBCS-CA,-813.00,-813,7/30/2026,0.1095,,,,No,,,3.5,26.26923217,73.73,26.26923217,0.11,,0,,0.11,,0.24,0.5,Push
Underdog,MLB,,Tommy White,3B,,Home Runs,0.5,,,7/30/2026,Thu 09:40pm,pre_game,MLB,standard,https://assets.underdogfantasy.com/player-images/mlb/20260717_12-afbfcf5e-89d5-40ba-b8ef-34217387bca3.png,,0.5,10.18,89.82,-3.64,89.82,Under,https://www.freeiconspng.com/img/1934,,No,1.50,10,Red Sox @ Athletics,2026-07-31T01:40:00Z,Thu 09:40pm,Sutter Health Park,outdoor,NBCS-CA,-882.00,-882,7/30/2026,0.1018,,,,No,,,3.5,25.98482158,74.02,25.98482158,0.10,,0,,0.1,,0.23,0.5,Push
Underdog,MLB,,Jimmy Crooks,C,,Home Runs,0.5,,,7/31/2026,Fri 07:07pm,pre_game,MLB,standard,https://assets.underdogfantasy.com/player-images/mlb/20260530_15-388b0d7b-6117-43b1-944b-8e28c78d17f1.png,,0.5,9.08,90.92,0.01,90.92,Under,https://www.freeiconspng.com/img/1934,,Yes,-1.40,7.6,Cardinals @ Blue Jays,2026-07-31T23:07:00Z,Fri 07:07pm,Rogers Centre,retractable,,"-1,001.00",-1001,7/31/2026,0.0908,,,,No,,,3.5,25.57661656,74.42,25.57661656,0.09,,0,,0.09,,0.23,0.5,Push
Underdog,MLB,,Tristan Peters,CF,,Home Runs,0.5,,,7/31/2026,Fri 07:10pm,pre_game,MLB,standard,https://assets.underdogfantasy.com/player-images/mlb/20260329_17-229d68e2-2688-4004-8569-a3d4a091f82a.png,,,,,,,,,,,,,White Sox @ Rays,2026-07-31T23:10:00Z,Fri 07:10pm,Tropicana Field,indoor,,,,,,,,,No,,,3.5,,,,0.00,,0,,0,,0.5,0.5,Push
Underdog,MLB,,TJ Rumfield,1B,,Home Runs,0.5,,,7/31/2026,Fri 08:40pm,pre_game,MLB,standard,https://assets.underdogfantasy.com/player-images/mlb/20260329_17-93dd8717-b9f4-495b-954b-8bc6b6bcf6e2.png,,0.5,14.46,85.54,0.07,85.54,Under,https://www.freeiconspng.com/img/1934,,No,1.40,10.9,Royals @ Rockies,2026-08-01T00:40:00Z,Fri 08:40pm,Coors Field,outdoor,,-592.00,-592,7/31/2026,0.1446,,,,No,,,3.5,27.55191865,72.45,27.55191865,0.14,,0,,0.14,,0.26,0.5,Push
Underdog,MLB,,Andrew Velazquez,SS,,Home Runs,0.5,,,7/31/2026,Fri 08:40pm,pre_game,MLB,standard,https://assets.underdogfantasy.com/player-images/mlb/20260323_23-8795cd8e-0a6d-4207-b0b9-ccedd1822c13.png,,0.5,7.67,92.33,0.59,92.33,Under,https://www.freeiconspng.com/img/1934,,No,1.40,10.9,Royals @ Rockies,2026-08-01T00:40:00Z,Fri 08:40pm,Coors Field,outdoor,,"-1,204.00",-1204,7/31/2026,0.0767,,,,No,,,3.5,25.05007784,74.95,25.05007784,0.08,,0,,0.08,,0.22,0.5,Push
Underdog,MLB,,Yohendrick Piñango,LF,,Total Bases,1.5,,,7/31/2026,Fri 07:07pm,pre_game,MLB,standard,https://assets.underdogfantasy.com/player-images/mlb/20260430_15-4fdd40d1-2023-47a8-8fbb-7aafff1ab329.png,,,,,,,,,,,,,Cardinals @ Blue Jays,2026-07-31T23:07:00Z,Fri 07:07pm,Rogers Centre,retractable,,,,,,,,,No,,,3.5,,,,0.00,,0,,0,,0.5,0.5,Push
Underdog,MLB,,Sam Antonacci,LF,,Total Bases,1.5,,,7/31/2026,Fri 07:10pm,pre_game,MLB,standard,https://assets.underdogfantasy.com/player-images/mlb/20260424_14-3851010a-01b7-4839-ba1e-f3527777358e.png,,,,,,,,,,,,,White Sox @ Rays,2026-07-31T23:10:00Z,Fri 07:10pm,Tropicana Field,indoor,,,,,,,,,No,,,3.5,,,,0.00,,0,,0,,0.5,0.5,Push
Underdog,MLB,,Kazuma Okamoto,3B,,Total Bases,1.5,,,7/31/2026,Fri 07:07pm,pre_game,MLB,standard,https://assets.underdogfantasy.com/player-images/mlb/20260325_03-c81e7d0e-6677-4f64-8b1c-7b831b8f3afb.png,,1.5,39.97,60.03,0.19,60.03,Under,https://www.freeiconspng.com/img/1934,,Yes,-1.40,7.6,Cardinals @ Blue Jays,2026-07-31T23:07:00Z,Fri 07:07pm,Rogers Centre,retractable,,-150.00,-150,7/31/2026,1.1991,,,,No,,,3.5,20.91188962,79.09,20.91188962,1.20,,0,,1.2,,0.97,0.5,Push
Underdog,MLB,,Tommy White,3B,,Total Bases,1.5,,,7/30/2026,Thu 09:40pm,pre_game,MLB,standard,https://assets.underdogfantasy.com/player-images/mlb/20260717_12-afbfcf5e-89d5-40ba-b8ef-34217387bca3.png,,1.5,39.59,60.41,-5.34,60.41,Under,https://www.freeiconspng.com/img/1934,,No,1.50,10,Red Sox @ Athletics,2026-07-31T01:40:00Z,Thu 09:40pm,Sutter Health Park,outdoor,NBCS-CA,-153.00,-153,7/30/2026,1.1877,,,,No,,,3.5,20.70492959,79.30,20.70492959,1.19,,0,,1.19,,0.96,0.5,Push
Underdog,MLB,,Munetaka Murakami,1B,,Total Bases,1.5,,,7/31/2026,Fri 07:10pm,pre_game,MLB,standard,https://assets.underdogfantasy.com/player-images/mlb/20260407_15-3e133b70-a0ee-4f6d-870b-8bdad776193c.png,,,,,,,,,,,,,White Sox @ Rays,2026-07-31T23:10:00Z,Fri 07:10pm,Tropicana Field,indoor,,,,,,,,,No,,,3.5,,,,0.00,,0,,0,,0.5,0.5,Push
Underdog,MLB,,Cole Carrigg,CF,,Total Bases,1.5,,,7/31/2026,Fri 08:40pm,pre_game,MLB,standard,https://assets.underdogfantasy.com/player-images/mlb/20260612_19-88eda900-fcf7-4528-8f47-b2615afdab3a.png,,1.5,49.28,50.72,-7.09,50.72,Under,https://www.freeiconspng.com/img/1934,,No,1.40,10.9,Royals @ Rockies,2026-08-01T00:40:00Z,Fri 08:40pm,Coors Field,outdoor,,-103.00,-103,7/31/2026,1.4784,,,,No,,,3.5,26.02680973,73.97,26.02680973,1.48,,0,,1.48,,1.15,0.5,Push
Underdog,MLB,,Braden Montgomery,RF,,Total Bases,1.5,,,7/31/2026,Fri 07:10pm,pre_game,MLB,standard,https://assets.underdogfantasy.com/player-images/mlb/20260618_16-0f77fc5d-213d-4a9c-8870-e9317108d53a.png,,,,,,,,,,,,,White Sox @ Rays,2026-07-31T23:10:00Z,Fri 07:10pm,Tropicana Field,indoor,,,,,,,,,No,,,3.5,,,,0.00,,0,,0,,0.5,0.5,Push
Underdog,MLB,,TJ Rumfield,1B,,Total Bases,1.5,,,7/31/2026,Fri 08:40pm,pre_game,MLB,standard,https://assets.underdogfantasy.com/player-images/mlb/20260329_17-93dd8717-b9f4-495b-954b-8bc6b6bcf6e2.png,,1.5,48.58,51.42,-6.39,51.42,Under,https://www.freeiconspng.com/img/1934,,No,1.40,10.9,Royals @ Rockies,2026-08-01T00:40:00Z,Fri 08:40pm,Coors Field,outdoor,,-106.00,-106,7/31/2026,1.4574,,,,No,,,3.5,25.64058844,74.36,25.64058844,1.46,,0,,1.46,,1.14,0.5,Push
Underdog,MLB,,Carter Jensen,C,,Total Bases,1.5,,,7/31/2026,Fri 08:40pm,pre_game,MLB,standard,https://assets.underdogfantasy.com/player-images/mlb/20260325_03-22b70e15-8bc4-4ffc-81a9-8d3251303ed5.png,,1.5,52.33,47.67,-10.14,52.33,Over,https://www.freeiconspng.com/img/1934,,No,1.40,10.9,Royals @ Rockies,2026-08-01T00:40:00Z,Fri 08:40pm,Coors Field,outdoor,,-110.00,-110,7/31/2026,1.5699,,,,No,,,3.5,27.70959318,72.29,27.70959318,1.57,,0,,1.57,,1.21,0.5,Good Bet
Underdog,MLB,,Tommy White,3B,,Hitter Fantasy Score,5.5,,,7/30/2026,Thu 09:40pm,pre_game,MLB,standard,https://assets.underdogfantasy.com/player-images/mlb/20260717_12-afbfcf5e-89d5-40ba-b8ef-34217387bca3.png,,,,,,,,,,,,,Red Sox @ Athletics,2026-07-31T01:40:00Z,Thu 09:40pm,Sutter Health Park,outdoor,NBCS-CA,,,,,,,,No,,,3.5,,,,0.00,,0,,5.42,,3.96,2.5,Push
Underdog,MLB,,Kyle Leahy,SP,,Pitching Outs,16.5,,,7/31/2026,Fri 07:07pm,pre_game,MLB,standard,https://assets.underdogfantasy.com/player-images/mlb/20260323_23-66ca1e33-1303-4354-9f94-edae0d332456.png,,,,,,,,,,,,,Cardinals @ Blue Jays,2026-07-31T23:07:00Z,Fri 07:07pm,Rogers Centre,retractable,,,,,,,,,No,,,5,,,,0.00,,0,,0,,0,0,Push
Underdog,MLB,,Mason Barnett,SP,,Hits Allowed,3.5,,,7/30/2026,Thu 09:40pm,pre_game,MLB,standard,https://assets.underdogfantasy.com/player-images/mlb/20260730_12-3937b4a0-cea7-4377-afc5-3e933a77ebf1.png,,,,,,,,,,,,,Red Sox @ Athletics,2026-07-31T01:40:00Z,Thu 09:40pm,Sutter Health Park,outdoor,NBCS-CA,,,,,,,,No,,,5,,,,0.00,,0,,0,,3.5,3.5,Push
Underdog,MLB,,Kyle Leahy,SP,,Hits Allowed,5.5,,,7/31/2026,Fri 07:07pm,pre_game,MLB,standard,https://assets.underdogfantasy.com/player-images/mlb/20260323_23-66ca1e33-1303-4354-9f94-edae0d332456.png,,,,,,,,,,,,,Cardinals @ Blue Jays,2026-07-31T23:07:00Z,Fri 07:07pm,Rogers Centre,retractable,,,,,,,,,No,,,5,,,,0.00,,0,,0,,3.5,3.5,Push
Underdog,MLB,,Mason Barnett,SP,,Earned Runs Allowed,1.5,,,7/30/2026,Thu 09:40pm,pre_game,MLB,standard,https://assets.underdogfantasy.com/player-images/mlb/20260730_12-3937b4a0-cea7-4377-afc5-3e933a77ebf1.png,,,,,,,,,,,,,Red Sox @ Athletics,2026-07-31T01:40:00Z,Thu 09:40pm,Sutter Health Park,outdoor,NBCS-CA,,,,,,,,No,,,5,,,,0.00,,0,,0,,0.5,0.5,Push
Underdog,MLB,,Kyle Leahy,SP,,Earned Runs Allowed,2.5,,,7/31/2026,Fri 07:07pm,pre_game,MLB,standard,https://assets.underdogfantasy.com/player-images/mlb/20260323_23-66ca1e33-1303-4354-9f94-edae0d332456.png,,,,,,,,,,,,,Cardinals @ Blue Jays,2026-07-31T23:07:00Z,Fri 07:07pm,Rogers Centre,retractable,,,,,,,,,No,,,5,,,,0.00,,0,,0,,0.5,0.5,Push
Underdog,MLB,,Mason Barnett,SP,,Walks Allowed,1.5,,,7/30/2026,Thu 09:40pm,pre_game,MLB,standard,https://assets.underdogfantasy.com/player-images/mlb/20260730_12-3937b4a0-cea7-4377-afc5-3e933a77ebf1.png,,,,,,,,,,,,,Red Sox @ Athletics,2026-07-31T01:40:00Z,Thu 09:40pm,Sutter Health Park,outdoor,NBCS-CA,,,,,,,,No,,,5,,,,0.00,,0,,0,,0.5,0.5,Push
Underdog,MLB,,Kyle Leahy,SP,,Walks Allowed,1.5,,,7/31/2026,Fri 07:07pm,pre_game,MLB,standard,https://assets.underdogfantasy.com/player-images/mlb/20260323_23-66ca1e33-1303-4354-9f94-edae0d332456.png,,,,,,,,,,,,,Cardinals @ Blue Jays,2026-07-31T23:07:00Z,Fri 07:07pm,Rogers Centre,retractable,,,,,,,,,No,,,5,,,,0.00,,0,,0,,0.5,0.5,Push
Underdog,MLB,,Jase Bowen,RF,,Hits,0.5,,,7/30/2026,Thu 09:40pm,pre_game,MLB,standard,https://assets.underdogfantasy.com/player-images/mlb/20260722_11-dfd1273d-395a-4438-9a5e-5d6b87c393e9.png,,0.5,46.75,53.25,-1.91,53.25,Under,https://www.freeiconspng.com/img/1934,2026-07-31T01:41:00Z,Yes,-1.50,8.3,Giants @ Padres,2026-07-31T01:40:00Z,Thu 09:40pm,Petco Park,outdoor,,-114.00,-114,7/30/2026,0.4675,,,,No,SF,4.52,1.92,38.35327005,61.65,38.35327005,0.47,,0,,0.47,,0.48,0.5,Push
Underdog,MLB,,Andrew Velazquez,SS,,Hits,0.5,,,7/31/2026,Fri 08:40pm,pre_game,MLB,standard,https://assets.underdogfantasy.com/player-images/mlb/20260323_23-8795cd8e-0a6d-4207-b0b9-ccedd1822c13.png,,0.5,51.91,48.09,-9.72,51.91,Over,https://www.freeiconspng.com/img/1934,,No,1.40,10.9,Royals @ Rockies,2026-08-01T00:40:00Z,Fri 08:40pm,Coors Field,outdoor,,-108.00,-108,7/31/2026,0.5191,,,,No,,,3.5,39.92341374,60.08,39.92341374,0.52,,0,,0.52,,0.51,0.5,Good Bet
Underdog,MLB,,Drew Romo,C,,Hits,0.5,,,7/31/2026,Fri 07:10pm,pre_game,MLB,standard,https://assets.underdogfantasy.com/player-images/mlb/20260506_15-946e46a3-0f4a-4227-b353-30a319348ed6.png,,,,,,,,,,,,,White Sox @ Rays,2026-07-31T23:10:00Z,Fri 07:10pm,Tropicana Field,indoor,,,,,,,,,No,,,3.5,,,,0.00,,0,,0,,0.5,0.5,Push
Underdog,MLB,,Donovan Walton,3B,,Hits,0.5,,,7/30/2026,Thu 09:40pm,pre_game,MLB,standard,https://assets.underdogfantasy.com/player-images/mlb/20260721_12-ba8ec78f-732b-4aae-bc61-30c2e617452c.png,,0.5,59.35,40.65,-4.29,59.35,Over,https://www.freeiconspng.com/img/1934,,No,1.50,10,Red Sox @ Athletics,2026-07-31T01:40:00Z,Thu 09:40pm,Sutter Health Park,outdoor,NBCS-CA,-146.00,-146,7/30/2026,0.5935,,,,No,,,3.5,42.11720524,57.88,42.11720524,0.59,,0,,0.59,,0.56,0.5,Good Bet
Underdog,MLB,,Munetaka Murakami,1B,,Hits,0.5,,,7/31/2026,Fri 07:10pm,pre_game,MLB,standard,https://assets.underdogfantasy.com/player-images/mlb/20260407_15-3e133b70-a0ee-4f6d-870b-8bdad776193c.png,,,,,,,,,,,,,White Sox @ Rays,2026-07-31T23:10:00Z,Fri 07:10pm,Tropicana Field,indoor,,,,,,,,,No,,,3.5,,,,0.00,,0,,0,,0.5,0.5,Push
Underdog,MLB,,Luis Campusano,C,,Hits,0.5,,,7/30/2026,Thu 09:40pm,pre_game,MLB,standard,https://assets.underdogfantasy.com/player-images/mlb/20260403_17-11df9b71-0e8a-4531-b8ef-12cfcfb9d8ff.png,,0.5,56.94,43.06,-4,56.94,Over,https://www.freeiconspng.com/img/1934,2026-07-31T01:41:00Z,Yes,-1.50,8.3,Giants @ Padres,2026-07-31T01:40:00Z,Thu 09:40pm,Petco Park,outdoor,,-132.00,-132,7/30/2026,0.5694,,,,No,SF,4.46,1.78,41.41549827,58.58,41.41549827,0.57,,0,,0.57,,0.55,0.5,Good Bet
Underdog,MLB,,Sam Antonacci,LF,,Hits,0.5,,,7/31/2026,Fri 07:10pm,pre_game,MLB,standard,https://assets.underdogfantasy.com/player-images/mlb/20260424_14-3851010a-01b7-4839-ba1e-f3527777358e.png,,,,,,,,,,,,,White Sox @ Rays,2026-07-31T23:10:00Z,Fri 07:10pm,Tropicana Field,indoor,,,,,,,,,No,,,3.5,,,,0.00,,0,,0,,0.5,0.5,Push
Underdog,MLB,,Grant McCray,CF,,Hits,0.5,,,7/30/2026,Thu 09:40pm,pre_game,MLB,standard,https://assets.underdogfantasy.com/player-images/mlb/20260323_23-61d6bbe5-5933-44ee-97a3-980bcdfbd152.png,,0.5,47.6,52.4,-2.55,52.4,Under,https://www.freeiconspng.com/img/1934,2026-07-31T01:41:00Z,Yes,-1.50,8.3,Giants @ Padres,2026-07-31T01:40:00Z,Thu 09:40pm,Petco Park,outdoor,,-110.00,-110,7/30/2026,0.476,,,,No,SD,4.14,2.01,38.6147127,61.39,38.6147127,0.48,,0,,0.48,,0.48,0.5,Push
Underdog,MLB,,Tristan Peters,CF,,Hits,0.5,,,7/31/2026,Fri 07:10pm,pre_game,MLB,standard,https://assets.underdogfantasy.com/player-images/mlb/20260329_17-229d68e2-2688-4004-8569-a3d4a091f82a.png,,,,,,,,,,,,,White Sox @ Rays,2026-07-31T23:10:00Z,Fri 07:10pm,Tropicana Field,indoor,,,,,,,,,No,,,3.5,,,,0.00,,0,,0,,0.5,0.5,Push
Underdog,MLB,,Blaze Jordan,3B,,Hits,0.5,,,7/31/2026,Fri 07:07pm,pre_game,MLB,standard,https://assets.underdogfantasy.com/player-images/mlb/20260618_16-83300129-34c7-42d4-bd6f-26f674b591e1.png,,0.5,55.07,44.93,0.12,55.07,Over,https://www.freeiconspng.com/img/1934,,Yes,-1.40,7.6,Cardinals @ Blue Jays,2026-07-31T23:07:00Z,Fri 07:07pm,Rogers Centre,retractable,,-123.00,-123,7/31/2026,0.5507,,,,No,,,3.5,40.86516438,59.13,40.86516438,0.55,,0,,0.55,,0.53,0.5,Good Bet
Underdog,MLB,,Nathan Church,CF,,Hits,0.5,,,7/31/2026,Fri 07:07pm,pre_game,MLB,standard,https://assets.underdogfantasy.com/player-images/mlb/20260323_23-9cc101f1-932b-4190-af09-d8fc8d90d00e.png,,0.5,50.21,49.79,-8.02,50.21,Over,https://www.freeiconspng.com/img/1934,,Yes,-1.40,7.6,Cardinals @ Blue Jays,2026-07-31T23:07:00Z,Fri 07:07pm,Rogers Centre,retractable,,-101.00,-101,7/31/2026,0.5021,,,,No,,,3.5,39.41058632,60.59,39.41058632,0.50,,0,,0.5,,0.5,0.5,Good Bet
Underdog,MLB,,Carter Jensen,C,,Hits,1.5,,,7/31/2026,Fri 08:40pm,pre_game,MLB,standard,https://assets.underdogfantasy.com/player-images/mlb/20260325_03-22b70e15-8bc4-4ffc-81a9-8d3251303ed5.png,,1.5,37.09,62.91,0.08,62.91,Under,https://www.freeiconspng.com/img/1934,,No,1.40,10.9,Royals @ Rockies,2026-08-01T00:40:00Z,Fri 08:40pm,Coors Field,outdoor,,-170.00,-170,7/31/2026,1.1127,,,,No,,,3.5,19.34922446,80.65,19.34922446,1.11,,0,,1.11,,0.91,0.5,Push
Underdog,MLB,,TJ Rumfield,1B,,Hits,1.5,,,7/31/2026,Fri 08:40pm,pre_game,MLB,standard,https://assets.underdogfantasy.com/player-images/mlb/20260329_17-93dd8717-b9f4-495b-954b-8bc6b6bcf6e2.png,,1.5,32.12,67.88,0.35,67.88,Under,https://www.freeiconspng.com/img/1934,,No,1.40,10.9,Royals @ Rockies,2026-08-01T00:40:00Z,Fri 08:40pm,Coors Field,outdoor,,-211.00,-211,7/31/2026,0.9636,,,,No,,,3.5,16.69308857,83.31,16.69308857,0.96,,0,,0.96,,0.81,0.5,Push
Underdog,MLB,,Jimmy Crooks,C,,Hits,0.5,,,7/31/2026,Fri 07:07pm,pre_game,MLB,standard,https://assets.underdogfantasy.com/player-images/mlb/20260530_15-388b0d7b-6117-43b1-944b-8e28c78d17f1.png,,0.5,43.94,56.06,0.11,56.06,Under,https://www.freeiconspng.com/img/1934,,Yes,-1.40,7.6,Cardinals @ Blue Jays,2026-07-31T23:07:00Z,Fri 07:07pm,Rogers Centre,retractable,,-128.00,-128,7/31/2026,0.4394,,,,No,,,3.5,37.48102029,62.52,37.48102029,0.44,,0,,0.44,,0.46,0.5,Push
Underdog,MLB,,Cole Carrigg,CF,,Hits,0.5,,,7/31/2026,Fri 08:40pm,pre_game,MLB,standard,https://assets.underdogfantasy.com/player-images/mlb/20260612_19-88eda900-fcf7-4528-8f47-b2615afdab3a.png,,1.5,31.41,68.59,0.14,68.59,Under,https://www.freeiconspng.com/img/1934,,No,1.40,10.9,Royals @ Rockies,2026-08-01T00:40:00Z,Fri 08:40pm,Coors Field,outdoor,,-218.00,-218,7/31/2026,0.9423,,,,No,,,3.5,51.38071874,48.62,51.38071874,0.94,,0,,0.94,,0.79,0.5,Great Bet
Underdog,MLB,,Colt Emerson,SS,,Hits,0.5,,,7/30/2026,Thu 10:10pm,pre_game,MLB,standard,https://assets.underdogfantasy.com/player-images/mlb/20260518_18-43f35706-6e0a-4e0f-9f70-e1b95a3f9386.png,,0.5,50.42,49.58,-8.23,50.42,Over,https://www.freeiconspng.com/img/1934,2026-07-31T02:11:00Z,Yes,-1.50,8.7,Mariners @ Dodgers,2026-07-31T02:10:00Z,Thu 10:10pm,UNIQLO Field at Dodger Stadium,outdoor,MLB Network,-102.00,-102,7/30/2026,0.5042,,,,No,LAD,4.01,1.81,39.47417182,60.53,39.47417182,0.50,1,0.03186,over,0.5,0.536056,0.51,0.5,Good Bet
Underdog,MLB,,JJ Wetherholt,2B,,Hits,0.5,,,7/31/2026,Fri 07:07pm,pre_game,MLB,standard,https://assets.underdogfantasy.com/player-images/mlb/20260324_03-6b8ee0e4-6279-46d3-936b-2f5d18e07e42.png,,0.5,59.94,40.06,0.1,59.94,Over,https://www.freeiconspng.com/img/1934,,Yes,-1.40,7.6,Cardinals @ Blue Jays,2026-07-31T23:07:00Z,Fri 07:07pm,Rogers Centre,retractable,,-150.00,-150,7/31/2026,0.5994,,,,No,,,3.5,42.28770787,57.71,42.28770787,0.60,,0,,0.6,,0.57,0.5,Good Bet
Underdog,MLB,,Kazuma Okamoto,3B,,Hits,0.5,,,7/31/2026,Fri 07:07pm,pre_game,MLB,standard,https://assets.underdogfantasy.com/player-images/mlb/20260325_03-c81e7d0e-6677-4f64-8b1c-7b831b8f3afb.png,,0.5,63.41,36.59,0.17,63.41,Over,https://www.freeiconspng.com/img/1934,,Yes,-1.40,7.6,Cardinals @ Blue Jays,2026-07-31T23:07:00Z,Fri 07:07pm,Rogers Centre,retractable,,-173.00,-173,7/31/2026,0.6341,,,,No,,,3.5,43.28037981,56.72,43.28037981,0.63,,0,,0.63,,0.59,0.5,Good Bet
Underdog,MLB,,Tommy White,3B,,Hits,0.5,,,7/30/2026,Thu 09:40pm,pre_game,MLB,standard,https://assets.underdogfantasy.com/player-images/mlb/20260717_12-afbfcf5e-89d5-40ba-b8ef-34217387bca3.png,,0.5,66.3,33.7,-3.12,66.3,Over,https://www.freeiconspng.com/img/1934,,No,1.50,10,Red Sox @ Athletics,2026-07-31T01:40:00Z,Thu 09:40pm,Sutter Health Park,outdoor,NBCS-CA,-197.00,-197,7/30/2026,0.663,,,,No,,,3.5,44.09408514,55.91,44.09408514,0.66,,0,,0.66,,0.61,0.5,Good Bet
Underdog,MLB,,Victor Mesa,RF,,Hits,0.5,,,7/31/2026,Fri 07:10pm,pre_game,MLB,standard,https://assets.underdogfantasy.com/player-images/mlb/20260323_23-4fe260a9-a32f-4137-8df2-b48b046b543b.png,,0.5,59.8,40.2,0.29,59.8,Over,https://www.freeiconspng.com/img/1934,,Yes,-1.40,8.1,White Sox @ Rays,2026-07-31T23:10:00Z,Fri 07:10pm,Tropicana Field,indoor,,-149.00,-149,7/31/2026,0.598,,,,No,,,3.5,42.24729512,57.75,42.24729512,0.60,,0,,0.6,,0.57,0.5,Good Bet
Underdog,MLB,,Daniel Susac,C,,Hits,0.5,,,7/30/2026,Thu 09:40pm,pre_game,MLB,standard,https://assets.underdogfantasy.com/player-images/mlb/20260402_16-6d893dc3-3ed0-4eaa-ab90-b1ddd977c8a2.png,,0.5,57.87,42.13,-4.25,57.87,Over,https://www.freeiconspng.com/img/1934,2026-07-31T01:41:00Z,Yes,-1.50,8.3,Giants @ Padres,2026-07-31T01:40:00Z,Thu 09:40pm,Petco Park,outdoor,,-137.00,-137,7/30/2026,0.5787,,,,No,SD,4.26,1.9,41.68728381,58.31,41.68728381,0.58,,0,,0.58,,0.55,0.5,Good Bet
Underdog,MLB,,Richie Palacios,2B,,Hits,0.5,,,7/31/2026,Fri 07:10pm,pre_game,MLB,standard,https://assets.underdogfantasy.com/player-images/mlb/20260323_23-24887442-7de5-4d3d-ab41-3a95e68828ec.png,,0.5,50.68,49.32,-8.49,50.68,Over,https://www.freeiconspng.com/img/1934,,Yes,-1.40,8.1,White Sox @ Rays,2026-07-31T23:10:00Z,Fri 07:10pm,Tropicana Field,indoor,,-103.00,-103,7/31/2026,0.5068,,,,No,,,3.5,39.55280428,60.45,39.55280428,0.51,,0,,0.51,,0.5,0.5,Good Bet
Underdog,MLB,,Yohendrick Piñango,LF,,Hits,0.5,,,7/31/2026,Fri 07:07pm,pre_game,MLB,standard,https://assets.underdogfantasy.com/player-images/mlb/20260430_15-4fdd40d1-2023-47a8-8fbb-7aafff1ab329.png,,0.5,62.72,37.28,0.17,62.72,Over,https://www.freeiconspng.com/img/1934,,Yes,-1.40,7.6,Cardinals @ Blue Jays,2026-07-31T23:07:00Z,Fri 07:07pm,Rogers Centre,retractable,,-168.00,-168,,0.6272,,,,No,,,3.5,43.08435918,56.92,43.08435918,0.63,,0,,0.63,,0.58,0.5,Good Bet
Underdog,MLB,,Braden Montgomery,RF,,Hits,0.5,,,7/31/2026,Fri 07:10pm,pre_game,MLB,standard,https://assets.underdogfantasy.com/player-images/mlb/20260618_16-0f77fc5d-213d-4a9c-8870-e9317108d53a.png,,,,,,,,,,,,,White Sox @ Rays,2026-07-31T23:10:00Z,Fri 07:10pm,Tropicana Field,indoor,,,,,,,,,No,,,3.5,,,,0.00,,0,,0,,0.5,0.5,Push
Underdog,MLB,,Tommy White,3B,,Runs,0.5,,,7/30/2026,Thu 09:40pm,pre_game,MLB,standard,https://assets.underdogfantasy.com/player-images/mlb/20260717_12-afbfcf5e-89d5-40ba-b8ef-34217387bca3.png,,0.5,37.61,62.39,-4.28,62.39,Under,https://www.freeiconspng.com/img/1934,,No,1.50,10,Red Sox @ Athletics,2026-07-31T01:40:00Z,Thu 09:40pm,Sutter Health Park,outdoor,NBCS-CA,-166.00,-166,7/30/2026,0.3761,,,,No,,,3.5,35.47064826,64.53,35.47064826,0.38,,0,,0.38,,0.42,0.5,Push
Underdog,MLB,,Colt Emerson,SS,,Runs,0.5,,,7/30/2026,Thu 10:10pm,pre_game,MLB,standard,https://assets.underdogfantasy.com/player-images/mlb/20260518_18-43f35706-6e0a-4e0f-9f70-e1b95a3f9386.png,,0.5,31.05,68.95,-3.5,68.95,Under,https://www.freeiconspng.com/img/1934,2026-07-31T02:11:00Z,Yes,-1.50,8.7,Mariners @ Dodgers,2026-07-31T02:10:00Z,Thu 10:10pm,UNIQLO Field at Dodger Stadium,outdoor,MLB Network,-222.00,-222,7/30/2026,0.3105,,,,No,LAD,4.01,1.81,33.31899125,66.68,33.31899125,0.31,2,0.03385,over,0.31,0.344347,0.37,0.5,Best Bet
Underdog,MLB,,Victor Mesa,RF,,Runs,0.5,,,7/31/2026,Fri 07:10pm,pre_game,MLB,standard,https://assets.underdogfantasy.com/player-images/mlb/20260323_23-4fe260a9-a32f-4137-8df2-b48b046b543b.png,,0.5,37.7,62.3,0.18,62.3,Under,https://www.freeiconspng.com/img/1934,,Yes,-1.40,8.1,White Sox @ Rays,2026-07-31T23:10:00Z,Fri 07:10pm,Tropicana Field,indoor,,-165.00,-165,7/31/2026,0.377,,,,No,,,3.5,35.49967994,64.50,35.49967994,0.38,,0,,0.38,,0.42,0.5,Push
Underdog,MLB,,Munetaka Murakami,1B,,Runs,0.5,,,7/31/2026,Fri 07:10pm,pre_game,MLB,standard,https://assets.underdogfantasy.com/player-images/mlb/20260407_15-3e133b70-a0ee-4f6d-870b-8bdad776193c.png,,,,,,,,,,,,,White Sox @ Rays,2026-07-31T23:10:00Z,Fri 07:10pm,Tropicana Field,indoor,,,,,,,,,No,,,3.5,,,,0.00,,0,,0,,0.5,0.5,Push
Underdog,MLB,,Jimmy Crooks,C,,Runs,0.5,,,7/31/2026,Fri 07:07pm,pre_game,MLB,standard,https://assets.underdogfantasy.com/player-images/mlb/20260530_15-388b0d7b-6117-43b1-944b-8e28c78d17f1.png,,0.5,26.25,73.75,0.21,73.75,Under,https://www.freeiconspng.com/img/1934,,Yes,-1.40,7.6,Cardinals @ Blue Jays,2026-07-31T23:07:00Z,Fri 07:07pm,Rogers Centre,retractable,,-281.00,-281,7/31/2026,0.2625,,,,No,,,3.5,31.69928835,68.30,31.69928835,0.26,,0,,0.26,,0.34,0.5,Push
Underdog,MLB,,JJ Wetherholt,2B,,Runs,0.5,,,7/31/2026,Fri 07:07pm,pre_game,MLB,standard,https://assets.underdogfantasy.com/player-images/mlb/20260324_03-6b8ee0e4-6279-46d3-936b-2f5d18e07e42.png,,0.5,42.71,57.29,0.21,57.29,Under,https://www.freeiconspng.com/img/1934,,Yes,-1.40,7.6,Cardinals @ Blue Jays,2026-07-31T23:07:00Z,Fri 07:07pm,Rogers Centre,retractable,,-134.00,-134,7/31/2026,0.4271,,,,No,,,3.5,37.09534383,62.90,37.09534383,0.43,,0,,0.43,,0.45,0.5,Push
Underdog,MLB,,Nathan Church,CF,,Runs,0.5,,,7/31/2026,Fri 07:07pm,pre_game,MLB,standard,https://assets.underdogfantasy.com/player-images/mlb/20260323_23-9cc101f1-932b-4190-af09-d8fc8d90d00e.png,,0.5,26.76,73.24,0.27,73.24,Under,https://www.freeiconspng.com/img/1934,,Yes,-1.40,7.6,Cardinals @ Blue Jays,2026-07-31T23:07:00Z,Fri 07:07pm,Rogers Centre,retractable,,-274.00,-274,7/31/2026,0.2676,,,,No,,,3.5,31.87323329,68.13,31.87323329,0.27,,0,,0.27,,0.35,0.5,Push
Underdog,MLB,,Carter Jensen,C,,Runs,0.5,,,7/31/2026,Fri 08:40pm,pre_game,MLB,standard,https://assets.underdogfantasy.com/player-images/mlb/20260325_03-22b70e15-8bc4-4ffc-81a9-8d3251303ed5.png,,0.5,59.94,40.06,0.1,59.94,Over,https://www.freeiconspng.com/img/1934,,No,1.40,10.9,Royals @ Rockies,2026-08-01T00:40:00Z,Fri 08:40pm,Coors Field,outdoor,,-150.00,-150,7/31/2026,0.5994,,,,No,,,3.5,42.28770787,57.71,42.28770787,0.60,,0,,0.6,,0.57,0.5,Good Bet
Underdog,MLB,,Donovan Walton,3B,,Runs,0.5,,,7/30/2026,Thu 09:40pm,pre_game,MLB,standard,https://assets.underdogfantasy.com/player-images/mlb/20260721_12-ba8ec78f-732b-4aae-bc61-30c2e617452c.png,,0.5,36.58,63.42,-2.1,63.42,Under,https://www.freeiconspng.com/img/1934,,No,1.50,10,Red Sox @ Athletics,2026-07-31T01:40:00Z,Thu 09:40pm,Sutter Health Park,outdoor,NBCS-CA,-173.00,-173,7/30/2026,0.3658,,,,No,,,3.5,35.13746489,64.86,35.13746489,0.37,,0,,0.37,,0.41,0.5,Push
Underdog,MLB,,Kazuma Okamoto,3B,,Runs,0.5,,,7/31/2026,Fri 07:07pm,pre_game,MLB,standard,https://assets.underdogfantasy.com/player-images/mlb/20260325_03-c81e7d0e-6677-4f64-8b1c-7b831b8f3afb.png,,0.5,41.64,58.36,0.2,58.36,Under,https://www.freeiconspng.com/img/1934,,Yes,-1.40,7.6,Cardinals @ Blue Jays,2026-07-31T23:07:00Z,Fri 07:07pm,Rogers Centre,retractable,,-140.00,-140,7/31/2026,0.4164,,,,No,,,3.5,36.75790206,63.24,36.75790206,0.42,,0,,0.42,,0.44,0.5,Push
Underdog,MLB,,Sam Antonacci,LF,,Runs,0.5,,,7/31/2026,Fri 07:10pm,pre_game,MLB,standard,https://assets.underdogfantasy.com/player-images/mlb/20260424_14-3851010a-01b7-4839-ba1e-f3527777358e.png,,,,,,,,,,,,,White Sox @ Rays,2026-07-31T23:10:00Z,Fri 07:10pm,Tropicana Field,indoor,,,,,,,,,No,,,3.5,,,,0.00,,0,,0,,0.5,0.5,Push
Underdog,MLB,,Andrew Velazquez,SS,,Runs,0.5,,,7/31/2026,Fri 08:40pm,pre_game,MLB,standard,https://assets.underdogfantasy.com/player-images/mlb/20260323_23-8795cd8e-0a6d-4207-b0b9-ccedd1822c13.png,,0.5,36.68,63.32,0.08,63.32,Under,https://www.freeiconspng.com/img/1934,,No,1.40,10.9,Royals @ Rockies,2026-08-01T00:40:00Z,Fri 08:40pm,Coors Field,outdoor,,-173.00,-173,7/31/2026,0.3668,,,,No,,,3.5,35.16988805,64.83,35.16988805,0.37,,0,,0.37,,0.41,0.5,Push
Underdog,MLB,,Grant McCray,CF,,Runs,0.5,,,7/30/2026,Thu 09:40pm,pre_game,MLB,standard,https://assets.underdogfantasy.com/player-images/mlb/20260323_23-61d6bbe5-5933-44ee-97a3-980bcdfbd152.png,,0.5,29.56,70.44,-2.89,70.44,Under,https://www.freeiconspng.com/img/1934,2026-07-31T01:41:00Z,Yes,-1.50,8.3,Giants @ Padres,2026-07-31T01:40:00Z,Thu 09:40pm,Petco Park,outdoor,,-238.00,-238,7/30/2026,0.2956,,,,No,SD,4.14,2.01,32.82036265,67.18,32.82036265,0.30,,0,,0.3,,0.36,0.5,Push
Underdog,MLB,,Blaze Jordan,3B,,Runs,0.5,,,7/31/2026,Fri 07:07pm,pre_game,MLB,standard,https://assets.underdogfantasy.com/player-images/mlb/20260618_16-83300129-34c7-42d4-bd6f-26f674b591e1.png,,0.5,28.23,71.77,0.34,71.77,Under,https://www.freeiconspng.com/img/1934,,Yes,-1.40,7.6,Cardinals @ Blue Jays,2026-07-31T23:07:00Z,Fri 07:07pm,Rogers Centre,retractable,,-254.00,-254,7/31/2026,0.2823,,,,No,,,3.5,32.37212934,67.63,32.37212934,0.28,,0,,0.28,,0.35,0.5,Push
Underdog,MLB,,Tristan Peters,CF,,Runs,0.5,,,7/31/2026,Fri 07:10pm,pre_game,MLB,standard,https://assets.underdogfantasy.com/player-images/mlb/20260329_17-229d68e2-2688-4004-8569-a3d4a091f82a.png,,,,,,,,,,,,,White Sox @ Rays,2026-07-31T23:10:00Z,Fri 07:10pm,Tropicana Field,indoor,,,,,,,,,No,,,3.5,,,,0.00,,0,,0,,0.5,0.5,Push
Underdog,MLB,,Cole Carrigg,CF,,Runs,0.5,,,7/31/2026,Fri 08:40pm,pre_game,MLB,standard,https://assets.underdogfantasy.com/player-images/mlb/20260612_19-88eda900-fcf7-4528-8f47-b2615afdab3a.png,,0.5,48.47,51.53,-6.28,51.53,Under,https://www.freeiconspng.com/img/1934,,No,1.40,10.9,Royals @ Rockies,2026-08-01T00:40:00Z,Fri 08:40pm,Coors Field,outdoor,,-106.00,-106,7/31/2026,0.4847,,,,No,,,3.5,38.88115876,61.12,38.88115876,0.48,,0,,0.48,,0.49,0.5,Push
Underdog,MLB,,Jase Bowen,RF,,Runs,0.5,,,7/30/2026,Thu 09:40pm,pre_game,MLB,standard,https://assets.underdogfantasy.com/player-images/mlb/20260722_11-dfd1273d-395a-4438-9a5e-5d6b87c393e9.png,,0.5,33.78,66.22,-3.01,66.22,Under,https://www.freeiconspng.com/img/1934,2026-07-31T01:41:00Z,Yes,-1.50,8.3,Giants @ Padres,2026-07-31T01:40:00Z,Thu 09:40pm,Petco Park,outdoor,,-196.00,-196,7/30/2026,0.3378,,,,No,SF,4.52,1.92,34.2230031,65.78,34.2230031,0.34,,0,,0.34,,0.39,0.5,Push
Underdog,MLB,,Drew Romo,C,,Runs,0.5,,,7/31/2026,Fri 07:10pm,pre_game,MLB,standard,https://assets.underdogfantasy.com/player-images/mlb/20260506_15-946e46a3-0f4a-4227-b353-30a319348ed6.png,,,,,,,,,,,,,White Sox @ Rays,2026-07-31T23:10:00Z,Fri 07:10pm,Tropicana Field,indoor,,,,,,,,,No,,,3.5,,,,0.00,,0,,0,,0.5,0.5,Push
Underdog,MLB,,Richie Palacios,2B,,Runs,0.5,,,7/31/2026,Fri 07:10pm,pre_game,MLB,standard,https://assets.underdogfantasy.com/player-images/mlb/20260323_23-24887442-7de5-4d3d-ab41-3a95e68828ec.png,,0.5,29.9,70.1,0.13,70.1,Under,https://www.freeiconspng.com/img/1934,,Yes,-1.40,8.1,White Sox @ Rays,2026-07-31T23:10:00Z,Fri 07:10pm,Tropicana Field,indoor,,-234.00,-234,7/31/2026,0.299,,,,No,,,3.5,32.93447101,67.07,32.93447101,0.30,,0,,0.3,,0.37,0.5,Push
Underdog,MLB,,Braden Montgomery,RF,,Runs,0.5,,,7/31/2026,Fri 07:10pm,pre_game,MLB,standard,https://assets.underdogfantasy.com/player-images/mlb/20260618_16-0f77fc5d-213d-4a9c-8870-e9317108d53a.png,,,,,,,,,,,,,White Sox @ Rays,2026-07-31T23:10:00Z,Fri 07:10pm,Tropicana Field,indoor,,,,,,,,,No,,,3.5,,,,0.00,,0,,0,,0.5,0.5,Push
Underdog,MLB,,TJ Rumfield,1B,,Runs,0.5,,,7/31/2026,Fri 08:40pm,pre_game,MLB,standard,https://assets.underdogfantasy.com/player-images/mlb/20260329_17-93dd8717-b9f4-495b-954b-8bc6b6bcf6e2.png,,0.5,48.64,51.36,-6.45,51.36,Under,https://www.freeiconspng.com/img/1934,,No,1.40,10.9,Royals @ Rockies,2026-08-01T00:40:00Z,Fri 08:40pm,Coors Field,outdoor,,-106.00,-106,7/31/2026,0.4864,,,,No,,,3.5,38.9330877,61.07,38.9330877,0.49,,0,,0.49,,0.49,0.5,Push
Underdog,MLB,,Daniel Susac,C,,Runs,0.5,,,7/30/2026,Thu 09:40pm,pre_game,MLB,standard,https://assets.underdogfantasy.com/player-images/mlb/20260402_16-6d893dc3-3ed0-4eaa-ab90-b1ddd977c8a2.png,,0.5,32.73,67.27,-4.16,67.27,Under,https://www.freeiconspng.com/img/1934,2026-07-31T01:41:00Z,Yes,-1.50,8.3,Giants @ Padres,2026-07-31T01:40:00Z,Thu 09:40pm,Petco Park,outdoor,,-206.00,-206,7/30/2026,0.3273,,,,No,SD,4.26,1.9,33.87676579,66.12,33.87676579,0.33,,0,,0.33,,0.38,0.5,Push
Underdog,MLB,,Luis Campusano,C,,Runs,0.5,,,7/30/2026,Thu 09:40pm,pre_game,MLB,standard,https://assets.underdogfantasy.com/player-images/mlb/20260403_17-11df9b71-0e8a-4531-b8ef-12cfcfb9d8ff.png,,0.5,38.47,61.53,-1.3,61.53,Under,https://www.freeiconspng.com/img/1934,2026-07-31T01:41:00Z,Yes,-1.50,8.3,Giants @ Padres,2026-07-31T01:40:00Z,Thu 09:40pm,Petco Park,outdoor,,-160.00,-160,7/30/2026,0.3847,,,,No,SF,4.46,1.78,35.74752876,64.25,35.74752876,0.38,,0,,0.38,,0.42,0.5,Push
Underdog,MLB,,Yohendrick Piñango,LF,,Runs,0.5,,,7/31/2026,Fri 07:07pm,pre_game,MLB,standard,https://assets.underdogfantasy.com/player-images/mlb/20260430_15-4fdd40d1-2023-47a8-8fbb-7aafff1ab329.png,,0.5,39.18,60.82,0.19,60.82,Under,https://www.freeiconspng.com/img/1934,,Yes,-1.40,7.6,Cardinals @ Blue Jays,2026-07-31T23:07:00Z,Fri 07:07pm,Rogers Centre,retractable,,-155.00,-155,,0.3918,,,,No,,,3.5,35.97522064,64.02,35.97522064,0.39,,0,,0.39,,0.43,0.5,Push
Underdog,MLB,,Daniel Susac,C,,RBIs,0.5,,,7/30/2026,Thu 09:40pm,pre_game,MLB,standard,https://assets.underdogfantasy.com/player-images/mlb/20260402_16-6d893dc3-3ed0-4eaa-ab90-b1ddd977c8a2.png,,0.5,26.39,73.61,-2.86,73.61,Under,https://www.freeiconspng.com/img/1934,2026-07-31T01:41:00Z,Yes,-1.50,8.3,Giants @ Padres,2026-07-31T01:40:00Z,Thu 09:40pm,Petco Park,outdoor,,-279.00,-279,7/30/2026,0.2639,,,,No,SD,4.26,1.9,31.74708212,68.25,31.74708212,0.26,,0,,0.26,,0.34,0.5,Push
Underdog,MLB,,Donovan Walton,3B,,RBIs,0.5,,,7/30/2026,Thu 09:40pm,pre_game,MLB,standard,https://assets.underdogfantasy.com/player-images/mlb/20260721_12-ba8ec78f-732b-4aae-bc61-30c2e617452c.png,,0.5,28.57,71.43,-3.57,71.43,Under,https://www.freeiconspng.com/img/1934,,No,1.50,10,Red Sox @ Athletics,2026-07-31T01:40:00Z,Thu 09:40pm,Sutter Health Park,outdoor,NBCS-CA,-250.00,-250,7/30/2026,0.2857,,,,No,,,3.5,32.48699905,67.51,32.48699905,0.29,,0,,0.29,,0.36,0.5,Push
Underdog,MLB,,Jimmy Crooks,C,,RBIs,0.5,,,7/31/2026,Fri 07:07pm,pre_game,MLB,standard,https://assets.underdogfantasy.com/player-images/mlb/20260530_15-388b0d7b-6117-43b1-944b-8e28c78d17f1.png,,,,,,,,,,,,,Cardinals @ Blue Jays,2026-07-31T23:07:00Z,Fri 07:07pm,Rogers Centre,retractable,,,,,,,,,No,,,3.5,,,,0.00,,0,,0,,0.5,0.5,Push
Underdog,MLB,,JJ Wetherholt,2B,,RBIs,0.5,,,7/31/2026,Fri 07:07pm,pre_game,MLB,standard,https://assets.underdogfantasy.com/player-images/mlb/20260324_03-6b8ee0e4-6279-46d3-936b-2f5d18e07e42.png,,,,,,,,,,,,,Cardinals @ Blue Jays,2026-07-31T23:07:00Z,Fri 07:07pm,Rogers Centre,retractable,,,,,,,,,No,,,3.5,,,,0.00,,0,,0,,0.5,0.5,Push
Underdog,MLB,,Tristan Peters,CF,,RBIs,0.5,,,7/31/2026,Fri 07:10pm,pre_game,MLB,standard,https://assets.underdogfantasy.com/player-images/mlb/20260329_17-229d68e2-2688-4004-8569-a3d4a091f82a.png,,,,,,,,,,,,,White Sox @ Rays,2026-07-31T23:10:00Z,Fri 07:10pm,Tropicana Field,indoor,,,,,,,,,No,,,3.5,,,,0.00,,0,,0,,0.5,0.5,Push
Underdog,MLB,,Nathan Church,CF,,RBIs,0.5,,,7/31/2026,Fri 07:07pm,pre_game,MLB,standard,https://assets.underdogfantasy.com/player-images/mlb/20260323_23-9cc101f1-932b-4190-af09-d8fc8d90d00e.png,,,,,,,,,,,,,Cardinals @ Blue Jays,2026-07-31T23:07:00Z,Fri 07:07pm,Rogers Centre,retractable,,,,,,,,,No,,,3.5,,,,0.00,,0,,0,,0.5,0.5,Push
Underdog,MLB,,Victor Mesa,RF,,RBIs,0.5,,,7/31/2026,Fri 07:10pm,pre_game,MLB,standard,https://assets.underdogfantasy.com/player-images/mlb/20260323_23-4fe260a9-a32f-4137-8df2-b48b046b543b.png,,,,,,,,,,,,,White Sox @ Rays,2026-07-31T23:10:00Z,Fri 07:10pm,Tropicana Field,indoor,,,,,,,,,No,,,3.5,,,,0.00,,0,,0,,0.5,0.5,Push
Underdog,MLB,,Andrew Velazquez,SS,,RBIs,0.5,,,7/31/2026,Fri 08:40pm,pre_game,MLB,standard,https://assets.underdogfantasy.com/player-images/mlb/20260323_23-8795cd8e-0a6d-4207-b0b9-ccedd1822c13.png,,,,,,,,,,,,,Royals @ Rockies,2026-08-01T00:40:00Z,Fri 08:40pm,Coors Field,outdoor,,,,,,,,,No,,,3.5,,,,0.00,,0,,0,,0.5,0.5,Push
Underdog,MLB,,Braden Montgomery,RF,,RBIs,0.5,,,7/31/2026,Fri 07:10pm,pre_game,MLB,standard,https://assets.underdogfantasy.com/player-images/mlb/20260618_16-0f77fc5d-213d-4a9c-8870-e9317108d53a.png,,,,,,,,,,,,,White Sox @ Rays,2026-07-31T23:10:00Z,Fri 07:10pm,Tropicana Field,indoor,,,,,,,,,No,,,3.5,,,,0.00,,0,,0,,0.5,0.5,Push
Underdog,MLB,,Drew Romo,C,,RBIs,0.5,,,7/31/2026,Fri 07:10pm,pre_game,MLB,standard,https://assets.underdogfantasy.com/player-images/mlb/20260506_15-946e46a3-0f4a-4227-b353-30a319348ed6.png,,,,,,,,,,,,,White Sox @ Rays,2026-07-31T23:10:00Z,Fri 07:10pm,Tropicana Field,indoor,,,,,,,,,No,,,3.5,,,,0.00,,0,,0,,0.5,0.5,Push
Underdog,MLB,,Sam Antonacci,LF,,RBIs,0.5,,,7/31/2026,Fri 07:10pm,pre_game,MLB,standard,https://assets.underdogfantasy.com/player-images/mlb/20260424_14-3851010a-01b7-4839-ba1e-f3527777358e.png,,,,,,,,,,,,,White Sox @ Rays,2026-07-31T23:10:00Z,Fri 07:10pm,Tropicana Field,indoor,,,,,,,,,No,,,3.5,,,,0.00,,0,,0,,0.5,0.5,Push
Underdog,MLB,,TJ Rumfield,1B,,RBIs,0.5,,,7/31/2026,Fri 08:40pm,pre_game,MLB,standard,https://assets.underdogfantasy.com/player-images/mlb/20260329_17-93dd8717-b9f4-495b-954b-8bc6b6bcf6e2.png,,,,,,,,,,,,,Royals @ Rockies,2026-08-01T00:40:00Z,Fri 08:40pm,Coors Field,outdoor,,,,,,,,,No,,,3.5,,,,0.00,,0,,0,,0.5,0.5,Push
Underdog,MLB,,Carter Jensen,C,,RBIs,0.5,,,7/31/2026,Fri 08:40pm,pre_game,MLB,standard,https://assets.underdogfantasy.com/player-images/mlb/20260325_03-22b70e15-8bc4-4ffc-81a9-8d3251303ed5.png,,,,,,,,,,,,,Royals @ Rockies,2026-08-01T00:40:00Z,Fri 08:40pm,Coors Field,outdoor,,,,,,,,,No,,,3.5,,,,0.00,,0,,0,,0.5,0.5,Push
Underdog,MLB,,Tommy White,3B,,RBIs,0.5,,,7/30/2026,Thu 09:40pm,pre_game,MLB,standard,https://assets.underdogfantasy.com/player-images/mlb/20260717_12-afbfcf5e-89d5-40ba-b8ef-34217387bca3.png,,0.5,29.84,70.16,-3.17,70.16,Under,https://www.freeiconspng.com/img/1934,,No,1.50,10,Red Sox @ Athletics,2026-07-31T01:40:00Z,Thu 09:40pm,Sutter Health Park,outdoor,NBCS-CA,-235.00,-235,7/30/2026,0.2984,,,,No,,,3.5,32.91434834,67.09,32.91434834,0.30,,0,,0.3,,0.37,0.5,Push
Underdog,MLB,,Munetaka Murakami,1B,,RBIs,0.5,,,7/31/2026,Fri 07:10pm,pre_game,MLB,standard,https://assets.underdogfantasy.com/player-images/mlb/20260407_15-3e133b70-a0ee-4f6d-870b-8bdad776193c.png,,,,,,,,,,,,,White Sox @ Rays,2026-07-31T23:10:00Z,Fri 07:10pm,Tropicana Field,indoor,,,,,,,,,No,,,3.5,,,,0.00,,0,,0,,0.5,0.5,Push
Underdog,MLB,,Grant McCray,CF,,RBIs,0.5,,,7/30/2026,Thu 09:40pm,pre_game,MLB,standard,https://assets.underdogfantasy.com/player-images/mlb/20260323_23-61d6bbe5-5933-44ee-97a3-980bcdfbd152.png,,0.5,21.85,78.15,-3.67,78.15,Under,https://www.freeiconspng.com/img/1934,2026-07-31T01:41:00Z,Yes,-1.50,8.3,Giants @ Padres,2026-07-31T01:40:00Z,Thu 09:40pm,Petco Park,outdoor,,-358.00,-358,7/30/2026,0.2185,,,,No,SD,4.14,2.01,30.18002204,69.82,30.18002204,0.22,,0,,0.22,,0.31,0.5,Push
Underdog,MLB,,Blaze Jordan,3B,,RBIs,0.5,,,7/31/2026,Fri 07:07pm,pre_game,MLB,standard,https://assets.underdogfantasy.com/player-images/mlb/20260618_16-83300129-34c7-42d4-bd6f-26f674b591e1.png,,,,,,,,,,,,,Cardinals @ Blue Jays,2026-07-31T23:07:00Z,Fri 07:07pm,Rogers Centre,retractable,,,,,,,,,No,,,3.5,,,,0.00,,0,,0,,0.5,0.5,Push
Underdog,MLB,,Kazuma Okamoto,3B,,RBIs,0.5,,,7/31/2026,Fri 07:07pm,pre_game,MLB,standard,https://assets.underdogfantasy.com/player-images/mlb/20260325_03-c81e7d0e-6677-4f64-8b1c-7b831b8f3afb.png,,,,,,,,,,,,,Cardinals @ Blue Jays,2026-07-31T23:07:00Z,Fri 07:07pm,Rogers Centre,retractable,,,,,,,,,No,,,3.5,,,,0.00,,0,,0,,0.5,0.5,Push
Underdog,MLB,,Colt Emerson,SS,,RBIs,0.5,,,7/30/2026,Thu 10:10pm,pre_game,MLB,standard,https://assets.underdogfantasy.com/player-images/mlb/20260518_18-43f35706-6e0a-4e0f-9f70-e1b95a3f9386.png,,0.5,24.1,75.9,-6.86,75.9,Under,https://www.freeiconspng.com/img/1934,2026-07-31T02:11:00Z,Yes,-1.50,8.7,Mariners @ Dodgers,2026-07-31T02:10:00Z,Thu 10:10pm,UNIQLO Field at Dodger Stadium,outdoor,MLB Network,-315.00,-315,7/30/2026,0.241,,,,No,LAD,4.01,1.81,30.96109502,69.04,30.96109502,0.24,2,0.02751,over,0.24,0.268512,0.31,0.5,Best Bet
Underdog,MLB,,Yohendrick Piñango,LF,,RBIs,0.5,,,7/31/2026,Fri 07:07pm,pre_game,MLB,standard,https://assets.underdogfantasy.com/player-images/mlb/20260430_15-4fdd40d1-2023-47a8-8fbb-7aafff1ab329.png,,,,,,,,,,,,,Cardinals @ Blue Jays,2026-07-31T23:07:00Z,Fri 07:07pm,Rogers Centre,retractable,,,,,,,,,No,,,3.5,,,,0.00,,0,,0,,0.5,0.5,Push
Underdog,MLB,,Cole Carrigg,CF,,RBIs,0.5,,,7/31/2026,Fri 08:40pm,pre_game,MLB,standard,https://assets.underdogfantasy.com/player-images/mlb/20260612_19-88eda900-fcf7-4528-8f47-b2615afdab3a.png,,,,,,,,,,,,,Royals @ Rockies,2026-08-01T00:40:00Z,Fri 08:40pm,Coors Field,outdoor,,,,,,,,,No,,,3.5,,,,0.00,,0,,0,,0.5,0.5,Push
Underdog,MLB,,Richie Palacios,2B,,RBIs,0.5,,,7/31/2026,Fri 07:10pm,pre_game,MLB,standard,https://assets.underdogfantasy.com/player-images/mlb/20260323_23-24887442-7de5-4d3d-ab41-3a95e68828ec.png,,,,,,,,,,,,,White Sox @ Rays,2026-07-31T23:10:00Z,Fri 07:10pm,Tropicana Field,indoor,,,,,,,,,No,,,3.5,,,,0.00,,0,,0,,0.5,0.5,Push
Underdog,MLB,,Luis Campusano,C,,RBIs,0.5,,,7/30/2026,Thu 09:40pm,pre_game,MLB,standard,https://assets.underdogfantasy.com/player-images/mlb/20260403_17-11df9b71-0e8a-4531-b8ef-12cfcfb9d8ff.png,,0.5,29.89,70.11,-7.37,70.11,Under,https://www.freeiconspng.com/img/1934,2026-07-31T01:41:00Z,Yes,-1.50,8.3,Giants @ Padres,2026-07-31T01:40:00Z,Thu 09:40pm,Petco Park,outdoor,,-235.00,-235,7/30/2026,0.2989,,,,No,SF,4.46,1.78,32.93111765,67.07,32.93111765,0.30,,0,,0.3,,0.37,0.5,Push
Underdog,MLB,,Jase Bowen,RF,,RBIs,0.5,,,7/30/2026,Thu 09:40pm,pre_game,MLB,standard,https://assets.underdogfantasy.com/player-images/mlb/20260722_11-dfd1273d-395a-4438-9a5e-5d6b87c393e9.png,,0.5,27.21,72.79,-3.68,72.79,Under,https://www.freeiconspng.com/img/1934,2026-07-31T01:41:00Z,Yes,-1.50,8.3,Giants @ Padres,2026-07-31T01:40:00Z,Thu 09:40pm,Petco Park,outdoor,,-268.00,-268,7/30/2026,0.2721,,,,No,SF,4.52,1.92,32.0263462,67.97,32.0263462,0.27,,0,,0.27,,0.35,0.5,Push
Underdog,MLB,,Luis Campusano,C,,Batter Walks,0.5,,,7/30/2026,Thu 09:40pm,pre_game,MLB,standard,https://assets.underdogfantasy.com/player-images/mlb/20260403_17-11df9b71-0e8a-4531-b8ef-12cfcfb9d8ff.png,,0.5,35.69,64.31,-3.94,64.31,Under,https://www.freeiconspng.com/img/1934,2026-07-31T01:41:00Z,Yes,-1.50,8.3,Giants @ Padres,2026-07-31T01:40:00Z,Thu 09:40pm,Petco Park,outdoor,,-180.00,-180,7/30/2026,0.3569,,,,No,SF,4.46,1.78,30.01575215,69.98,30.01575215,0.36,,0,,0.36,,0.36,0,Push
Underdog,MLB,,Jimmy Crooks,C,,Batter Walks,0.5,,,7/31/2026,Fri 07:07pm,pre_game,MLB,standard,https://assets.underdogfantasy.com/player-images/mlb/20260530_15-388b0d7b-6117-43b1-944b-8e28c78d17f1.png,,0.5,25.7,74.3,-8.31,74.3,Under,https://www.freeiconspng.com/img/1934,,Yes,-1.40,7.6,Cardinals @ Blue Jays,2026-07-31T23:07:00Z,Fri 07:07pm,Rogers Centre,retractable,,-289.00,-289,7/31/2026,0.257,,,,No,,,3.5,22.66317862,77.34,22.66317862,0.26,,0,,0.26,,0.26,0,Push
Underdog,MLB,,Richie Palacios,2B,,Batter Walks,0.5,,,7/31/2026,Fri 07:10pm,pre_game,MLB,standard,https://assets.underdogfantasy.com/player-images/mlb/20260323_23-24887442-7de5-4d3d-ab41-3a95e68828ec.png,,0.5,31.38,68.62,-8.12,68.62,Under,https://www.freeiconspng.com/img/1934,,Yes,-1.40,8.1,White Sox @ Rays,2026-07-31T23:10:00Z,Fri 07:10pm,Tropicana Field,indoor,,-219.00,-219,7/31/2026,0.3138,,,,No,,,3.5,26.93348534,73.07,26.93348534,0.31,,0,,0.31,,0.31,0,Push
Underdog,MLB,,Grant McCray,CF,,Batter Walks,0.5,,,7/30/2026,Thu 09:40pm,pre_game,MLB,standard,https://assets.underdogfantasy.com/player-images/mlb/20260323_23-61d6bbe5-5933-44ee-97a3-980bcdfbd152.png,,0.5,25.74,74.26,-8.35,74.26,Under,https://www.freeiconspng.com/img/1934,2026-07-31T01:41:00Z,Yes,-1.50,8.3,Giants @ Padres,2026-07-31T01:40:00Z,Thu 09:40pm,Petco Park,outdoor,,-289.00,-289,7/30/2026,0.2574,,,,No,SD,4.14,2.01,22.69410717,77.31,22.69410717,0.26,,0,,0.26,,0.26,0,Push
Underdog,MLB,,Jase Bowen,RF,,Batter Walks,0.5,,,7/30/2026,Thu 09:40pm,pre_game,MLB,standard,https://assets.underdogfantasy.com/player-images/mlb/20260722_11-dfd1273d-395a-4438-9a5e-5d6b87c393e9.png,,0.5,22.75,77.25,-5.36,77.25,Under,https://www.freeiconspng.com/img/1934,2026-07-31T01:41:00Z,Yes,-1.50,8.3,Giants @ Padres,2026-07-31T01:40:00Z,Thu 09:40pm,Petco Park,outdoor,,-340.00,-340,7/30/2026,0.2275,,,,No,SF,4.52,1.92,20.34775785,79.65,20.34775785,0.23,,0,,0.23,,0.23,0,Push
Underdog,MLB,,Kazuma Okamoto,3B,,Batter Walks,0.5,,,7/31/2026,Fri 07:07pm,pre_game,MLB,standard,https://assets.underdogfantasy.com/player-images/mlb/20260325_03-c81e7d0e-6677-4f64-8b1c-7b831b8f3afb.png,,0.5,27.19,72.81,-8.32,72.81,Under,https://www.freeiconspng.com/img/1934,,Yes,-1.40,7.6,Cardinals @ Blue Jays,2026-07-31T23:07:00Z,Fri 07:07pm,Rogers Centre,retractable,,-268.00,-268,7/31/2026,0.2719,,,,No,,,3.5,23.80695497,76.19,23.80695497,0.27,,0,,0.27,,0.27,0,Push
Underdog,MLB,,Daniel Susac,C,,Batter Walks,0.5,,,7/30/2026,Thu 09:40pm,pre_game,MLB,standard,https://assets.underdogfantasy.com/player-images/mlb/20260402_16-6d893dc3-3ed0-4eaa-ab90-b1ddd977c8a2.png,,0.5,22.6,77.4,-5.93,77.4,Under,https://www.freeiconspng.com/img/1934,2026-07-31T01:41:00Z,Yes,-1.50,8.3,Giants @ Padres,2026-07-31T01:40:00Z,Thu 09:40pm,Petco Park,outdoor,,-342.00,-342,7/30/2026,0.226,,,,No,SD,4.26,1.9,20.22818983,79.77,20.22818983,0.23,,0,,0.23,,0.23,0,Push
Underdog,MLB,,Andrew Velazquez,SS,,Batter Walks,0.5,,,7/31/2026,Fri 08:40pm,pre_game,MLB,standard,https://assets.underdogfantasy.com/player-images/mlb/20260323_23-8795cd8e-0a6d-4207-b0b9-ccedd1822c13.png,,0.5,24.62,75.38,-8.49,75.38,Under,https://www.freeiconspng.com/img/1934,,No,1.40,10.9,Royals @ Rockies,2026-08-01T00:40:00Z,Fri 08:40pm,Coors Field,outdoor,,-306.00,-306,7/31/2026,0.2462,,,,No,,,3.5,21.82341439,78.18,21.82341439,0.25,,0,,0.25,,0.25,0,Push
Underdog,MLB,,Donovan Walton,3B,,Batter Walks,0.5,,,7/30/2026,Thu 09:40pm,pre_game,MLB,standard,https://assets.underdogfantasy.com/player-images/mlb/20260721_12-ba8ec78f-732b-4aae-bc61-30c2e617452c.png,,0.5,25.16,74.84,-5.16,74.84,Under,https://www.freeiconspng.com/img/1934,,No,1.50,10,Red Sox @ Athletics,2026-07-31T01:40:00Z,Thu 09:40pm,Sutter Health Park,outdoor,NBCS-CA,-297.00,-297,7/30/2026,0.2516,,,,No,,,3.5,22.24443018,77.76,22.24443018,0.25,,0,,0.25,,0.25,0,Push
Underdog,MLB,,Victor Mesa,RF,,Batter Walks,0.5,,,7/31/2026,Fri 07:10pm,pre_game,MLB,standard,https://assets.underdogfantasy.com/player-images/mlb/20260323_23-4fe260a9-a32f-4137-8df2-b48b046b543b.png,,,,,,,,,,,,,White Sox @ Rays,2026-07-31T23:10:00Z,Fri 07:10pm,Tropicana Field,indoor,,,,,,,,,No,,,3.5,,,,0.00,,0,,0,,0,0,Push
Underdog,MLB,,Munetaka Murakami,1B,,Batter Walks,0.5,,,7/31/2026,Fri 07:10pm,pre_game,MLB,standard,https://assets.underdogfantasy.com/player-images/mlb/20260407_15-3e133b70-a0ee-4f6d-870b-8bdad776193c.png,,,,,,,,,,,,,White Sox @ Rays,2026-07-31T23:10:00Z,Fri 07:10pm,Tropicana Field,indoor,,,,,,,,,No,,,3.5,,,,0.00,,0,,0,,0,0,Push
Underdog,MLB,,Braden Montgomery,RF,,Batter Walks,0.5,,,7/31/2026,Fri 07:10pm,pre_game,MLB,standard,https://assets.underdogfantasy.com/player-images/mlb/20260618_16-0f77fc5d-213d-4a9c-8870-e9317108d53a.png,,,,,,,,,,,,,White Sox @ Rays,2026-07-31T23:10:00Z,Fri 07:10pm,Tropicana Field,indoor,,,,,,,,,No,,,3.5,,,,0.00,,0,,0,,0,0,Push
Underdog,MLB,,Colt Emerson,SS,,Batter Walks,0.5,,,7/30/2026,Thu 10:10pm,pre_game,MLB,standard,https://assets.underdogfantasy.com/player-images/mlb/20260518_18-43f35706-6e0a-4e0f-9f70-e1b95a3f9386.png,,0.5,24.47,75.53,-6.29,75.53,Under,https://www.freeiconspng.com/img/1934,2026-07-31T02:11:00Z,Yes,-1.50,8.7,Mariners @ Dodgers,2026-07-31T02:10:00Z,Thu 10:10pm,UNIQLO Field at Dodger Stadium,outdoor,MLB Network,-309.00,-309,7/30/2026,0.2447,,,,No,LAD,4.01,1.81,21.70606152,78.29,21.70606152,0.24,4,0.02715,over,0.24,0.27185,0.25,0,Push
Underdog,MLB,,Carter Jensen,C,,Batter Walks,0.5,,,7/31/2026,Fri 08:40pm,pre_game,MLB,standard,https://assets.underdogfantasy.com/player-images/mlb/20260325_03-22b70e15-8bc4-4ffc-81a9-8d3251303ed5.png,,0.5,41.74,58.26,-6.65,58.26,Under,https://www.freeiconspng.com/img/1934,,No,1.40,10.9,Royals @ Rockies,2026-08-01T00:40:00Z,Fri 08:40pm,Coors Field,outdoor,,-140.00,-140,7/31/2026,0.4174,,,,No,,,3.5,34.12426357,65.88,34.12426357,0.42,,0,,0.42,,0.42,0,Push
Underdog,MLB,,Sam Antonacci,LF,,Batter Walks,0.5,,,7/31/2026,Fri 07:10pm,pre_game,MLB,standard,https://assets.underdogfantasy.com/player-images/mlb/20260424_14-3851010a-01b7-4839-ba1e-f3527777358e.png,,,,,,,,,,,,,White Sox @ Rays,2026-07-31T23:10:00Z,Fri 07:10pm,Tropicana Field,indoor,,,,,,,,,No,,,3.5,,,,0.00,,0,,0,,0,0,Push
Underdog,MLB,,Cole Carrigg,CF,,Batter Walks,0.5,,,7/31/2026,Fri 08:40pm,pre_game,MLB,standard,https://assets.underdogfantasy.com/player-images/mlb/20260612_19-88eda900-fcf7-4528-8f47-b2615afdab3a.png,,0.5,31,69,-7.74,69,Under,https://www.freeiconspng.com/img/1934,,No,1.40,10.9,Royals @ Rockies,2026-08-01T00:40:00Z,Fri 08:40pm,Coors Field,outdoor,,-223.00,-223,7/31/2026,0.31,,,,No,,,3.5,26.65530438,73.34,26.65530438,0.31,,0,,0.31,,0.31,0,Push
Underdog,MLB,,JJ Wetherholt,2B,,Batter Walks,0.5,,,7/31/2026,Fri 07:07pm,pre_game,MLB,standard,https://assets.underdogfantasy.com/player-images/mlb/20260324_03-6b8ee0e4-6279-46d3-936b-2f5d18e07e42.png,,0.5,44.83,55.17,-6.37,55.17,Under,https://www.freeiconspng.com/img/1934,,Yes,-1.40,7.6,Cardinals @ Blue Jays,2026-07-31T23:07:00Z,Fri 07:07pm,Rogers Centre,retractable,,-123.00,-123,7/31/2026,0.4483,,,,No,,,3.5,36.12869586,63.87,36.12869586,0.45,,0,,0.45,,0.45,0,Push
Underdog,MLB,,Blaze Jordan,3B,,Batter Walks,0.5,,,7/31/2026,Fri 07:07pm,pre_game,MLB,standard,https://assets.underdogfantasy.com/player-images/mlb/20260618_16-83300129-34c7-42d4-bd6f-26f674b591e1.png,,0.5,25.7,74.3,-8.31,74.3,Under,https://www.freeiconspng.com/img/1934,,Yes,-1.40,7.6,Cardinals @ Blue Jays,2026-07-31T23:07:00Z,Fri 07:07pm,Rogers Centre,retractable,,-289.00,-289,7/31/2026,0.257,,,,No,,,3.5,22.66317862,77.34,22.66317862,0.26,,0,,0.26,,0.26,0,Push
Underdog,MLB,,TJ Rumfield,1B,,Batter Walks,0.5,,,7/31/2026,Fri 08:40pm,pre_game,MLB,standard,https://assets.underdogfantasy.com/player-images/mlb/20260329_17-93dd8717-b9f4-495b-954b-8bc6b6bcf6e2.png,,0.5,32.56,67.44,-7.87,67.44,Under,https://www.freeiconspng.com/img/1934,,No,1.40,10.9,Royals @ Rockies,2026-08-01T00:40:00Z,Fri 08:40pm,Coors Field,outdoor,,-207.00,-207,7/31/2026,0.3256,,,,No,,,3.5,27.79060327,72.21,27.79060327,0.33,,0,,0.33,,0.33,0,Push
Underdog,MLB,,Colt Emerson,SS,,Stolen Bases,0.5,,,7/30/2026,Thu 10:10pm,pre_game,MLB,standard,https://assets.underdogfantasy.com/player-images/mlb/20260518_18-43f35706-6e0a-4e0f-9f70-e1b95a3f9386.png,,0.5,9.69,90.31,-3.15,90.31,Under,https://www.freeiconspng.com/img/1934,2026-07-31T02:11:00Z,Yes,-1.50,8.7,Mariners @ Dodgers,2026-07-31T02:10:00Z,Thu 10:10pm,UNIQLO Field at Dodger Stadium,outdoor,MLB Network,-932.00,-932,7/30/2026,0.0969,,,,No,LAD,4.01,1.81,25.80326207,74.20,25.80326207,0.10,29,-0.0152,under,0.1,0.081696,0.23,0.5,Best Bet
Underdog,MLB,,Cole Carrigg,CF,,Stolen Bases,0.5,,,7/31/2026,Fri 08:40pm,pre_game,MLB,standard,https://assets.underdogfantasy.com/player-images/mlb/20260612_19-88eda900-fcf7-4528-8f47-b2615afdab3a.png,,0.5,6.47,93.53,0.07,93.53,Under,https://www.freeiconspng.com/img/1934,,No,1.40,10.9,Royals @ Rockies,2026-08-01T00:40:00Z,Fri 08:40pm,Coors Field,outdoor,,"-1,446.00",-1446,7/31/2026,0.0647,,,,No,,,3.5,24.59902651,75.40,24.59902651,0.06,,0,,0.06,,0.21,0.5,Push
Underdog,MLB,,Grant McCray,CF,,Stolen Bases,0.5,,,7/30/2026,Thu 09:40pm,pre_game,MLB,standard,https://assets.underdogfantasy.com/player-images/mlb/20260323_23-61d6bbe5-5933-44ee-97a3-980bcdfbd152.png,,0.5,12.64,87.36,-6.76,87.36,Under,https://www.freeiconspng.com/img/1934,2026-07-31T01:41:00Z,Yes,-1.50,8.3,Giants @ Padres,2026-07-31T01:40:00Z,Thu 09:40pm,Petco Park,outdoor,,-691.00,-691,7/30/2026,0.1264,,,,No,SD,4.14,2.01,26.88963228,73.11,26.88963228,0.13,,0,,0.13,,0.25,0.5,Push
Underdog,MLB,,Jase Bowen,RF,,Stolen Bases,0.5,,,7/30/2026,Thu 09:40pm,pre_game,MLB,standard,https://assets.underdogfantasy.com/player-images/mlb/20260722_11-dfd1273d-395a-4438-9a5e-5d6b87c393e9.png,,0.5,21.71,78.29,-5.04,78.29,Under,https://www.freeiconspng.com/img/1934,2026-07-31T01:41:00Z,Yes,-1.50,8.3,Giants @ Padres,2026-07-31T01:40:00Z,Thu 09:40pm,Petco Park,outdoor,,-361.00,-361,7/30/2026,0.2171,,,,No,SF,4.52,1.92,30.13113095,69.87,30.13113095,0.22,,0,,0.22,,0.31,0.5,Push
Underdog,MLB,,JJ Wetherholt,2B,,Stolen Bases,0.5,,,7/31/2026,Fri 07:07pm,pre_game,MLB,standard,https://assets.underdogfantasy.com/player-images/mlb/20260324_03-6b8ee0e4-6279-46d3-936b-2f5d18e07e42.png,,0.5,16.15,83.85,0.52,83.85,Under,https://www.freeiconspng.com/img/1934,,Yes,-1.40,7.6,Cardinals @ Blue Jays,2026-07-31T23:07:00Z,Fri 07:07pm,Rogers Centre,retractable,,-519.00,-519,7/31/2026,0.1615,,,,No,,,3.5,28.16152572,71.84,28.16152572,0.16,,0,,0.16,,0.27,0.5,Push
Underdog,MLB,,Richie Palacios,2B,,Stolen Bases,0.5,,,7/31/2026,Fri 07:10pm,pre_game,MLB,standard,https://assets.underdogfantasy.com/player-images/mlb/20260323_23-24887442-7de5-4d3d-ab41-3a95e68828ec.png,,0.5,14.82,85.18,0.42,85.18,Under,https://www.freeiconspng.com/img/1934,,Yes,-1.40,8.1,White Sox @ Rays,2026-07-31T23:10:00Z,Fri 07:10pm,Tropicana Field,indoor,,-575.00,-575,7/31/2026,0.1482,,,,No,,,3.5,27.6822079,72.32,27.6822079,0.15,,0,,0.15,,0.27,0.5,Push
Underdog,MLB,,Sam Antonacci,LF,,Stolen Bases,0.5,,,7/31/2026,Fri 07:10pm,pre_game,MLB,standard,https://assets.underdogfantasy.com/player-images/mlb/20260424_14-3851010a-01b7-4839-ba1e-f3527777358e.png,,,,,,,,,,,,,White Sox @ Rays,2026-07-31T23:10:00Z,Fri 07:10pm,Tropicana Field,indoor,,,,,,,,,No,,,3.5,,,,0.00,,0,,0,,0.5,0.5,Push
Underdog,MLB,,Victor Mesa,RF,,Stolen Bases,0.5,,,7/31/2026,Fri 07:10pm,pre_game,MLB,standard,https://assets.underdogfantasy.com/player-images/mlb/20260323_23-4fe260a9-a32f-4137-8df2-b48b046b543b.png,,0.5,15.48,84.52,0.49,84.52,Under,https://www.freeiconspng.com/img/1934,,Yes,-1.40,8.1,White Sox @ Rays,2026-07-31T23:10:00Z,Fri 07:10pm,Tropicana Field,indoor,,-546.00,-546,7/31/2026,0.1548,,,,No,,,3.5,27.92046328,72.08,27.92046328,0.15,,0,,0.15,,0.27,0.5,Push
Underdog,MLB,,Andrew Velazquez,SS,,Stolen Bases,0.5,,,7/31/2026,Fri 08:40pm,pre_game,MLB,standard,https://assets.underdogfantasy.com/player-images/mlb/20260323_23-8795cd8e-0a6d-4207-b0b9-ccedd1822c13.png,,0.5,17.31,82.69,0.05,82.69,Under,https://www.freeiconspng.com/img/1934,,No,1.40,10.9,Royals @ Rockies,2026-08-01T00:40:00Z,Fri 08:40pm,Coors Field,outdoor,,-478.00,-478,7/31/2026,0.1731,,,,No,,,3.5,28.57698288,71.42,28.57698288,0.17,,0,,0.17,,0.28,0.5,Push
Underdog,MLB,,Nathan Church,CF,,Stolen Bases,0.5,,,7/31/2026,Fri 07:07pm,pre_game,MLB,standard,https://assets.underdogfantasy.com/player-images/mlb/20260323_23-9cc101f1-932b-4190-af09-d8fc8d90d00e.png,,0.5,8.59,91.41,0.5,91.41,Under,https://www.freeiconspng.com/img/1934,,Yes,-1.40,7.6,Cardinals @ Blue Jays,2026-07-31T23:07:00Z,Fri 07:07pm,Rogers Centre,retractable,,"-1,064.00",-1064,7/31/2026,0.0859,,,,No,,,3.5,25.39405573,74.61,25.39405573,0.09,,0,,0.09,,0.22,0.5,Push
Underdog,MLB,,Mason Barnett,SP,,1st Inn. Strikeouts,0.5,,,7/30/2026,Thu 09:40pm,pre_game,MLB,standard,https://assets.underdogfantasy.com/player-images/mlb/20260730_12-3937b4a0-cea7-4377-afc5-3e933a77ebf1.png,,,,,,,,,,,,,Red Sox @ Athletics,2026-07-31T01:40:00Z,Thu 09:40pm,Sutter Health Park,outdoor,NBCS-CA,,,,,,,,No,,,5,,,,0.00,,0,,0,,0,0,Push
Underdog,MLB,,Mason Barnett,SP,,1st Inn. Runs Allowed,0.5,,,7/30/2026,Thu 09:40pm,pre_game,MLB,standard,https://assets.underdogfantasy.com/player-images/mlb/20260730_12-3937b4a0-cea7-4377-afc5-3e933a77ebf1.png,,,,,,,,,,,,,Red Sox @ Athletics,2026-07-31T01:40:00Z,Thu 09:40pm,Sutter Health Park,outdoor,NBCS-CA,,,,,,,,No,,,5,,,,0.00,,0,,0,,0,0,Push
Underdog,MLB,,Mason Barnett,SP,,1st Inn. Pitch Count,19.5,,,7/30/2026,Thu 09:40pm,pre_game,MLB,standard,https://assets.underdogfantasy.com/player-images/mlb/20260730_12-3937b4a0-cea7-4377-afc5-3e933a77ebf1.png,,,,,,,,,,,,,Red Sox @ Athletics,2026-07-31T01:40:00Z,Thu 09:40pm,Sutter Health Park,outdoor,NBCS-CA,,,,,,,,No,,,5,,,,0.00,,0,,0,,0,0,Push
Underdog,MLB,,Mason Barnett,SP,,1st Inn. Batters Faced,4.5,,,7/30/2026,Thu 09:40pm,pre_game,MLB,standard,https://assets.underdogfantasy.com/player-images/mlb/20260730_12-3937b4a0-cea7-4377-afc5-3e933a77ebf1.png,,,,,,,,,,,,,Red Sox @ Athletics,2026-07-31T01:40:00Z,Thu 09:40pm,Sutter Health Park,outdoor,NBCS-CA,,,,,,,,No,,,5,,,,0.00,,0,,0,,0,0,Push
Underdog,MLB,,Mason Barnett,SP,,1st Inn. Hits Allowed,0.5,,,7/30/2026,Thu 09:40pm,pre_game,MLB,standard,https://assets.underdogfantasy.com/player-images/mlb/20260730_12-3937b4a0-cea7-4377-afc5-3e933a77ebf1.png,,,,,,,,,,,,,Red Sox @ Athletics,2026-07-31T01:40:00Z,Thu 09:40pm,Sutter Health Park,outdoor,NBCS-CA,,,,,,,,No,,,5,,,,0.00,,0,,0,,0,0,Push